source_player_id,player_name,birth_date,country,season,league,role,age,sample_size,k_pct,bb_pct,iso,contact_pct,chase_pct,avg_fastball_velocity,zone_pct,sprint_speed,biomech_score,player_id,match_method,country_std,performance_index,position,signing_bonus_usd,country_std_canonical,overall_future_value,position_group,age_band,bonus_tier,next_season_index,next_season,positive_outcome
INT-0001,Andres Kim,1999-09-06,Venezuela,2022,Dominican Summer League,Position Player,23,578,0.2333528130387795,0.0767539884793553,0.0634881942224137,0.6986275558217164,0.2949893258948223,,,25.939427426202837,56.72237543047011,INT-0001,source_id,Venezuela,-0.22189128125043278,OF,22000.0,Venezuela,30,OF,23+,Under $100K,-0.9222309718429036,2023.0,0.0
INT-0001,Andres Kim,1999-09-06,VZ,2023,Dominican Summer League,Position Player,24,274,0.2460816527815817,0.0730438834646613,0.0297404540756788,0.7299867759983303,0.2946356721112912,,,24.530104849543427,42.16426280855816,INT-0001,source_id,Venezuela,-0.9222309718429036,OF,22000.0,Venezuela,30,OF,23+,Under $100K,-0.5266400186562147,2024.0,0.0
INT-0001,Andres Kim,1999-09-06,Venezuela,2024,Dominican Summer League,Position Player,25,421,0.1962100124943129,0.1114550993670718,0.0247721773065777,0.7168821533195968,0.2979417812061154,,,26.8287575395986,49.9252744418322,INT-0001,source_id,Venezuela,-0.5266400186562147,OF,22000.0,Venezuela,30,OF,23+,Under $100K,-0.2314125592048048,2025.0,0.0
INT-0001,Andres Kim,1999-09-06,Venezuela,2025,Complex League,Position Player,26,583,0.188336240726396,0.0954803186278036,0.0532124878867402,0.7576848602472661,0.2501219423247923,,,25.939654889201023,46.34664641643653,INT-0001,source_id,Venezuela,-0.2314125592048048,OF,22000.0,Venezuela,30,OF,23+,Under $100K,,,
INT-0002,JI-HO SATO,2003-03-03,Cuba,2022,Cuban National Series,Position Player,19,155,0.1935115635144112,0.084337324974521,0.072265461174923,0.7338148020155033,0.2502865219000976,,,25.04127301083677,37.901852133572994,INT-0002,source_id,Cuba,-0.2892863122810414,C,25000.0,Cuba,35,C,19-20,Under $100K,,2024.0,
INT-0002,Ji-ho Sato,2003-03-03,Cuba,2024,Independent,Position Player,21,324,0.2408535902112318,0.1321581221319397,0.0801878897950434,0.7299506788615716,0.2150709559030894,,,25.80138860417163,48.89876559630276,INT-0002,source_id,Cuba,0.02703496574807665,C,25000.0,Cuba,35,C,21-22,Under $100K,0.3959240737921006,2025.0,1.0
INT-0002,Ji-ho Sato,2003-03-03,Cuba,2025,Cuban National Series,Position Player,22,309,0.218184569912486,0.0986491100070102,0.1356316223401978,0.7882131462694876,0.230610041645062,,,25.02781483636356,47.14288911840734,INT-0002,source_id,Cuba,0.3959240737921006,C,25000.0,Cuba,35,C,21-22,Under $100K,,,
INT-0003,Haruto Kim,2003-01-15,Dominican Republic,2022,Complex League,Position Player,19,315,0.1916750495250727,0.123695717915608,0.1465191919960026,0.7852437141077044,0.289895078629117,,,25.749735560941623,45.22697684433347,INT-0003,source_id,Dominican Republic,0.5335065907797528,C,55000.0,Dominican Republic,45,C,19-20,Under $100K,0.9635462175229267,2023.0,1.0
INT-0003,Haruto Kim,2003-01-15,Dominican Republic,2023,Complex League,Position Player,20,367,0.2136567005727344,0.0787895457308719,0.1358378669869989,0.7880388172191506,0.2298688934706661,,,27.22437766158053,46.85771670547927,INT-0003,source_id,Dominican Republic,0.9635462175229267,C,55000.0,Dominican Republic,45,C,19-20,Under $100K,0.6004453792034449,2024.0,1.0
INT-0003,Haruto Kim,2003-01-15,Dominican Republic,2024,Dominican Summer League,Position Player,21,318,0.2000398092143735,0.1015455908864539,0.1164681044072663,0.8272793309346215,0.2767101128046456,,,26.01091179379705,45.35309319872975,INT-0003,source_id,Dominican Republic,0.6004453792034449,C,55000.0,Dominican Republic,45,C,21-22,Under $100K,0.5055041412198054,2025.0,1.0
INT-0003,Haruto Kim,2003-01-15,Dominican Republic,2025,Complex League,Position Player,22,486,0.1440907852111198,0.0901641944322983,0.1608578285466626,0.8059060795440974,0.2808835717415577,,,25.24044804746175,49.54918281703943,INT-0003,source_id,Dominican Republic,0.5055041412198054,C,55000.0,Dominican Republic,45,C,21-22,Under $100K,,,
INT-0004,Luis Estrada,2004-09-26,Venezuela,2023,Dominican Summer League,Pitcher,19,279,0.1981480521901939,0.1075305756542915,,,,89.77422846842758,0.4739096485329436,,48.90334971532286,INT-0004,source_id,Venezuela,-0.006888439714840162,RHP,99000.0,Venezuela,40,Pitcher,19-20,Under $100K,0.05686019225273923,2024.0,0.0
INT-0004,Luis Estrada,2004-09-26,VZ,2024,Dominican Summer League,Pitcher,20,188,0.2538081860525243,0.1493581447266561,,,,92.7803689064054,0.4566740631998572,,51.147153415498416,INT-0004,source_id,Venezuela,0.05686019225273923,RHP,99000.0,Venezuela,40,Pitcher,19-20,Under $100K,0.21116909102574138,2025.0,0.0
INT-0004,Luis Estrada,2004-09-26,Venezuela,2025,Dominican Summer League,Pitcher,21,444,0.2781853204457123,0.1361101126318395,,,,91.73177038606592,0.467036248045998,,60.72088870114665,INT-0004,source_id,Venezuela,0.21116909102574138,RHP,99000.0,Venezuela,40,Pitcher,21-22,Under $100K,,,
INT-0005,Seong-hyun Garcia,2006-08-13,Dominican Republic,2024,Dominican Summer League,Position Player,18,251,0.217844320083842,0.051218259031463,0.0727528566574085,0.6941222225673965,0.2942525980451289,,,25.90145963876383,44.04433143242957,INT-0005,source_id,Dominican Republic,-0.6968903315538899,OF,38000.0,Dominican Republic,40,OF,18 and under,Under $100K,0.0011484460129966706,2025.0,0.0
INT-0005,Seong-hyun Garcia,2006-08-13,Dominican Republic,2025,Dominican Summer League,Position Player,19,515,0.2281449706526221,0.0794204639441797,0.1884711822993761,0.7233007354112891,0.2881785247408803,,,25.375952168319923,45.78986275168742,INT-0005,source_id,Dominican Republic,0.0011484460129966706,OF,38000.0,Dominican Republic,40,OF,19-20,Under $100K,,,
,Yun-seo Vargas,2004-07-03,South Korea,2022,KBO Futures,Position Player,18,172,0.24458642755565,0.0673224600101187,0.1365716777193221,0.7228072445791441,0.3299072880025788,,,25.565630937971413,48.29670168517473,INT-0006,name_birth_date,South Korea,-0.10179286195953456,IF,216000.0,South Korea,50,IF,18 and under,$100K-$499K,,2024.0,
INT-0006,Yun-seo Vargas,2004-07-03,South Korea,2024,Independent,Position Player,20,250,0.2353681574504913,0.0478660973989666,0.1504813636079408,0.7283489273725774,0.2939846280188901,,,26.55046284434357,41.10219416613909,INT-0006,source_id,South Korea,-0.03789502001044803,IF,216000.0,South Korea,50,IF,19-20,$100K-$499K,-0.23186745570724926,2025.0,0.0
INT-0006,Yun-seo Vargas,2004-07-03,South Korea,2025,KBO Futures,Position Player,21,149,0.2599100602933049,0.0966445619680732,0.168592138581353,0.7285165468552925,0.3188066932921372,,,25.617275956975043,43.52983546409118,INT-0006,source_id,South Korea,-0.23186745570724926,IF,216000.0,South Korea,50,IF,21-22,$100K-$499K,,,
INT-0007,Seong-hyun Benitez,2002-08-04,Dominican Republic,2023,Complex League,Pitcher,21,531,0.1897999516333314,0.1230867947113384,,,,89.37291809572848,0.5105335673604311,,35.872156268759525,INT-0007,source_id,Dominican Republic,-0.2651394132949409,LHP,97000.0,Dominican Republic,45,Pitcher,21-22,Under $100K,0.5968162311394432,2024.0,1.0
INT-0007,Seong-hyun Benitez,2002-08-04,Dominican Rep.,2024,Dominican Summer League,Pitcher,22,370,0.246083566788829,0.0712640244508819,,,,89.5264250428867,0.5248133384294908,,53.27851613573911,INT-0007,source_id,Dominican Republic,0.5968162311394432,LHP,97000.0,Dominican Republic,45,Pitcher,21-22,Under $100K,0.30917877475716243,2025.0,0.0
INT-0007,Seong-hyun Benitez,2002-08-04,D.R.,2025,Dominican Summer League,Pitcher,23,606,0.2493192284647105,0.0953026155000052,,,,90.61303881090936,0.5273913522708066,,47.32367683478913,INT-0007,source_id,Dominican Republic,0.30917877475716243,LHP,97000.0,Dominican Republic,45,Pitcher,23+,Under $100K,,2022.0,
INT-0008,Carlos Castillo,2005-02-25,Japan,2023,Industrial League,Position Player,18,197,0.227053818921103,0.0695666281656843,0.1105075230278905,0.7757350853767669,0.2952177526932033,,,25.87636036528978,56.84972230852575,INT-0008,source_id,Japan,0.423773567115277,C,79000.0,Japan,45,C,18 and under,Under $100K,0.5712435865000425,2024.0,1.0
INT-0008,Carlos Castillo,2005-02-25,Japan,2024,NPB Farm,Position Player,19,287,0.258837418543929,0.0603828316029666,0.1428273385350452,0.7965239917677754,0.2824313320183473,,,25.405662408156974,53.7834910497293,INT-0008,source_id,Japan,0.5712435865000425,C,79000.0,Japan,45,C,19-20,Under $100K,0.32910150279318373,2025.0,0.0
INT-0008,Carlos Castillo,2005-02-25,JPN,2025,Industrial League,Position Player,20,327,0.2512916239227177,0.1064247193043469,0.1631865594355263,0.7188721603993115,0.2472980012775051,,,26.87892190096717,49.475725382117815,INT-0008,source_id,Japan,0.32910150279318373,C,79000.0,Japan,45,C,19-20,Under $100K,,,
INT-0009,Omar Castillo,2002-11-14,Dominican Republic,2022,Complex League,Position Player,20,461,0.2201105497434496,0.1115135211296391,0.1230111808255906,0.7643221223194564,0.2527621086097803,,,25.01889927585192,44.595502789862856,INT-0009,source_id,Dominican Republic,0.31184331289851497,OF,81000.0,Dominican Republic,40,OF,19-20,Under $100K,0.6765815321233151,2023.0,1.0
,Omar Castillo,2002-11-14,Dominican Republic,2023,Complex League,Position Player,21,397,0.2039996687504518,0.076975605876888,0.1919180519645567,0.7672571641367825,0.2761853264315417,,,25.9746799145802,45.75191090070766,INT-0009,name_birth_date,Dominican Republic,0.6765815321233151,OF,81000.0,Dominican Republic,40,OF,21-22,Under $100K,0.22026590543092056,2024.0,0.0
INT-0009,Omar Castillo,2002-11-14,D.R.,2024,Complex League,Position Player,22,115,0.1714363577963062,0.1200336924495368,0.0876546675782101,0.7805628773984177,0.2207522298120923,,,24.38843057022997,49.62134424477416,INT-0009,source_id,Dominican Republic,0.22026590543092056,OF,81000.0,Dominican Republic,40,OF,21-22,Under $100K,0.7194166974760237,2025.0,1.0
INT-0009,Omar Castillo,2002-11-14,Dominican Republic,2025,Dominican Summer League,Position Player,23,451,0.1845863454237065,0.1036434191738869,0.1559340295960583,0.8070339079405243,0.2483085844780641,,,25.737204338371832,49.97296226533128,INT-0009,source_id,Dominican Republic,0.7194166974760237,OF,81000.0,Dominican Republic,40,OF,23+,Under $100K,,,
INT-0010,  Luis Han ,2005-04-22,Venezuela,2023,Complex League,Pitcher,18,510,0.2155964765791452,0.1396224317008417,,,,89.81521597706424,0.4241874095846282,,58.69190330485786,INT-0010,source_id,Venezuela,-0.22444431673495197,RHP,25000.0,Venezuela,35,Pitcher,18 and under,Under $100K,-0.7206046758072042,2024.0,0.0
INT-0010,LUIS HAN,2005-04-22,Venezuela,2024,Complex League,Pitcher,19,377,0.1970664438479089,0.1621715430941425,,,,87.41223547307729,0.4619715166076357,,56.82935108512093,INT-0010,source_id,Venezuela,-0.7206046758072042,RHP,25000.0,Venezuela,35,Pitcher,19-20,Under $100K,-0.600379793708664,2025.0,0.0
,Luis Han,2005-04-22,Venezuela,2025,Complex League,Pitcher,20,219,0.2009770323451972,0.1216917971186833,,,,89.4452272541399,0.4456269249639131,,47.21441118494775,INT-0010,name_birth_date,Venezuela,-0.600379793708664,RHP,25000.0,Venezuela,35,Pitcher,19-20,Under $100K,,,
INT-0011,Carlos Sato,2006-01-05,Dominican Republic,2023,Dominican Summer League,Position Player,17,473,0.243598551859915,0.0748726388210409,0.1955269994990974,0.7322290058025508,0.281313162079173,,,27.48419336724174,52.523872117881126,INT-0011,source_id,Dominican Republic,0.829339733928485,C,43000.0,Dominican Republic,55,C,18 and under,Under $100K,0.543367406798434,2024.0,1.0
INT-0011,Carlos Sato,2006-01-05,Dominican Republic,2024,Complex League,Position Player,18,463,0.2163418400756685,0.0912996442211887,0.1910969415767962,0.7327520467776497,0.3090032247118653,,,26.73439559614071,59.7584116630906,INT-0011,source_id,Dominican Republic,0.543367406798434,C,43000.0,Dominican Republic,55,C,18 and under,Under $100K,1.210012730025094,2025.0,1.0
INT-0011,Carlos Sato,2006-01-05,Dominican Republic,2025,Dominican Summer League,Position Player,19,125,0.1930105529640918,0.0954814440303522,0.2241729680758097,0.7597649014615976,0.2727964229324295,,,27.66866189142833,61.38892995182277,INT-0011,source_id,Dominican Republic,1.210012730025094,C,43000.0,Dominican Republic,55,C,19-20,Under $100K,,,
INT-0012,Luis Navarro,2000-12-12,Mexico,2022,Mexican League,Pitcher,22,356,0.1978770503123449,0.0825275886117721,,,,91.68915726698678,0.4730998868923582,,62.57350136339224,INT-0012,source_id,Mexico,0.6559396271618663,RHP,779000.0,Mexico,50,Pitcher,21-22,$500K-$1.49M,0.9376334670777187,2023.0,1.0
INT-0012,Luis Navarro,2000-12-12,Mexico,2023,Mexican Pacific League,Pitcher,23,375,0.2688548081115169,0.0872997039823403,,,,90.66168382009,0.4899176340180335,,63.11635865266794,INT-0012,source_id,Mexico,0.9376334670777187,RHP,779000.0,Mexico,50,Pitcher,23+,$500K-$1.49M,0.7416182326033024,2024.0,1.0
INT-0012,LUIS NAVARRO,2000-12-12,Mexico,2024,Mexican League,Pitcher,24,568,0.2130926661031689,0.0821781620902053,,,,90.58270320455122,0.5084434478949398,,77.31219258051172,INT-0012,source_id,Mexico,0.7416182326033024,RHP,779000.0,Mexico,50,Pitcher,23+,$500K-$1.49M,0.7587156304194932,2025.0,1.0
,Luis Navarro,2000-12-12,Mexico,2025,Mexican Pacific League,Pitcher,25,588,0.256776465543112,0.0824607733470322,,,,91.00996513443565,0.5061378618709748,,70.35906818238821,INT-0012,name_birth_date,Mexico,0.7587156304194932,RHP,779000.0,Mexico,50,Pitcher,23+,$500K-$1.49M,,,
INT-0013,Ji-ho Jimenez,2006-06-08,Venezuela,2022,Complex League,Position Player,16,217,0.1986822795419822,0.0836316090351154,0.1196464138034408,0.7228643906148833,0.3226715481604805,,,26.179898349814795,51.57296892656459,INT-0013,source_id,Venezuela,0.017110025108568704,IF,58000.0,Venezuela,50,IF,18 and under,Under $100K,-0.036479901255296376,2023.0,0.0
INT-0013,Ji-ho Jimenez,2006-06-08,Venezuela,2023,Dominican Summer League,Position Player,17,287,0.2450071043584833,0.0716998110957184,0.1653149526462508,0.7276531789200121,0.2924309208038347,,,25.710675161963437,38.97786877082845,INT-0013,source_id,Venezuela,-0.036479901255296376,IF,58000.0,Venezuela,50,IF,18 and under,Under $100K,0.36659464299348593,2024.0,0.0
INT-0013,Ji-ho Jimenez,2006-06-08,Venezuela,2024,Dominican Summer League,Position Player,18,476,0.2027298773565045,0.0533369494322334,0.1819588511898572,0.7579037891350541,0.2818741358992616,,,25.126955261495542,50.05559900813692,INT-0013,source_id,Venezuela,0.36659464299348593,IF,58000.0,Venezuela,50,IF,18 and under,Under $100K,0.1649994260782327,2025.0,0.0
INT-0013,JI-HO JIMENEZ,2006-06-08,Venezuela,2025,Dominican Summer League,Position Player,19,432,0.2083771255194548,0.1191249705405128,0.1877454954791725,0.7589010769480043,0.272782412885983,,,25.485450546405144,39.11888910360474,INT-0013,source_id,Venezuela,0.1649994260782327,IF,58000.0,Venezuela,50,IF,19-20,Under $100K,,,
INT-0014,Esteban Tanaka,2001-02-17,Japan,2022,NPB Farm,Position Player,21,121,0.2252601672288129,0.0595703788799044,0.0337563679741655,0.7501598130063594,0.3431239570654447,,,23.98806893163341,36.6293833505141,INT-0014,source_id,Japan,-0.9601652427932323,IF,135000.0,Japan,40,IF,21-22,$100K-$499K,-0.6758624081207765,2023.0,0.0
INT-0014,Esteban Tanaka,2001-02-17,Japan,2023,NPB Farm,Position Player,22,412,0.2704983271273866,0.0606783746147283,0.1065065633266342,0.7018612619196404,0.3093089894264246,,,25.816970422257818,36.49320365841248,INT-0014,source_id,Japan,-0.6758624081207765,IF,135000.0,Japan,40,IF,21-22,$100K-$499K,-0.6604566154703516,2024.0,0.0
INT-0014,Esteban Tanaka,2001-02-17,Japan,2024,NPB Farm,Position Player,23,92,0.2240804135158139,0.0774530639431841,0.0912363837425427,0.7052617854634111,0.2862008389469802,,,24.596531573046352,44.8357719813607,INT-0014,source_id,Japan,-0.6604566154703516,IF,135000.0,Japan,40,IF,23+,$100K-$499K,-0.9731034488084207,2025.0,0.0
INT-0014,Esteban Tanaka,2001-02-17,Japan,2025,NPB Farm,Position Player,24,147,0.2342966144887418,0.0800102431101913,0.0946853076064324,0.6799315232062376,0.34242102642571,,,25.331969303800328,49.25028258187878,INT-0014,source_id,Japan,-0.9731034488084207,IF,135000.0,Japan,40,IF,23+,$100K-$499K,,,
INT-0015,Emilio Rojas,2007-04-27,Dominican Rep.,2025,Dominican Summer League,Position Player,18,303,0.2605509251755417,0.0949129604424853,0.1710844724433386,0.7377589763948876,0.2744664528915606,,,24.56732396130036,35.17571320980525,INT-0015,source_id,Dominican Republic,-0.3005875787862353,C,30000.0,Dominican Republic,45,C,18 and under,Under $100K,,,
INT-0016,Esteban Han,1999-10-10,Mexico,2022,Mexican Pacific League,Pitcher,23,377,0.2479225148702534,0.0674856790359216,,,,91.95779928318731,0.4901679766123921,,71.82579040270234,INT-0016,source_id,Mexico,1.3013707257603497,LHP,159000.0,Mexico,45,Pitcher,23+,$100K-$499K,1.197619022110789,2023.0,1.0
,Esteban Han,1999-10-10,Mexico,2023,Mexican Pacific League,Pitcher,24,106,0.2713429805753238,0.0544738901782282,,,,91.7406133492051,0.4607123286585798,,63.23258321173425,INT-0016,name_birth_date,Mexico,1.197619022110789,LHP,159000.0,Mexico,45,Pitcher,23+,$100K-$499K,0.693509317326386,2024.0,1.0
INT-0016,ESTEBAN HAN,1999-10-10,Mexico,2024,Mexican League,Pitcher,25,118,0.2426804937790436,0.0849184387027998,,,,90.63412261470567,0.5018723423291763,,66.1152991675443,INT-0016,source_id,Mexico,0.693509317326386,LHP,159000.0,Mexico,45,Pitcher,23+,$100K-$499K,0.7777671371366137,2025.0,1.0
INT-0016,Esteban Han,1999-10-10,Mexico,2025,Mexican Pacific League,Pitcher,26,384,0.2776148723976971,0.1049562506114055,,,,91.96883088662004,0.5218732621588081,,66.29853720417334,INT-0016,source_id,Mexico,0.7777671371366137,LHP,159000.0,Mexico,45,Pitcher,23+,$100K-$499K,,,
INT-0017,Alejandro Dominguez,2005-03-10,Cuba,2023,Independent,Pitcher,18,534,0.1239252768495684,0.1532462598163883,,,,87.73939566226773,0.4306730775550756,,57.7095893246685,INT-0017,source_id,Cuba,-1.046052126351302,RHP,19000.0,Cuba,35,Pitcher,18 and under,Under $100K,-0.7890246736808695,2024.0,0.0
INT-0017,Alejandro Dominguez,2005-03-10,Cuba,2024,Cuban National Series,Pitcher,19,372,0.1586157544145615,0.1249040672079985,,,,87.41246926149964,0.4546091578517297,,52.38153477757454,INT-0017,source_id,Cuba,-0.7890246736808695,RHP,19000.0,Cuba,35,Pitcher,19-20,Under $100K,-0.9214192757030628,2025.0,0.0
INT-0017,Alejandro Dominguez,2005-03-10,CUB,2025,Independent,Pitcher,20,608,0.1383610555052086,0.0999503476295189,,,,86.43542239179448,0.4667184507998695,,49.16136105966915,INT-0017,source_id,Cuba,-0.9214192757030628,RHP,19000.0,Cuba,35,Pitcher,19-20,Under $100K,,,
INT-0018,Diego Herrera,2007-02-09,Dominican Republic,2025,Dominican Summer League,Position Player,18,578,0.2976105615849421,0.0457592397991423,0.113379969690737,0.6820036528897142,0.3668531717767054,,,25.784685956758995,37.93454171019985,INT-0018,source_id,Dominican Republic,-1.1717875146936498,IF,24000.0,Dominican Republic,40,IF,18 and under,Under $100K,,,
INT-0019,Jorge Dominguez,2007-04-04,Colombia,2024,Complex League,Pitcher,17,332,0.1980110840972282,0.0825701219651888,,,,91.275595770091,0.5236628898957085,,47.96589122839744,INT-0019,source_id,Colombia,0.28468119960672406,LHP,51000.0,Colombia,45,Pitcher,18 and under,Under $100K,0.42400321643517624,2025.0,0.0
INT-0019,Jorge Dominguez,2007-04-04,Colombia,2025,Complex League,Pitcher,18,565,0.2452577675952923,0.0744849546650703,,,,90.68195491198772,0.5349162929269201,,43.26733902068942,INT-0019,source_id,Colombia,0.42400321643517624,LHP,51000.0,Colombia,45,Pitcher,18 and under,Under $100K,,,
INT-0020,DANIEL SATO,2005-06-01,Dominican Republic,2024,Complex League,Pitcher,19,226,0.2946126739557815,0.1526545523379733,,,,91.14269934815934,0.4484757592083874,,49.532617952276894,INT-0020,source_id,Dominican Republic,0.0790404716325371,RHP,76000.0,Dominican Republic,55,Pitcher,19-20,Under $100K,-0.035465042606523084,2025.0,0.0
INT-0020,Daniel Sato,2005-06-01,D.R.,2025,Dominican Summer League,Pitcher,20,485,0.229510083980402,0.0989960969290701,,,,94.08102568754732,0.4546988823238386,,34.67092001914415,INT-0020,source_id,Dominican Republic,-0.035465042606523084,RHP,76000.0,Dominican Republic,55,Pitcher,19-20,Under $100K,,,
INT-0021,Gabriel Park,2002-07-21,South Korea,2022,KBO Futures,Pitcher,20,323,0.1520794016523791,0.1272338417252692,,,,90.02542335362199,0.4886681599951324,,51.04445706050007,INT-0021,source_id,South Korea,-0.23690180892761742,RHP,10000.0,South Korea,40,Pitcher,19-20,Under $100K,-0.06933429206848606,2023.0,0.0
INT-0021,Gabriel Park,2002-07-21,South Korea,2023,KBO Futures,Pitcher,21,454,0.208620417568846,0.103610171580433,,,,88.73235088268714,0.4478917898556268,,52.19194120155061,INT-0021,source_id,South Korea,-0.06933429206848606,RHP,10000.0,South Korea,40,Pitcher,21-22,Under $100K,-0.4444493819752475,2024.0,0.0
INT-0021,Gabriel Park,2002-07-21,South Korea,2024,KBO Futures,Pitcher,22,552,0.1645351907867749,0.1208902042771087,,,,88.68907406708095,0.5001325228440704,,51.68276521158785,INT-0021,source_id,South Korea,-0.4444493819752475,RHP,10000.0,South Korea,40,Pitcher,21-22,Under $100K,-0.50715880036415,2025.0,0.0
INT-0021,Gabriel Park,2002-07-21,South Korea,2025,KBO Futures,Pitcher,23,324,0.1891759941978938,0.1226005134728766,,,,88.85046160482989,0.4846079398528535,,51.30954044558091,INT-0021,source_id,South Korea,-0.50715880036415,RHP,10000.0,South Korea,40,Pitcher,23+,Under $100K,,,
INT-0022,Ruben Nakamura,2006-01-13,Cuba,2024,Cuban National Series,Pitcher,18,338,0.1556376940706232,0.0656320934587424,,,,90.73548598344128,0.551864853104606,,43.3055009357845,INT-0022,source_id,Cuba,0.14056514113166663,RHP,64000.0,Cuba,45,Pitcher,18 and under,Under $100K,0.46743777990358193,2025.0,1.0
INT-0022,Ruben Nakamura,2006-01-13,Cuba,2025,Cuban National Series,Pitcher,19,170,0.2126818410389671,0.0758689740198951,,,,91.59589937186944,0.5659789159420011,,46.25816816875056,INT-0022,source_id,Cuba,0.46743777990358193,RHP,64000.0,Cuba,45,Pitcher,19-20,Under $100K,,,
INT-0023,Rafael Estrada,2005-01-06,Dominican Republic,2022,Dominican Summer League,Pitcher,17,353,0.1379846058945636,0.1198593361310283,,,,86.46559116790165,0.4709856690523031,,58.5896928468177,INT-0023,source_id,Dominican Republic,-0.5207670086138156,RHP,45000.0,Dominican Republic,40,Pitcher,18 and under,Under $100K,-0.03658538804895348,2023.0,0.0
INT-0023,Rafael Estrada,2005-01-06,Dominican Republic,2023,Dominican Summer League,Pitcher,18,406,0.0864781303804335,0.0745030223755129,,,,91.57335929147152,0.5020605149009194,,53.011801795862525,INT-0023,source_id,Dominican Republic,-0.03658538804895348,RHP,45000.0,Dominican Republic,40,Pitcher,18 and under,Under $100K,-0.47038567595409275,2024.0,0.0
INT-0023,Rafael Estrada,2005-01-06,Dominican Republic,2024,Dominican Summer League,Pitcher,19,150,0.1759176845476906,0.1027598265519551,,,,87.91990960424464,0.4669550256639027,,50.18218218277641,INT-0023,source_id,Dominican Republic,-0.47038567595409275,RHP,45000.0,Dominican Republic,40,Pitcher,19-20,Under $100K,-0.38192489206066993,2025.0,0.0
INT-0023,Rafael Estrada,2005-01-06,Dominican Republic,2025,Dominican Summer League,Pitcher,20,549,0.0946819545822782,0.0658418946515771,,,,88.65358126321436,0.4831522258668293,,67.01934993910456,INT-0023,source_id,Dominican Republic,-0.38192489206066993,RHP,45000.0,Dominican Republic,40,Pitcher,19-20,Under $100K,,,
INT-0024,Ji-ho Choi,2007-03-07,Dominican Republic,2023,Dominican Summer League,Pitcher,16,115,0.268743577806059,0.0842830317698294,,,,92.50807447230348,0.4737399229983203,,39.17240265648386,INT-0024,source_id,Dominican Republic,0.6930879006535036,RHP,80000.0,Dominican Republic,55,Pitcher,18 and under,Under $100K,0.41841164021114735,2024.0,1.0
INT-0024,Ji-ho Choi,2007-03-07,D.R.,2024,Complex League,Pitcher,17,89,0.2831683386271266,0.0829165504674502,,,,91.6321246924539,0.4445769805572493,,42.54250555474871,INT-0024,source_id,Dominican Republic,0.41841164021114735,RHP,80000.0,Dominican Republic,55,Pitcher,18 and under,Under $100K,0.14937816810026042,2025.0,0.0
INT-0024,Ji-ho Choi,2007-03-07,Dominican Republic,2025,Dominican Summer League,Pitcher,18,198,0.3184344760339674,0.1234863316028772,,,,92.28364291503097,0.4266277291724469,,42.544914280677446,INT-0024,source_id,Dominican Republic,0.14937816810026042,RHP,80000.0,Dominican Republic,55,Pitcher,18 and under,Under $100K,,,
INT-0025,REN DOMINGUEZ,2001-12-09,Cuba,2022,Independent,Position Player,21,351,0.2586611532308694,0.0665361604524835,0.0858913230299169,0.7716645180345183,0.3013682688148393,,,25.36116408211717,44.55565804583597,INT-0025,source_id,Cuba,0.01956837010620255,OF,67000.0,Cuba,45,OF,21-22,Under $100K,0.2762242995217468,2023.0,0.0
,Ren Dominguez,2001-12-09,Cuba,2023,Cuban National Series,Position Player,22,122,0.2183651832830839,0.0998769908619243,0.1421877850168202,0.7434446119608557,0.2754277202473013,,,25.68759458110017,49.90763603172876,INT-0025,name_birth_date,Cuba,0.2762242995217468,OF,67000.0,Cuba,45,OF,21-22,Under $100K,0.19324555803828658,2024.0,0.0
INT-0025,REN DOMINGUEZ,2001-12-09,Cuba,2024,Cuban National Series,Position Player,23,619,0.2154420248263651,0.0587207760817453,0.1490226667331265,0.7604447715375717,0.3035494137313518,,,26.04068438129149,46.79969568379662,INT-0025,source_id,Cuba,0.19324555803828658,OF,67000.0,Cuba,45,OF,23+,Under $100K,0.6338290843260603,2025.0,1.0
INT-0025,Ren Dominguez,2001-12-09,Cuba,2025,Independent,Position Player,24,179,0.2001166921774038,0.0797967508984093,0.2046049845844364,0.7695262184022539,0.275375497788887,,,25.953060512625463,49.75659173619075,INT-0025,source_id,Cuba,0.6338290843260603,OF,67000.0,Cuba,45,OF,23+,Under $100K,,,
INT-0026,Seong-hyun Ramirez,2001-04-02,Venezuela,2022,Complex League,Position Player,21,429,0.2600371707308452,0.0791129090347604,0.02,0.7463211785556289,0.2846185160190945,,,27.280438895797108,62.35993311754808,INT-0026,source_id,Venezuela,0.2905778108330406,IF,10000.0,Venezuela,30,IF,21-22,Under $100K,0.3068783146261087,2023.0,0.0
INT-0026,Seong-hyun Ramirez,2001-04-02,Venezuela,2023,Dominican Summer League,Position Player,22,126,0.2487957587103543,0.0987748109853639,0.0595433259661506,0.7369330432092603,0.2851451785024984,,,27.31376884646027,63.86693657268466,INT-0026,source_id,Venezuela,0.3068783146261087,IF,10000.0,Venezuela,30,IF,21-22,Under $100K,0.763545543798966,2024.0,1.0
INT-0026,Seong-hyun Ramirez,2001-04-02,Venezuela,2024,Dominican Summer League,Position Player,23,226,0.1770871621700591,0.1022119068099333,0.0776760528749158,0.7618315749911719,0.2473666433992028,,,28.542096451203435,61.65454717258668,INT-0026,source_id,Venezuela,0.763545543798966,IF,10000.0,Venezuela,30,IF,23+,Under $100K,0.8921829718440519,2025.0,1.0
INT-0026,Seong-hyun Ramirez,2001-04-02,Venezuela,2025,Complex League,Position Player,24,360,0.2867369397937649,0.0963728169473496,0.1328373778853247,0.7848417157226516,0.2874643502706525,,,26.738902919771405,70.43756976740464,INT-0026,source_id,Venezuela,0.8921829718440519,IF,10000.0,Venezuela,30,IF,23+,Under $100K,,,
INT-0027,Diego Tanaka,2005-11-24,Dominican Republic,2022,Complex League,Position Player,17,138,0.2205101806509646,0.095078257460999,0.1479135805578274,0.7588523122480787,0.2690894888707419,,,26.54625907862229,63.59424919410432,INT-0027,source_id,Dominican Republic,0.9812214885415531,OF,206000.0,Dominican Republic,60,OF,18 and under,$100K-$499K,0.7317895032537884,2023.0,1.0
INT-0027,Diego Tanaka,2005-11-24,DOM,2023,Complex League,Position Player,18,557,0.1846049342233585,0.0681235873921272,0.1643263016829213,0.7960071669404135,0.2999818383610195,,,26.273484984590223,48.83903588374565,INT-0027,source_id,Dominican Republic,0.7317895032537884,OF,206000.0,Dominican Republic,60,OF,18 and under,$100K-$499K,0.8837969819765406,2024.0,1.0
INT-0027,Diego Tanaka,2005-11-24,Dominican Republic,2024,Complex League,Position Player,19,115,0.2391771696024571,0.0838370855740576,0.156696421156132,0.7526087377506991,0.2942270017275575,,,27.38583051800149,69.70145789813978,INT-0027,source_id,Dominican Republic,0.8837969819765406,OF,206000.0,Dominican Republic,60,OF,19-20,$100K-$499K,0.656362149126403,2025.0,1.0
INT-0027,Diego Tanaka,2005-11-24,Dominican Republic,2025,Complex League,Position Player,20,275,0.2108777499999559,0.0941967567919646,0.1657754886271294,0.7570413195495141,0.274826037277845,,,27.50878018349776,53.48403891440576,INT-0027,source_id,Dominican Republic,0.656362149126403,OF,206000.0,Dominican Republic,60,OF,19-20,$100K-$499K,,,
INT-0028,Andres Lopez,2004-09-14,Japan,2023,NPB Farm,Pitcher,19,286,0.1796368331341353,0.110372580078742,,,,88.44485846637993,0.5182331770101852,,52.7548496464841,INT-0028,source_id,Japan,-0.012100166807615387,RHP,271000.0,Japan,40,Pitcher,19-20,$100K-$499K,-0.26085002121054096,2024.0,0.0
INT-0028,Andres Lopez,2004-09-14,Japan,2024,NPB Farm,Pitcher,20,233,0.1449122076562062,0.0603825141618821,,,,88.63591473315246,0.4644191459844232,,52.776213176776736,INT-0028,source_id,Japan,-0.26085002121054096,RHP,271000.0,Japan,40,Pitcher,19-20,$100K-$499K,0.31470533116796995,2025.0,0.0
INT-0028,Andres Lopez,2004-09-14,Japan,2025,Industrial League,Pitcher,21,165,0.1878706389855808,0.0483480230547832,,,,88.70484750394186,0.5092009316642826,,61.22783580848343,INT-0028,source_id,Japan,0.31470533116796995,RHP,271000.0,Japan,40,Pitcher,21-22,$100K-$499K,,,
,Omar Rojas,2003-10-27,Korea,2022,KBO Futures,Position Player,19,171,0.2901086451020888,0.0539633815594609,0.0713062036173069,0.7611132750018105,0.2626315065808838,,,24.608316054072034,37.62232631711279,INT-0029,name_birth_date,South Korea,-0.22404429918704521,IF,16000.0,South Korea,35,IF,19-20,Under $100K,-1.1258707072794873,2023.0,0.0
INT-0029,Omar Rojas,2003-10-27,Korea,2023,KBO Futures,Position Player,20,245,0.2119211058208164,0.0843310469763245,0.0557394837896679,0.7280046358026186,0.3482754921359942,,,25.088953875932663,34.76988592501511,INT-0029,source_id,South Korea,-1.1258707072794873,IF,16000.0,South Korea,35,IF,19-20,Under $100K,-0.8098021660321177,2024.0,0.0
INT-0029,Omar Rojas,2003-10-27,South Korea,2024,KBO Futures,Position Player,21,598,0.2426404026285144,0.093518315038225,0.056457532378917,0.7282866934360154,0.296398821628802,,,24.61834388999263,39.75568660344549,INT-0029,source_id,South Korea,-0.8098021660321177,IF,16000.0,South Korea,35,IF,21-22,Under $100K,-0.8951620424512162,2025.0,0.0
INT-0029,Omar Rojas,2003-10-27,South Korea,2025,KBO Futures,Position Player,22,519,0.2521638929210736,0.0967039361241255,0.0512664224025492,0.7197661265903184,0.2639188968799748,,,24.47110918448879,41.136070074416914,INT-0029,source_id,South Korea,-0.8951620424512162,IF,16000.0,South Korea,35,IF,21-22,Under $100K,,,
INT-0030,Adrian Vargas,2005-10-25,Venezuela,2024,Dominican Summer League,Position Player,19,281,0.2933456963055519,0.0556276935837679,0.1779698452316558,0.7310750505224648,0.3764061557445311,,,26.03740685670961,40.46078694811315,INT-0030,source_id,Venezuela,-0.32507473881846155,IF,323000.0,Venezuela,50,IF,19-20,$100K-$499K,-0.6562550454030042,2025.0,0.0
,ADRIAN VARGAS,2005-10-25,Venezuela,2025,Complex League,Position Player,20,363,0.2588732620937513,0.0758333913147849,0.1828482005411024,0.6406922644113251,0.3392676706310801,,,25.70990145619701,50.575134405649855,INT-0030,name_birth_date,Venezuela,-0.6562550454030042,IF,323000.0,Venezuela,50,IF,19-20,$100K-$499K,,,
INT-0031,Kaito Perez,2005-05-20,South Korea,2024,KBO Futures,Position Player,19,161,0.2613054157716905,0.1011838815471072,0.1345058543086196,0.7741512490115439,0.3204676949618422,,,25.753682462370318,38.53668043841659,INT-0031,source_id,South Korea,-0.06431888183061862,IF,63000.0,South Korea,45,IF,19-20,Under $100K,-0.42489308654432084,2025.0,0.0
INT-0031,Kaito Perez,2005-05-20,South Korea,2025,Independent,Position Player,20,144,0.1859649418969954,0.0963792180016736,0.0975290527301634,0.7515237837026503,0.276171940301848,,,25.13745162493744,39.74868851825962,INT-0031,source_id,South Korea,-0.42489308654432084,IF,63000.0,South Korea,45,IF,19-20,Under $100K,,,
INT-0032,Nicolas Ramirez,2000-07-26,Venezuela,2022,Dominican Summer League,Position Player,22,356,0.2399954000051891,0.1070821781974371,0.0930370733368282,0.749173658071328,0.2358745700701209,,,26.73915721611811,60.41652973298955,INT-0032,source_id,Venezuela,0.754054741189685,IF,202000.0,Venezuela,45,IF,21-22,$100K-$499K,-0.03855142311826114,2023.0,0.0
INT-0032,Nicolas Ramirez,2000-07-26,Venezuela,2023,Dominican Summer League,Position Player,23,160,0.2290547799826421,0.0965909341685147,0.1126969095772407,0.7403694889470913,0.2797294271898438,,,25.74298823531549,44.98522277647024,INT-0032,source_id,Venezuela,-0.03855142311826114,IF,202000.0,Venezuela,45,IF,23+,$100K-$499K,0.2590303295625738,2024.0,0.0
INT-0032,Nicolas Ramirez,2000-07-26,Venezuela,2024,Complex League,Position Player,24,236,0.1394200843142836,0.0887171449603973,0.1157737708047047,0.7658141017089184,0.2857850710043913,,,26.7415379698182,47.40938407772448,INT-0032,source_id,Venezuela,0.2590303295625738,IF,202000.0,Venezuela,45,IF,23+,$100K-$499K,0.10398466439480178,2025.0,0.0
,Nicolas Ramirez,2000-07-26,Venezuela,2025,Complex League,Position Player,25,239,0.2128778020456098,0.10390202144879,0.1548280040956094,0.7552452077080928,0.2875848420878355,,,24.994901986385518,51.08226450111566,INT-0032,name_birth_date,Venezuela,0.10398466439480178,IF,202000.0,Venezuela,45,IF,23+,$100K-$499K,,,
INT-0033,Felix Choi,2003-08-01,Mexico,2022,Mexican League,Pitcher,19,585,0.2321784581428387,0.0823234196505132,,,,88.15527028203476,0.4962899647904865,,35.68449421757052,INT-0033,source_id,Mexico,0.2665042305686217,RHP,24000.0,Mexico,45,Pitcher,19-20,Under $100K,-0.06853745756512092,2023.0,0.0
INT-0033,FELIX CHOI,2003-08-01,MEX,2023,Mexican League,Pitcher,20,501,0.1862195949876277,0.0829048284643163,,,,90.6256668268514,0.4764649461863742,,30.564237398647663,INT-0033,source_id,Mexico,-0.06853745756512092,RHP,24000.0,Mexico,45,Pitcher,19-20,Under $100K,0.35849846264862006,2024.0,0.0
INT-0033,Felix Choi,2003-08-01,Mexico,2024,Mexican Pacific League,Pitcher,21,202,0.2067891902836817,0.0520777856224709,,,,91.21064354202908,0.4943199882813551,,43.52959661260993,INT-0033,source_id,Mexico,0.35849846264862006,RHP,24000.0,Mexico,45,Pitcher,21-22,Under $100K,0.10152896996674499,2025.0,0.0
INT-0033,Felix Choi,2003-08-01,Mexico,2025,Mexican League,Pitcher,22,258,0.2286004483058809,0.0843934571103739,,,,88.34898301954031,0.5482854261431018,,42.60492014651688,INT-0033,source_id,Mexico,0.10152896996674499,RHP,24000.0,Mexico,45,Pitcher,21-22,Under $100K,,,
,Mateo Quintero,2002-12-02,South Korea,2022,KBO Futures,Pitcher,20,113,0.1517793818127768,0.0670058231254881,,,,86.66030170756227,0.481622922758647,,51.49413296868215,INT-0034,name_birth_date,South Korea,0.0005058980157755903,RHP,47000.0,South Korea,40,Pitcher,19-20,Under $100K,0.06067251667880218,2023.0,0.0
INT-0034,Mateo Quintero,2002-12-02,KOR,2023,Independent,Pitcher,21,556,0.1519446892292916,0.0927170625266312,,,,89.69467880160109,0.4974646595001804,,56.79674449068755,INT-0034,source_id,South Korea,0.06067251667880218,RHP,47000.0,South Korea,40,Pitcher,21-22,Under $100K,-0.068339114460689,2024.0,0.0
,  Mateo Quintero ,2002-12-02,South Korea,2024,KBO Futures,Pitcher,22,604,0.1849268855865485,0.0901226843900138,,,,88.97455932454214,0.4662739532295521,,60.5046085592724,INT-0034,name_birth_date,South Korea,-0.068339114460689,RHP,47000.0,South Korea,40,Pitcher,21-22,Under $100K,0.43472864497010566,2025.0,0.0
INT-0034,MATEO QUINTERO,2002-12-02,South Korea,2025,Independent,Pitcher,23,249,0.2396519220088059,0.072665229852082,,,,90.85922628309196,0.4860305211800114,,56.69141108110011,INT-0034,source_id,South Korea,0.43472864497010566,RHP,47000.0,South Korea,40,Pitcher,23+,Under $100K,,,
INT-0035,Esteban Herrera,2006-03-01,Dominican Republic,2025,Complex League,Position Player,19,192,0.2483949345331688,0.0895277088915173,0.1092472475007671,0.6987528171266358,0.2898840486627128,,,25.970778010748155,47.95556873362331,INT-0035,source_id,Dominican Republic,-0.46276488265982635,OF,172000.0,Dominican Republic,45,OF,19-20,$100K-$499K,,,
INT-0036,GABRIEL CHOI,2007-12-04,Dominican Republic,2025,Complex League,Position Player,18,549,0.2575671714622853,0.1005022760740397,0.169915693586683,0.7296869436809161,0.2707616553649389,,,26.275700842087595,48.18310806951876,INT-0036,source_id,Dominican Republic,0.21097776354084075,OF,400000.0,Dominican Republic,50,OF,18 and under,$100K-$499K,,,
INT-0037,Seong-hyun Nakamura,1999-09-15,Dominican Rep.,2022,Dominican Summer League,Pitcher,23,135,0.1940188024086103,0.1166915012778557,,,,85.93478543635584,0.4807346783165198,,37.59293035575612,INT-0037,source_id,Dominican Republic,-0.48783031155727974,LHP,31000.0,Dominican Republic,35,Pitcher,23+,Under $100K,-0.2818910768900302,2023.0,0.0
INT-0037,Seong-hyun Nakamura,1999-09-15,Dominican Republic,2023,Dominican Summer League,Pitcher,24,207,0.1394780220356085,0.0941594592708448,,,,87.51384531425991,0.5264830135935938,,45.04307964797013,INT-0037,source_id,Dominican Republic,-0.2818910768900302,LHP,31000.0,Dominican Republic,35,Pitcher,23+,Under $100K,-0.7915739468495978,2024.0,0.0
INT-0037,Seong-hyun Nakamura,1999-09-15,Dominican Republic,2024,Complex League,Pitcher,25,385,0.1078098291017919,0.0841038523496607,,,,86.92194238953034,0.4780592400307859,,49.96432645945036,INT-0037,source_id,Dominican Republic,-0.7915739468495978,LHP,31000.0,Dominican Republic,35,Pitcher,23+,Under $100K,-0.7461679820385702,2025.0,0.0
INT-0037,SEONG-HYUN NAKAMURA,1999-09-15,Dominican Republic,2025,Complex League,Pitcher,26,523,0.167919365469913,0.0862840762334793,,,,85.84288215686713,0.482832499962238,,41.37923549415791,INT-0037,source_id,Dominican Republic,-0.7461679820385702,LHP,31000.0,Dominican Republic,35,Pitcher,23+,Under $100K,,,
INT-0038,Jorge Fernandez,2002-12-16,Dominican Republic,2022,Complex League,Pitcher,20,184,0.1188183689613478,0.0996817615617275,,,,91.1933562936302,0.4232237475608978,,53.19275202033755,INT-0038,source_id,Dominican Republic,-0.33997859900178645,RHP,110000.0,Dominican Republic,45,Pitcher,19-20,$100K-$499K,0.43105404857114826,2023.0,1.0
INT-0038,Jorge Fernandez,2002-12-16,Dominican Republic,2023,Dominican Summer League,Pitcher,21,344,0.2262384278863898,0.1052856813071476,,,,91.98573048406608,0.4873058513427268,,48.69115235577615,INT-0038,source_id,Dominican Republic,0.43105404857114826,RHP,110000.0,Dominican Republic,45,Pitcher,21-22,$100K-$499K,-0.3828017235055566,2024.0,0.0
INT-0038,Jorge Fernandez,2002-12-16,Dominican Republic,2024,Complex League,Pitcher,22,474,0.1872476266919029,0.1295794697010023,,,,91.03471509077512,0.4536395150580005,,50.01613394494758,INT-0038,source_id,Dominican Republic,-0.3828017235055566,RHP,110000.0,Dominican Republic,45,Pitcher,21-22,$100K-$499K,0.4127701907864074,2025.0,0.0
INT-0038,Jorge Fernandez,2002-12-16,Dominican Republic,2025,Complex League,Pitcher,23,408,0.2457335809795352,0.0887511293750848,,,,90.13677494916767,0.5332630389600834,,53.00555250893797,INT-0038,source_id,Dominican Republic,0.4127701907864074,RHP,110000.0,Dominican Republic,45,Pitcher,23+,$100K-$499K,,,
INT-0039,Nicolas Yamamoto,2000-02-13,Japan,2022,Industrial League,Position Player,22,129,0.189228526894199,0.1025074369248092,0.2320755246305553,0.7518446171412885,0.2628019720688311,,,28.06231445584708,66.60798421008404,INT-0039,source_id,Japan,1.6596288692434187,OF,82000.0,Japan,45,OF,21-22,Under $100K,1.613330724242923,2023.0,1.0
INT-0039,  Nicolas Yamamoto ,2000-02-13,Japan,2023,NPB Farm,Position Player,23,424,0.1999797085946447,0.127241269231059,0.1677009852586223,0.7860576793405935,0.2229437648801394,,,27.27158099468077,65.95768847284295,INT-0039,source_id,Japan,1.613330724242923,OF,82000.0,Japan,45,OF,23+,Under $100K,1.2933644425686603,2024.0,1.0
INT-0039,Nicolas Yamamoto,2000-02-13,Japan,2024,Industrial League,Position Player,24,159,0.1743509184024782,0.086647169090461,0.1075887573461116,0.7799277671820499,0.2139997909424355,,,27.908423345767154,71.19695955045846,INT-0039,source_id,Japan,1.2933644425686603,OF,82000.0,Japan,45,OF,23+,Under $100K,1.1847270609462086,2025.0,1.0
INT-0039,Nicolas Yamamoto,2000-02-13,Japan,2025,Industrial League,Position Player,25,411,0.1968293794646621,0.1203554007566743,0.1827047180404136,0.7458433458689734,0.2764036123470491,,,27.91642479902244,72.9897511524587,INT-0039,source_id,Japan,1.1847270609462086,OF,82000.0,Japan,45,OF,23+,Under $100K,,,
INT-0040,Ji-ho Mori,2000-05-23,Mexico,2022,Mexican Pacific League,Position Player,22,500,0.289631505326368,0.0427945409758417,0.023490424577505,0.7531859783871759,0.3089304388964615,,,25.477915352057277,41.91769305373496,INT-0040,source_id,Mexico,-0.4891962278444538,C,10000.0,Mexico,20,C,21-22,Under $100K,-0.8028855983329445,2023.0,0.0
INT-0040,Ji-ho Mori,2000-05-23,Mexico,2023,Mexican Pacific League,Position Player,23,208,0.2821498808063707,0.08156483037753,0.08706904305548,0.7110789220482108,0.400773927410191,,,26.318506674800886,48.39498584251947,INT-0040,source_id,Mexico,-0.8028855983329445,C,10000.0,Mexico,20,C,23+,Under $100K,-0.5982687009302554,2024.0,0.0
INT-0040,Ji-ho Mori,2000-05-23,MEX,2024,Mexican League,Position Player,24,527,0.2765644104929806,0.0530364875496911,0.0748962433642032,0.6820303377239348,0.2777156706512524,,,25.788512917023738,49.82659495683409,INT-0040,source_id,Mexico,-0.5982687009302554,C,10000.0,Mexico,20,C,23+,Under $100K,-0.7716166987088751,2025.0,0.0
INT-0040,Ji-ho Mori,2000-05-23,Mexico,2025,Mexican League,Position Player,25,183,0.2137566831838779,0.0444608537031217,0.0914680745848123,0.6997372873304858,0.3318749130393477,,,26.35348569767056,44.55401109736935,INT-0040,source_id,Mexico,-0.7716166987088751,C,10000.0,Mexico,20,C,23+,Under $100K,,,
INT-0041,Isaac Vargas,2004-08-17,JPN,2022,NPB Farm,Position Player,18,145,0.2627872896277791,0.0698783636518222,0.1165264428020609,0.7317261073897401,0.2993018015115272,,,25.28042972259987,42.76121593676383,INT-0041,source_id,Japan,-0.1653025557239805,IF,47000.0,Japan,35,IF,18 and under,Under $100K,0.18974410700455796,2023.0,0.0
INT-0041,Isaac Vargas,2004-08-17,Japan,2023,Industrial League,Position Player,19,260,0.1854681936623552,0.1004902962297433,0.1957874746158758,0.7646568585863317,0.3083012877646841,,,24.605235331290917,41.09406393267883,INT-0041,source_id,Japan,0.18974410700455796,IF,47000.0,Japan,35,IF,19-20,Under $100K,0.5776555040249239,2024.0,1.0
INT-0041,Isaac Vargas,2004-08-17,Japan,2024,NPB Farm,Position Player,20,429,0.2321924819978946,0.1207283717646411,0.1816635199779098,0.7709617742264239,0.2591352851740542,,,25.96459352929208,45.309840600118704,INT-0041,source_id,Japan,0.5776555040249239,IF,47000.0,Japan,35,IF,19-20,Under $100K,-0.22346869537513245,2025.0,0.0
INT-0041,Isaac Vargas,2004-08-17,JPN,2025,Industrial League,Position Player,21,149,0.2237170457993958,0.1120717755675878,0.1727715167587045,0.7248078856590248,0.2684102142103741,,,25.53799695864426,34.551564907422346,INT-0041,source_id,Japan,-0.22346869537513245,IF,47000.0,Japan,35,IF,21-22,Under $100K,,,
INT-0042,NICOLAS HAN,2005-07-08,Colombia,2024,Complex League,Position Player,19,370,0.2409312409028121,0.0776799124871743,0.1496184723884954,0.7184022145582245,0.3287083090305677,,,26.729900815644108,63.762532494539535,INT-0042,source_id,Colombia,0.2354504058387326,C,197000.0,Colombia,45,C,19-20,$100K-$499K,-0.5579828909597376,2025.0,0.0
INT-0042,Nicolas Han,2005-07-08,Colombia,2025,Complex League,Position Player,20,252,0.2604902805871201,0.0754285695459145,0.1420039666272108,0.663755468125364,0.31188385831444,,,26.09810531565527,49.83244199954465,INT-0042,source_id,Colombia,-0.5579828909597376,C,197000.0,Colombia,45,C,19-20,$100K-$499K,,,
INT-0043,Marco Fernandez,2007-01-12,VZ,2025,Complex League,Position Player,18,323,0.2306893465875901,0.0839618591045628,0.0625038779123664,0.7857982182166271,0.2215950027169907,,,26.67872764001384,55.01502300303579,INT-0043,source_id,Venezuela,0.4503646486137867,IF,11000.0,Venezuela,30,IF,18 and under,Under $100K,,,
INT-0044,Andres Mendez,2005-09-04,South Korea,2023,Independent,Pitcher,18,555,0.1968303339969001,0.1391148410170807,,,,87.7156022442879,0.5178538205486176,,49.337809818567145,INT-0044,source_id,South Korea,-0.2688223405069551,LHP,90000.0,South Korea,45,Pitcher,18 and under,Under $100K,0.009008899228674018,2024.0,0.0
INT-0044,ANDRES MENDEZ,2005-09-04,South Korea,2024,Independent,Pitcher,19,423,0.2279280997443072,0.0990133997277766,,,,88.45767357226073,0.4717173734709491,,54.71357785334688,INT-0044,source_id,South Korea,0.009008899228674018,LHP,90000.0,South Korea,45,Pitcher,19-20,Under $100K,0.09831937316327763,2025.0,0.0
INT-0044,Andres Mendez,2005-09-04,South Korea,2025,Independent,Pitcher,20,475,0.246530109469546,0.0727560656664783,,,,88.98272977434473,0.4602218479581556,,48.85363217585533,INT-0044,source_id,South Korea,0.09831937316327763,LHP,90000.0,South Korea,45,Pitcher,19-20,Under $100K,,,
INT-0045,Ren Fernandez,2007-07-06,Cuba,2025,Cuban National Series,Position Player,18,323,0.2519663647317763,0.0870151944692706,0.1770631469913618,0.7546085354133989,0.2601324278514431,,,27.895475863586555,59.670094536300994,INT-0045,source_id,Cuba,0.9712878535348741,OF,114000.0,Cuba,50,OF,18 and under,$100K-$499K,,,
INT-0046,Marco Sanchez,2001-11-26,Dominican Republic,2022,Complex League,Pitcher,21,198,0.08,0.094079069625908,,,,84.40962359905035,0.4985741736714849,,49.57591214133869,INT-0046,source_id,Dominican Republic,-0.7782113334973934,RHP,46000.0,Dominican Republic,35,Pitcher,21-22,Under $100K,-0.6004669667480982,2023.0,0.0
INT-0046,Marco Sanchez,2001-11-26,Dominican Republic,2023,Complex League,Pitcher,22,463,0.1608729139553226,0.1068187263203217,,,,85.863434284756,0.4611674331281503,,50.844608239606366,INT-0046,source_id,Dominican Republic,-0.6004669667480982,RHP,46000.0,Dominican Republic,35,Pitcher,21-22,Under $100K,-0.5055742837074251,2024.0,0.0
INT-0046,Marco Sanchez,2001-11-26,Dominican Republic,2024,Complex League,Pitcher,23,382,0.1253804126429019,0.0873860023700158,,,,87.8435745215646,0.5541230225826067,,39.03242346016418,INT-0046,source_id,Dominican Republic,-0.5055742837074251,RHP,46000.0,Dominican Republic,35,Pitcher,23+,Under $100K,-0.5228309813761539,2025.0,0.0
INT-0046,Marco Sanchez,2001-11-26,Dominican Republic,2025,Dominican Summer League,Pitcher,24,549,0.1386163616846369,0.0802739428553233,,,,87.48574306465136,0.5145293074064909,,46.98099172814414,INT-0046,source_id,Dominican Republic,-0.5228309813761539,RHP,46000.0,Dominican Republic,35,Pitcher,23+,Under $100K,,,
INT-0047,Seong-hyun Park,2002-09-22,Mexico,2022,Mexican League,Position Player,20,402,0.2251565328648028,0.0673871774564365,0.1674769325116473,0.7088101523668235,0.3171960479434269,,,25.99975415124191,64.44362946059653,INT-0047,source_id,Mexico,0.43531698971200006,IF,119000.0,Mexico,50,IF,19-20,$100K-$499K,0.13806414384176463,2023.0,0.0
INT-0047,Seong-hyun Park,2002-09-22,Mexico,2023,Mexican Pacific League,Position Player,21,588,0.2753182289040116,0.0840260335738493,0.1493526838399359,0.706258511015013,0.2907690751688627,,,26.474430675923017,51.21861556842924,INT-0047,source_id,Mexico,0.13806414384176463,IF,119000.0,Mexico,50,IF,21-22,$100K-$499K,-0.15571047748711112,2024.0,0.0
INT-0047,Seong-hyun Park,2002-09-22,Mexico,2024,Mexican Pacific League,Position Player,22,301,0.2467847826178241,0.0660034104265597,0.154097104600286,0.7061247771334995,0.3192374376434398,,,25.875704789651216,52.12665871481091,INT-0047,source_id,Mexico,-0.15571047748711112,IF,119000.0,Mexico,50,IF,21-22,$100K-$499K,-0.0183969402441432,2025.0,0.0
INT-0047,SEONG-HYUN PARK,2002-09-22,Mexico,2025,Mexican League,Position Player,23,579,0.2491260304535854,0.0970717337335424,0.1734806416125012,0.7411833986519771,0.3553875518841725,,,26.107958141036875,52.045422252229685,INT-0047,source_id,Mexico,-0.0183969402441432,IF,119000.0,Mexico,50,IF,23+,$100K-$499K,,,
INT-0048,Ren Choi,2001-08-04,Venezuela,2022,Complex League,Position Player,21,408,0.2818139270157179,0.0746207229263795,0.0504191054620355,0.7225290883032996,0.3376351173866744,,,25.443900931313923,46.96943566987134,INT-0048,source_id,Venezuela,-0.6000740179247388,OF,31000.0,Venezuela,35,OF,21-22,Under $100K,-0.5603830279228869,2023.0,0.0
INT-0048,Ren Choi,2001-08-04,Venezuela,2023,Dominican Summer League,Position Player,22,118,0.2438836331545452,0.05359447201749,0.0851324738825568,0.7239229320338497,0.3247726746015757,,,25.95149043041676,42.16919196427646,INT-0048,source_id,Venezuela,-0.5603830279228869,OF,31000.0,Venezuela,35,OF,21-22,Under $100K,0.0006693395693582842,2024.0,0.0
INT-0048,Ren Choi,2001-08-04,Venezuela,2024,Complex League,Position Player,23,123,0.2715223381478879,0.0598016655434985,0.1105875880693445,0.7347876263608705,0.2897218540672911,,,26.495218544391378,49.51267376705712,INT-0048,source_id,Venezuela,0.0006693395693582842,OF,31000.0,Venezuela,35,OF,23+,Under $100K,-0.5001186897086087,2025.0,0.0
INT-0048,REN CHOI,2001-08-04,Venezuela,2025,Complex League,Position Player,24,104,0.2609731954257007,0.076602672723595,0.1003691969721503,0.7332086152799488,0.2761689005304221,,,25.362171730455007,39.70483464870239,INT-0048,source_id,Venezuela,-0.5001186897086087,OF,31000.0,Venezuela,35,OF,23+,Under $100K,,,
INT-0049,Hector Garcia,2005-06-12,Dominican Republic,2022,Dominican Summer League,Position Player,17,393,0.2115990835537086,0.0782068126560767,0.1227753606480445,0.7711583605999978,0.3261786429823307,,,26.428999189891748,47.07075455236816,INT-0049,source_id,Dominican Republic,0.2997837159205039,OF,10000.0,Dominican Republic,40,OF,18 and under,Under $100K,0.4741261953677951,2023.0,1.0
INT-0049,HECTOR GARCIA,2005-06-12,DOM,2023,Dominican Summer League,Position Player,18,495,0.2403031904015207,0.085518408300595,0.089295840926582,0.7193206189872674,0.2630734543289018,,,27.26573892559437,64.98255734171184,INT-0049,source_id,Dominican Republic,0.4741261953677951,OF,10000.0,Dominican Republic,40,OF,18 and under,Under $100K,0.3339789459654331,2024.0,0.0
INT-0049,HECTOR GARCIA,2005-06-12,DOM,2024,Complex League,Position Player,19,530,0.2275911858783876,0.0874032178948466,0.1099757917154789,0.7307104662403804,0.2527201983486087,,,26.61340706330389,58.60026632245124,INT-0049,source_id,Dominican Republic,0.3339789459654331,OF,10000.0,Dominican Republic,40,OF,19-20,Under $100K,0.024485546195046743,2025.0,0.0
INT-0049,Hector Garcia,2005-06-12,Dominican Republic,2025,Dominican Summer League,Position Player,20,425,0.2348869025949716,0.0944597659192153,0.1399895761002847,0.7184294352424256,0.2731749089276713,,,26.31228532640205,50.59472030778884,INT-0049,source_id,Dominican Republic,0.024485546195046743,OF,10000.0,Dominican Republic,40,OF,19-20,Under $100K,,,
,Kenji Sanchez,2003-09-08,South Korea,2022,KBO Futures,Position Player,19,495,0.2901703771080797,0.073031517290089,0.1208578614922697,0.7112039665645091,0.3188813634390926,,,26.105974761282205,57.15936361934215,INT-0050,name_birth_date,South Korea,0.07178558912467006,OF,237000.0,South Korea,40,OF,19-20,$100K-$499K,0.04602839710746806,2023.0,0.0
INT-0050,Kenji Sanchez,2003-09-08,South Korea,2023,Independent,Position Player,20,115,0.259104349261142,0.0508575477726706,0.1048517099784066,0.7112316752994599,0.3244833383325075,,,26.876715824664814,60.761822850433695,INT-0050,source_id,South Korea,0.04602839710746806,OF,237000.0,South Korea,40,OF,19-20,$100K-$499K,-0.14214101072849242,2024.0,0.0
INT-0050,Kenji Sanchez,2003-09-08,South Korea,2024,Independent,Position Player,21,204,0.2531230463118655,0.0708736945427542,0.1212228320745238,0.7260137517702939,0.3772817451238867,,,26.69485895086025,59.90816261317153,INT-0050,source_id,South Korea,-0.14214101072849242,OF,237000.0,South Korea,40,OF,21-22,$100K-$499K,0.4863491821576399,2025.0,1.0
INT-0050,KENJI SANCHEZ,2003-09-08,South Korea,2025,KBO Futures,Position Player,22,265,0.2746817642001898,0.0484040722264429,0.1514085498757423,0.7676507843300477,0.259169236818396,,,27.55911917527411,43.17539370791563,INT-0050,source_id,South Korea,0.4863491821576399,OF,237000.0,South Korea,40,OF,21-22,$100K-$499K,,,
INT-0051,Jorge Mendez,2006-09-27,Panama,2024,Complex League,Pitcher,18,253,0.1936599262748623,0.1452585621342998,,,,87.61576978511147,0.3821712774149927,,43.21076645691867,INT-0051,source_id,Panama,-1.147593381050797,LHP,31000.0,Panama,40,Pitcher,18 and under,Under $100K,-1.328136801405163,2025.0,0.0
INT-0051,Jorge Mendez,2006-09-27,Panama,2025,Panamanian League,Pitcher,19,360,0.1350697403463022,0.1315670832192355,,,,89.04388008613496,0.3984496892144591,,44.077088641610985,INT-0051,source_id,Panama,-1.328136801405163,LHP,31000.0,Panama,40,Pitcher,19-20,Under $100K,,,
INT-0052,Yun-seo Ramirez,1999-10-18,Panamá,2022,Panamanian League,Position Player,23,496,0.256100006430814,0.074891830531196,0.1062951281454138,0.7201906615032083,0.3073969437966074,,,26.61893200130393,59.33921285298749,INT-0052,source_id,Panama,0.24523596232437667,C,69000.0,Panama,45,C,23+,Under $100K,-0.3104647522321414,2023.0,0.0
INT-0052,Yun-seo Ramirez,1999-10-18,Panama,2023,Complex League,Position Player,24,490,0.2365347334733007,0.080792820117656,0.1017233742275594,0.7119862510094406,0.3009619654245826,,,26.102626643573423,46.54004702599118,INT-0052,source_id,Panama,-0.3104647522321414,C,69000.0,Panama,45,C,23+,Under $100K,-0.49204181381686185,2024.0,0.0
INT-0052,Yun-seo Ramirez,1999-10-18,Panama,2024,Panamanian League,Position Player,25,362,0.235421983381315,0.0645139719698527,0.0736554640302145,0.6817365578417025,0.3426412335380773,,,27.32409909264325,58.21277870086004,INT-0052,source_id,Panama,-0.49204181381686185,C,69000.0,Panama,45,C,23+,Under $100K,-0.16453297040522039,2025.0,0.0
INT-0052,Yun-seo Ramirez,1999-10-18,Panama,2025,Panamanian League,Position Player,26,450,0.2558881466895777,0.113297163684092,0.1248397153358735,0.720658847932976,0.2841904141417543,,,25.232357773469715,54.25607402240523,INT-0052,source_id,Panama,-0.16453297040522039,C,69000.0,Panama,45,C,23+,Under $100K,,,
INT-0053,Isaac Dominguez,2004-10-01,Japan,2023,Industrial League,Position Player,19,335,0.2474748392178243,0.0950266304848385,0.0759435181780493,0.7279215620800299,0.3059755023501875,,,24.157577485157685,53.847384717739736,INT-0053,source_id,Japan,-0.5211039513658526,IF,14000.0,Japan,30,IF,19-20,Under $100K,-0.13196542930620275,2024.0,0.0
INT-0053,ISAAC DOMINGUEZ,2004-10-01,Japan,2024,Industrial League,Position Player,20,416,0.2284657719468225,0.0934903472259985,0.1057123268818065,0.7537642711388535,0.358952569217975,,,26.29169112421828,53.34956666586253,INT-0053,source_id,Japan,-0.13196542930620275,IF,14000.0,Japan,30,IF,19-20,Under $100K,0.3149252966657309,2025.0,0.0
INT-0053,Isaac Dominguez,2004-10-01,Japan,2025,Industrial League,Position Player,21,333,0.2119623833676293,0.1144070092499134,0.0869911302452461,0.7504423883464013,0.2281537585538627,,,26.487280797097828,56.11953171782924,INT-0053,source_id,Japan,0.3149252966657309,IF,14000.0,Japan,30,IF,21-22,Under $100K,,,
INT-0054,Omar Torres,2005-05-19,Japan,2024,Industrial League,Pitcher,19,610,0.2841978135995465,0.133103525121855,,,,92.90371632938846,0.3985164044590912,,23.192460184456507,INT-0054,source_id,Japan,-0.3279746019691392,RHP,604000.0,Japan,50,Pitcher,19-20,$500K-$1.49M,0.10563632334070894,2025.0,0.0
,Omar Torres,2005-05-19,Japan,2025,NPB Farm,Pitcher,20,598,0.3114162542414626,0.1040676169959355,,,,92.6098408756476,0.4282895599941432,,30.19652216079625,INT-0054,name_birth_date,Japan,0.10563632334070894,RHP,604000.0,Japan,50,Pitcher,19-20,$500K-$1.49M,,,
INT-0055,Luis Ortega,2006-03-19,Dominican Republic,2022,Dominican Summer League,Position Player,16,598,0.3255443843762383,0.0568556650048754,0.137995936638995,0.6804619642445766,0.3741767195721082,,,26.491117326257086,56.34099435725665,INT-0055,source_id,Dominican Republic,-0.27623410649817837,OF,458000.0,Dominican Republic,45,OF,18 and under,$100K-$499K,0.11112953064348391,2023.0,0.0
INT-0055,Luis Ortega,2006-03-19,Dominican Republic,2023,Dominican Summer League,Position Player,17,386,0.2797954017154682,0.0664585338802568,0.1470297060616809,0.7309005970253052,0.3130569802602017,,,26.37845097154333,48.34635910792589,INT-0055,source_id,Dominican Republic,0.11112953064348391,OF,458000.0,Dominican Republic,45,OF,18 and under,$100K-$499K,0.4836554323311728,2024.0,1.0
INT-0055,  Luis Ortega ,2006-03-19,Dominican Republic,2024,Dominican Summer League,Position Player,18,523,0.2435581777407378,0.0564274252817065,0.1968739620480859,0.7318051182202472,0.3239006713916298,,,26.271715182755667,62.09823803208232,INT-0055,source_id,Dominican Republic,0.4836554323311728,OF,458000.0,Dominican Republic,45,OF,18 and under,$100K-$499K,-0.3068874158408449,2025.0,0.0
INT-0055,Luis Ortega,2006-03-19,Dominican Republic,2025,Dominican Summer League,Position Player,19,203,0.2414699035139425,0.0761426631022413,0.1400074529694758,0.674286963410682,0.3358828243078274,,,27.28594974571323,55.35904049319624,INT-0055,source_id,Dominican Republic,-0.3068874158408449,OF,458000.0,Dominican Republic,45,OF,19-20,$100K-$499K,,,
INT-0058,Kenji Quintero,2000-08-17,Mexico,2022,Mexican League,Position Player,22,553,0.2842840520731763,0.0649690052820574,0.0785381939666306,0.6930258820574461,0.3323559142744195,,,27.78541131460735,55.48789427786069,INT-0058,source_id,Mexico,-0.10736365242061272,IF,46000.0,Mexico,30,IF,21-22,Under $100K,-0.12506848364254392,2023.0,0.0
INT-0058,Kenji Quintero,2000-08-17,Mexico,2023,Mexican League,Position Player,23,351,0.2725048683938488,0.0754533517164896,0.0923401198827717,0.715779711715907,0.3319793934557616,,,26.706518168764934,57.815231631900346,INT-0058,source_id,Mexico,-0.12506848364254392,IF,46000.0,Mexico,30,IF,23+,Under $100K,-0.35814275599523415,2024.0,0.0
INT-0058,Kenji Quintero,2000-08-17,Mexico,2024,Mexican Pacific League,Position Player,24,297,0.2318115815631049,0.0505859694016602,0.0719140321854378,0.7054970343475802,0.3416847774192127,,,27.052960729382846,58.42661885441704,INT-0058,source_id,Mexico,-0.35814275599523415,IF,46000.0,Mexico,30,IF,23+,Under $100K,-0.35177818818553086,2025.0,0.0
INT-0058,Kenji Quintero,2000-08-17,Mexico,2025,Mexican League,Position Player,25,178,0.2273880001583911,0.0552945465481362,0.1398581689876551,0.7197131184378543,0.3297267946451299,,,25.472870573679867,50.588629740256685,INT-0058,source_id,Mexico,-0.35177818818553086,IF,46000.0,Mexico,30,IF,23+,Under $100K,,,
INT-0059,Felix Lee,2006-06-26,South Korea,2025,Independent,Position Player,19,512,0.228670571204675,0.0905086660522461,0.2090393298347723,0.6622853724233728,0.3269633931012833,,,24.44141169943449,48.30101924379168,INT-0059,source_id,South Korea,-0.5509973125451169,C,76000.0,South Korea,45,C,19-20,Under $100K,,,
INT-0060,Min-jun Torres,2007-12-20,Venezuela,2023,Dominican Summer League,Pitcher,16,424,0.2082485691731908,0.1393999027039673,,,,85.67369688579726,0.4518645202738638,,41.9541791810038,INT-0060,source_id,Venezuela,-0.7862589226646735,RHP,16000.0,Venezuela,35,Pitcher,18 and under,Under $100K,-0.8340062083331053,2024.0,0.0
INT-0060,MIN-JUN TORRES,2007-12-20,Venezuela,2024,Dominican Summer League,Pitcher,17,278,0.2281118769712603,0.1506817270635586,,,,88.03047684399671,0.4124941100128886,,42.478107265776366,INT-0060,source_id,Venezuela,-0.8340062083331053,RHP,16000.0,Venezuela,35,Pitcher,18 and under,Under $100K,-1.0749029493577593,2025.0,0.0
,MIN-JUN TORRES,2007-12-20,Venezuela,2025,Complex League,Pitcher,18,546,0.1355179051102381,0.1253396526730739,,,,90.07903002946136,0.4178261181761589,,46.69295078783006,INT-0060,name_birth_date,Venezuela,-1.0749029493577593,RHP,16000.0,Venezuela,35,Pitcher,18 and under,Under $100K,,,
INT-0061,Yun-seo Dominguez,2007-09-13,Venezuela,2023,Dominican Summer League,Pitcher,16,142,0.2077808192839191,0.070757901525164,,,,91.27965034388218,0.4705370361404348,,53.610165251936536,INT-0061,source_id,Venezuela,0.5464414640487465,RHP,90000.0,Venezuela,55,Pitcher,18 and under,Under $100K,0.014417170304726001,2024.0,0.0
INT-0061,Yun-seo Dominguez,2007-09-13,Venezuela,2024,Dominican Summer League,Pitcher,17,320,0.1866380469540911,0.1090797511698456,,,,90.5709412597798,0.4915626877585857,,58.65354341273442,INT-0061,source_id,Venezuela,0.014417170304726001,RHP,90000.0,Venezuela,55,Pitcher,18 and under,Under $100K,0.6732186796587578,2025.0,1.0
INT-0061,Yun-seo Dominguez,2007-09-13,Venezuela,2025,Complex League,Pitcher,18,475,0.2593186919833904,0.0715344270979915,,,,91.94244451494494,0.49454506829502,,56.294758507173285,INT-0061,source_id,Venezuela,0.6732186796587578,RHP,90000.0,Venezuela,55,Pitcher,18 and under,Under $100K,,,
INT-0062,Carlos Torres,2002-06-15,Venezuela,2022,Dominican Summer League,Pitcher,20,583,0.1482154167563049,0.1050061998710485,,,,84.80350616204461,0.463927610823702,,62.0920784388513,INT-0062,source_id,Venezuela,-0.45209564414014586,LHP,10000.0,Venezuela,40,Pitcher,19-20,Under $100K,-0.3700343063921584,2023.0,0.0
INT-0062,Carlos Torres,2002-06-15,Venezuela,2023,Complex League,Pitcher,21,609,0.0868184004116207,0.1090114743420067,,,,89.25853359822855,0.5090941050544332,,61.41318446148704,INT-0062,source_id,Venezuela,-0.3700343063921584,LHP,10000.0,Venezuela,40,Pitcher,21-22,Under $100K,-0.012214191437812022,2024.0,0.0
INT-0062,Carlos Torres,2002-06-15,VZ,2024,Dominican Summer League,Pitcher,22,127,0.2484580054559865,0.0976973226323268,,,,86.16393764460064,0.4449769079190063,,63.786978617352304,INT-0062,source_id,Venezuela,-0.012214191437812022,LHP,10000.0,Venezuela,40,Pitcher,21-22,Under $100K,-0.24914078991524402,2025.0,0.0
INT-0062,Carlos Torres,2002-06-15,VZ,2025,Complex League,Pitcher,23,304,0.1580597453895319,0.087633248246177,,,,86.80274618203273,0.533829515541457,,59.86224179100199,INT-0062,source_id,Venezuela,-0.24914078991524402,LHP,10000.0,Venezuela,40,Pitcher,23+,Under $100K,,,
INT-0063,Hector Herrera,2003-01-14,Venezuela,2022,Dominican Summer League,Position Player,19,349,0.2326961289536654,0.0972171799719133,0.1124478673863549,0.7096935589551507,0.3026045708286487,,,26.763355745557835,62.60415139517893,INT-0063,source_id,Venezuela,0.31659754399626777,OF,72000.0,Venezuela,45,OF,19-20,Under $100K,0.5159299637019741,2023.0,1.0
INT-0063,Hector Herrera,2003-01-14,Venezuela,2023,Dominican Summer League,Position Player,20,163,0.2059457344864725,0.0633571056358506,0.166214575705759,0.74420811056498,0.2958653662967064,,,24.753725320079827,65.1072948440061,INT-0063,source_id,Venezuela,0.5159299637019741,OF,72000.0,Venezuela,45,OF,19-20,Under $100K,0.08407999913458003,2024.0,0.0
INT-0063,Hector Herrera,2003-01-14,Venezuela,2024,Dominican Summer League,Position Player,21,248,0.2365962661251812,0.0694604396590568,0.1085184746918524,0.7081440028440262,0.3084718412878667,,,26.901442428610206,64.33008000630694,INT-0063,source_id,Venezuela,0.08407999913458003,OF,72000.0,Venezuela,45,OF,21-22,Under $100K,0.27357143549050184,2025.0,0.0
INT-0063,  Hector Herrera ,2003-01-14,Venezuela,2025,Dominican Summer League,Position Player,22,385,0.2336543906639993,0.1038746190674982,0.1884608142643973,0.7268865514679458,0.3091596623349951,,,26.410335715971232,54.08692607142794,INT-0063,source_id,Venezuela,0.27357143549050184,OF,72000.0,Venezuela,45,OF,21-22,Under $100K,,,
INT-0064,Seong-hyun Benitez 2,2003-03-03,Dominican Republic,2022,Dominican Summer League,Position Player,19,190,0.279939713700217,0.0943716542930228,0.124953561426658,0.6654775619663895,0.3340760025763882,,,25.93996890361467,51.5216384594706,INT-0064,source_id,Dominican Republic,-0.4597820457790476,IF,59000.0,Dominican Republic,35,IF,19-20,Under $100K,-0.222775175831194,2023.0,0.0
INT-0064,Seong-hyun Benitez 2,2003-03-03,Dominican Republic,2023,Dominican Summer League,Position Player,20,460,0.268916921281208,0.053770041719835,0.1569244999331407,0.7140468453367302,0.3596844377469604,,,25.90739015602205,49.80071153412353,INT-0064,source_id,Dominican Republic,-0.222775175831194,IF,59000.0,Dominican Republic,35,IF,19-20,Under $100K,-0.867873101525895,2024.0,0.0
INT-0064,Seong-hyun Benitez 2,2003-03-03,DOM,2024,Dominican Summer League,Position Player,21,290,0.2719514065086308,0.065512658049862,0.1258946094597815,0.6577487242839224,0.3496377822874632,,,26.065905741393426,46.37909222828912,INT-0064,source_id,Dominican Republic,-0.867873101525895,IF,59000.0,Dominican Republic,35,IF,21-22,Under $100K,-0.6885755718691366,2025.0,0.0
INT-0064,Seong-hyun Benitez 2,2003-03-03,Dominican Republic,2025,Complex League,Position Player,22,542,0.3190460267596969,0.0649578588771012,0.1357438186245305,0.6887233426136986,0.3135314079619001,,,25.63884693083335,41.80963383243604,INT-0064,source_id,Dominican Republic,-0.6885755718691366,IF,59000.0,Dominican Republic,35,IF,21-22,Under $100K,,,
INT-0065,Ruben Choi,2004-06-27,Dominican Rep.,2022,Complex League,Position Player,18,470,0.1820994908707973,0.0905671926546208,0.2392031249421156,0.8107456883594536,0.2334852570667285,,,25.032928484368117,37.46140796705848,INT-0065,source_id,Dominican Republic,1.1299461547128784,OF,453000.0,Dominican Republic,50,OF,18 and under,$100K-$499K,0.5060353115983034,2023.0,1.0
INT-0065,Ruben Choi,2004-06-27,Dominican Republic,2023,Dominican Summer League,Position Player,19,594,0.2464549352704867,0.1044769769279057,0.2086247138045999,0.6972282801380633,0.2684972119910603,,,26.61740680514107,49.7038421677104,INT-0065,source_id,Dominican Republic,0.5060353115983034,OF,453000.0,Dominican Republic,50,OF,19-20,$100K-$499K,-0.31291502361359474,2024.0,0.0
INT-0065,Ruben Choi,2004-06-27,Dominican Republic,2024,Complex League,Position Player,20,402,0.1814038939178283,0.0994249533557769,0.1016231005551276,0.7422771845024713,0.2662380221074383,,,25.81300867124736,33.80662621454028,INT-0065,source_id,Dominican Republic,-0.31291502361359474,OF,453000.0,Dominican Republic,50,OF,19-20,$100K-$499K,0.6691416330522681,2025.0,1.0
INT-0065,Ruben Choi,2004-06-27,Dominican Republic,2025,Dominican Summer League,Position Player,21,161,0.2379582909200293,0.0981005413059905,0.1945748731293971,0.7962752109180029,0.2273282122605469,,,25.11974559749464,41.67457176332443,INT-0065,source_id,Dominican Republic,0.6691416330522681,OF,453000.0,Dominican Republic,50,OF,21-22,$100K-$499K,,,
INT-0066,Mateo Perez,2006-01-20,Venezuela,2023,Dominican Summer League,Pitcher,17,492,0.1775590676849714,0.117472040919174,,,,90.9641341994828,0.4353110585588391,,40.4871062408649,INT-0066,source_id,Venezuela,-0.3921124849754133,RHP,245000.0,Venezuela,40,Pitcher,18 and under,$100K-$499K,0.09359818108212271,2024.0,0.0
INT-0066,Mateo Perez,2006-01-20,Venezuela,2024,Complex League,Pitcher,18,360,0.2495754674388487,0.099866676314429,,,,88.88699868028725,0.4919232822904085,,45.170695356269455,INT-0066,source_id,Venezuela,0.09359818108212271,RHP,245000.0,Venezuela,40,Pitcher,18 and under,$100K-$499K,0.08105055658639987,2025.0,0.0
INT-0066,Mateo Perez,2006-01-20,Venezuela,2025,Complex League,Pitcher,19,233,0.2552052217089842,0.0946100152982719,,,,91.8817918764876,0.4591993468207762,,40.74381515896151,INT-0066,source_id,Venezuela,0.08105055658639987,RHP,245000.0,Venezuela,40,Pitcher,19-20,$100K-$499K,,,
INT-0067,Daniel Mori,2005-09-02,Dominican Republic,2022,Complex League,Pitcher,17,173,0.179517539004314,0.1261754719721015,,,,89.13915452249624,0.4590483269673298,,49.09119623611005,INT-0067,source_id,Dominican Republic,-0.31738556581257155,RHP,59000.0,Dominican Republic,40,Pitcher,18 and under,Under $100K,-0.24092158890057233,2023.0,0.0
INT-0067,Daniel Mori,2005-09-02,Dominican Republic,2023,Dominican Summer League,Pitcher,18,404,0.1763319271425448,0.1149357340877166,,,,90.95180626831144,0.4421055455950881,,47.60720215738869,INT-0067,source_id,Dominican Republic,-0.24092158890057233,RHP,59000.0,Dominican Republic,40,Pitcher,18 and under,Under $100K,0.27463085476098137,2024.0,0.0
INT-0067,Daniel Mori,2005-09-02,Dominican Republic,2024,Dominican Summer League,Pitcher,19,185,0.2859981292401139,0.1248682525590207,,,,89.72965797181598,0.4663923961124093,,55.506918442257785,INT-0067,source_id,Dominican Republic,0.27463085476098137,RHP,59000.0,Dominican Republic,40,Pitcher,19-20,Under $100K,-0.31852637714644993,2025.0,0.0
INT-0067,Daniel Mori,2005-09-02,Dominican Republic,2025,Complex League,Pitcher,20,368,0.1934137289223237,0.0988632891583377,,,,89.83709035671491,0.4658616855261251,,49.30030996227655,INT-0067,source_id,Dominican Republic,-0.31852637714644993,RHP,59000.0,Dominican Republic,40,Pitcher,19-20,Under $100K,,,
,Rafael Han,2000-08-05,Colombia,2022,Colombian Winter League,Position Player,22,123,0.2692777874483783,0.0619564786334191,0.1019569733797069,0.6480303760561327,0.3409273782712558,,,28.425203224072188,53.47639341080667,INT-0068,name_birth_date,Colombia,-0.3072725958899024,IF,47000.0,Colombia,35,IF,21-22,Under $100K,-0.3763760279170493,2023.0,0.0
INT-0068,Rafael Han,2000-08-05,Colombia,2023,Colombian Winter League,Position Player,23,353,0.2798428594146473,0.1062151657115473,0.1183719976537433,0.6753770636951275,0.3297126824667746,,,25.57653073826633,60.69379296272457,INT-0068,source_id,Colombia,-0.3763760279170493,IF,47000.0,Colombia,35,IF,23+,Under $100K,-0.5182606474239797,2024.0,0.0
INT-0068,Rafael Han,2000-08-05,Colombia,2024,Colombian Winter League,Position Player,24,449,0.262844317595421,0.0618881764270364,0.0642035820361267,0.6629495743669355,0.286544926018242,,,26.48175095857687,59.8709433599936,INT-0068,source_id,Colombia,-0.5182606474239797,IF,47000.0,Colombia,35,IF,23+,Under $100K,-0.8141982677648402,2025.0,0.0
INT-0068,Rafael Han,2000-08-05,Colombia,2025,Complex League,Position Player,25,201,0.279526931837275,0.1043788727435907,0.0503229673843951,0.7065880598110539,0.3446064380325601,,,25.468462862711387,58.2431940512357,INT-0068,source_id,Colombia,-0.8141982677648402,IF,47000.0,Colombia,35,IF,23+,Under $100K,,,
,Diego Herrera 2,2004-08-06,Cuba,2022,Independent,Pitcher,18,142,0.2837021501073062,0.0970575495468063,,,,89.08481688081667,0.4564824980822866,,65.18346964498409,INT-0069,name_birth_date,Cuba,0.7325800637429144,RHP,187000.0,Cuba,45,Pitcher,18 and under,$100K-$499K,0.8153688244838684,2023.0,1.0
INT-0069,Diego Herrera 2,2004-08-06,Cuba,2023,Cuban National Series,Pitcher,19,226,0.2211512700516371,0.086375658087734,,,,91.40406848923398,0.4909715919627671,,67.93532774889741,INT-0069,source_id,Cuba,0.8153688244838684,RHP,187000.0,Cuba,45,Pitcher,19-20,$100K-$499K,0.8518392129651946,2024.0,1.0
,Diego Herrera 2,2004-08-06,Cuba,2024,Independent,Pitcher,20,206,0.2485840915337144,0.0657324687438127,,,,92.15436313907902,0.4912381649805279,,59.95771429733218,INT-0069,name_birth_date,Cuba,0.8518392129651946,RHP,187000.0,Cuba,45,Pitcher,19-20,$100K-$499K,0.6928018555398423,2025.0,1.0
,  Diego Herrera 2 ,2004-08-06,Cuba,2025,Independent,Pitcher,21,559,0.2576189613408919,0.0820642296729581,,,,91.8793898816562,0.4962052976868965,,63.53371464509895,INT-0069,name_birth_date,Cuba,0.6928018555398423,RHP,187000.0,Cuba,45,Pitcher,21-22,$100K-$499K,,,
INT-0070,Daichi Torres,2002-07-12,Dominican Rep.,2022,Complex League,Position Player,20,244,0.2523911070337881,0.0947507864970333,0.1331574984998635,0.7167707281784824,0.3200389226772959,,,26.87859183898907,45.49059446275707,INT-0070,source_id,Dominican Republic,0.016737290175410383,OF,45000.0,Dominican Republic,45,OF,19-20,Under $100K,0.4085647178783487,2023.0,0.0
INT-0070,Daichi Torres,2002-07-12,Dominican Republic,2023,Dominican Summer League,Position Player,21,356,0.2031607085961447,0.1105409480578569,0.1225768819757046,0.7962955770836491,0.2770470716996779,,,25.76048867510105,43.920674640107336,INT-0070,source_id,Dominican Republic,0.4085647178783487,OF,45000.0,Dominican Republic,45,OF,21-22,Under $100K,0.1674093265157145,2024.0,0.0
INT-0070,Daichi Torres,2002-07-12,Dominican Republic,2024,Dominican Summer League,Position Player,22,561,0.2114545710274223,0.0755961242011197,0.1338876389907585,0.7195090712150009,0.2962654354465553,,,27.026799342522786,55.09166680218785,INT-0070,source_id,Dominican Republic,0.1674093265157145,OF,45000.0,Dominican Republic,45,OF,21-22,Under $100K,-0.09660644254383643,2025.0,0.0
,Daichi Torres,2002-07-12,Dominican Republic,2025,Dominican Summer League,Position Player,23,533,0.2253465779292512,0.0915071805848967,0.1831190763707442,0.7479556032921498,0.307828122278489,,,24.85479847386215,42.96401286948382,INT-0070,name_birth_date,Dominican Republic,-0.09660644254383643,OF,45000.0,Dominican Republic,45,OF,23+,Under $100K,,,
INT-0071,Haruto Garcia,2001-03-10,Cuba,2022,Independent,Position Player,21,316,0.2347417556779462,0.0929031611432819,0.034611872166747,0.7245018810158216,0.2711146962179119,,,25.60330085356996,59.037892805333286,INT-0071,source_id,Cuba,-0.06469756167495691,OF,13000.0,Cuba,30,OF,21-22,Under $100K,-0.15093325549302777,2023.0,0.0
INT-0071,Haruto Garcia,2001-03-10,Cuba,2023,Independent,Position Player,22,489,0.2677807448117446,0.0808520829931209,0.1237109758000543,0.7338440527020154,0.2936201137705259,,,26.44131502547854,37.32440031316458,INT-0071,source_id,Cuba,-0.15093325549302777,OF,13000.0,Cuba,30,OF,21-22,Under $100K,-0.12181601561499215,2024.0,0.0
INT-0071,Haruto Garcia,2001-03-10,Cuba,2024,Cuban National Series,Position Player,23,357,0.2593257168012727,0.0816946014752051,0.0335795567161505,0.7466553299361968,0.2846103472837178,,,27.0247362765447,52.83044836671764,INT-0071,source_id,Cuba,-0.12181601561499215,OF,13000.0,Cuba,30,OF,23+,Under $100K,0.34999597882034844,2025.0,0.0
INT-0071,Haruto Garcia,2001-03-10,Cuba,2025,Cuban National Series,Position Player,24,166,0.2379893116584279,0.0907840913298205,0.1163064418095931,0.7449553451623633,0.2856707440839298,,,27.14375881866916,59.67695886403774,INT-0071,source_id,Cuba,0.34999597882034844,OF,13000.0,Cuba,30,OF,23+,Under $100K,,,
INT-0072,Omar Vargas,2005-11-24,Dominican Republic,2024,Complex League,Position Player,19,147,0.1962660501531387,0.1021052720849329,0.102821033728124,0.7490786776027877,0.2718213819736217,,,27.642434970055763,62.82211806929901,INT-0072,source_id,Dominican Republic,0.5847981519963664,OF,36000.0,Dominican Republic,45,OF,19-20,Under $100K,1.1637555370991524,2025.0,1.0
INT-0072,Omar Vargas,2005-11-24,Dominican Rep.,2025,Complex League,Position Player,20,418,0.1679192184437385,0.1098607640816802,0.1163954372576867,0.8360258321438453,0.3001870953409049,,,27.93215694239746,66.38494591034106,INT-0072,source_id,Dominican Republic,1.1637555370991524,OF,36000.0,Dominican Republic,45,OF,19-20,Under $100K,,,
,Daichi Han,2002-08-16,Venezuela,2022,Complex League,Pitcher,20,477,0.0944792214148697,0.077760246074125,,,,87.21760884735261,0.48883928291976,,43.79672171238455,INT-0073,name_birth_date,Venezuela,-0.44091271123821485,LHP,24000.0,Venezuela,35,Pitcher,19-20,Under $100K,0.09350682211348432,2023.0,0.0
INT-0073,Daichi Han,2002-08-16,Venezuela,2023,Complex League,Pitcher,21,237,0.1770821294043548,0.0697748405277118,,,,87.0537882258093,0.5249880472650643,,45.44641781574119,INT-0073,source_id,Venezuela,0.09350682211348432,LHP,24000.0,Venezuela,35,Pitcher,21-22,Under $100K,0.5274737557374117,2024.0,1.0
INT-0073,Daichi Han,2002-08-16,Venezuela,2024,Complex League,Pitcher,22,584,0.2183523938543732,0.0877601672744275,,,,91.1144986253359,0.5365026838147009,,55.23000982707954,INT-0073,source_id,Venezuela,0.5274737557374117,LHP,24000.0,Venezuela,35,Pitcher,21-22,Under $100K,0.015394925263905027,2025.0,0.0
INT-0073,Daichi Han,2002-08-16,Venezuela,2025,Dominican Summer League,Pitcher,23,426,0.201642117334508,0.0640189407596249,,,,89.37832595617739,0.4944272195564009,,44.99069720401668,INT-0073,source_id,Venezuela,0.015394925263905027,LHP,24000.0,Venezuela,35,Pitcher,23+,Under $100K,,,
INT-0074,Isaac Ortega,2001-09-02,Dominican Republic,2022,Complex League,Pitcher,21,373,0.1990917533734399,0.1301359694875609,,,,90.662529220566,0.4720814987967224,,42.22561603023357,INT-0074,source_id,Dominican Republic,-0.15635915482729035,RHP,94000.0,Dominican Republic,40,Pitcher,21-22,Under $100K,-0.4317462855284009,2023.0,0.0
INT-0074,ISAAC ORTEGA,2001-09-02,Dominican Republic,2023,Dominican Summer League,Pitcher,22,279,0.2530591079518187,0.1415956432324279,,,,88.04685671307595,0.4436879351507312,,37.372654587266055,INT-0074,source_id,Dominican Republic,-0.4317462855284009,RHP,94000.0,Dominican Republic,40,Pitcher,21-22,Under $100K,-0.3864100415532422,2024.0,0.0
INT-0074,Isaac Ortega,2001-09-02,Dominican Rep.,2024,Dominican Summer League,Pitcher,23,327,0.2098532364928002,0.1105392069150528,,,,90.94195483752092,0.4174890825113205,,42.590996782987546,INT-0074,source_id,Dominican Republic,-0.3864100415532422,RHP,94000.0,Dominican Republic,40,Pitcher,23+,Under $100K,0.5380534124126076,2025.0,1.0
INT-0074,Isaac Ortega,2001-09-02,Dominican Republic,2025,Dominican Summer League,Pitcher,24,163,0.3187756105388252,0.0597799434695474,,,,90.63746938529307,0.4620880355740374,,34.3537557409472,INT-0074,source_id,Dominican Republic,0.5380534124126076,RHP,94000.0,Dominican Republic,40,Pitcher,23+,Under $100K,,,
INT-0075,Ruben Fernandez,2003-04-04,Mexico,2022,Mexican Pacific League,Position Player,19,292,0.2159862719378192,0.0818934711199437,0.0739219746802904,0.747921158270266,0.2405577919626024,,,26.350411941342596,48.249012799443626,INT-0075,source_id,Mexico,0.2968908428412438,C,10000.0,Mexico,35,C,19-20,Under $100K,0.3090495146448034,2023.0,0.0
INT-0075,RUBEN FERNANDEZ,2003-04-04,Mexico,2023,Mexican Pacific League,Position Player,20,574,0.1987631528403611,0.1101129734971036,0.1394859169904632,0.7249037345662942,0.2677688393880308,,,26.000874707852194,53.8720471557265,INT-0075,source_id,Mexico,0.3090495146448034,C,10000.0,Mexico,35,C,19-20,Under $100K,-0.07900725134016891,2024.0,0.0
INT-0075,Ruben Fernandez,2003-04-04,Mexico,2024,Mexican Pacific League,Position Player,21,140,0.2149452282775653,0.1002063816784715,0.0901636134191418,0.7499631489602174,0.2955000525888749,,,26.235785746805504,48.1489358369203,INT-0075,source_id,Mexico,-0.07900725134016891,C,10000.0,Mexico,35,C,21-22,Under $100K,0.41064711102955953,2025.0,1.0
INT-0075,Ruben Fernandez,2003-04-04,México,2025,Mexican Pacific League,Position Player,22,399,0.1901277481561035,0.0887486485356497,0.0945854470147212,0.7610177507704515,0.2443451571508906,,,26.873258751929693,56.24077713547156,INT-0075,source_id,Mexico,0.41064711102955953,C,10000.0,Mexico,35,C,21-22,Under $100K,,,
INT-0076,Hector Kim,1999-12-17,Cuba,2022,Cuban National Series,Position Player,23,291,0.2636915696172487,0.0660095357867644,0.0958084677348799,0.6869559635232622,0.2615548567714625,,,25.52802851724107,52.00609340879512,INT-0076,source_id,Cuba,-0.17052718531039893,OF,67000.0,Cuba,35,OF,23+,Under $100K,-0.807664589417864,2023.0,0.0
INT-0076,HECTOR KIM,1999-12-17,Cuba,2023,Cuban National Series,Position Player,24,287,0.2894376810014268,0.0606684569229898,0.0767710616775512,0.6809354505493579,0.3546857760909049,,,26.48625764278601,49.21371685732992,INT-0076,source_id,Cuba,-0.807664589417864,OF,67000.0,Cuba,35,OF,23+,Under $100K,-0.7009906242410551,2024.0,0.0
INT-0076,Hector Kim,1999-12-17,Cuba,2024,Cuban National Series,Position Player,25,421,0.2648071439282124,0.0667892995171911,0.073499473531776,0.6802653596764302,0.3163141392867016,,,26.113338098520227,51.58309159413983,INT-0076,source_id,Cuba,-0.7009906242410551,OF,67000.0,Cuba,35,OF,23+,Under $100K,-0.7373911412853067,2025.0,0.0
INT-0076,Hector Kim,1999-12-17,Cuba,2025,Independent,Position Player,26,421,0.2247352054141236,0.0659027660952801,0.0977687475782521,0.6995097505115033,0.3119345533514585,,,25.60358649309225,45.32637389231454,INT-0076,source_id,Cuba,-0.7373911412853067,OF,67000.0,Cuba,35,OF,23+,Under $100K,,,
INT-0077,Kaito Mori,1999-04-13,Mexico,2022,Mexican League,Pitcher,23,330,0.2953420523758321,0.109912982004154,,,,90.94493713254606,0.4798903633551925,,34.04922780240409,INT-0077,source_id,Mexico,0.49622356320140937,RHP,193000.0,Mexico,50,Pitcher,23+,$100K-$499K,0.3298330900567791,2023.0,0.0
INT-0077,Kaito Mori,1999-04-13,Mexico,2023,Mexican League,Pitcher,24,507,0.2478532704927876,0.105677380249178,,,,92.6397241003164,0.455785319683766,,38.98692025319587,INT-0077,source_id,Mexico,0.3298330900567791,RHP,193000.0,Mexico,50,Pitcher,23+,$100K-$499K,0.32058356508333496,2024.0,0.0
INT-0077,Kaito Mori,1999-04-13,Mexico,2024,Mexican Pacific League,Pitcher,25,155,0.244535348684658,0.1067759577377132,,,,91.65025869515048,0.4778017599600193,,52.84540593965088,INT-0077,source_id,Mexico,0.32058356508333496,RHP,193000.0,Mexico,50,Pitcher,23+,$100K-$499K,-0.007205635825376595,2025.0,0.0
INT-0077,Kaito Mori,1999-04-13,Mexico,2025,Mexican League,Pitcher,26,258,0.2166519880403223,0.1200364480654045,,,,91.28602851268336,0.5069321064111096,,53.52461931022425,INT-0077,source_id,Mexico,-0.007205635825376595,RHP,193000.0,Mexico,50,Pitcher,23+,$100K-$499K,,,
INT-0078,Adrian Kim,2002-02-07,Dominican Republic,2022,Dominican Summer League,Position Player,20,330,0.2110711274354205,0.0764990101481431,0.0540032441318543,0.7236190044497768,0.3222037667885228,,,24.62855390453176,50.06515339631923,INT-0078,source_id,Dominican Republic,-0.5583668892820126,OF,13000.0,Dominican Republic,40,OF,19-20,Under $100K,-0.009156972336401836,2023.0,0.0
INT-0078,Adrian Kim,2002-02-07,Dominican Republic,2023,Complex League,Position Player,21,588,0.2241587936866829,0.0954993935172711,0.1304983623290504,0.7670111071487616,0.2835003609095676,,,25.258769734307947,37.91964902910805,INT-0078,source_id,Dominican Republic,-0.009156972336401836,OF,13000.0,Dominican Republic,40,OF,21-22,Under $100K,-0.36725777045655594,2024.0,0.0
INT-0078,Adrian Kim,2002-02-07,Dominican Republic,2024,Dominican Summer League,Position Player,22,509,0.2260931679106102,0.1088594118401807,0.1249713118436363,0.728118387611704,0.2538599464860441,,,25.43789353894713,30.68289714641236,INT-0078,source_id,Dominican Republic,-0.36725777045655594,OF,13000.0,Dominican Republic,40,OF,21-22,Under $100K,-0.38667042607664415,2025.0,0.0
INT-0078,ADRIAN KIM,2002-02-07,Dominican Republic,2025,Complex League,Position Player,23,301,0.2192392895547744,0.0837932769998567,0.0454599031436169,0.7631416871926635,0.3008452038375352,,,26.299336911022817,47.75028971175282,INT-0078,source_id,Dominican Republic,-0.38667042607664415,OF,13000.0,Dominican Republic,40,OF,23+,Under $100K,,,
INT-0079,Kenji Yamamoto,2005-05-15,Cuba,2023,Cuban National Series,Position Player,18,389,0.3240257074236341,0.0653064994772423,0.174266605778788,0.675308331486641,0.3578943882404855,,,25.73561876525331,45.61068115362825,INT-0079,source_id,Cuba,-0.5181426538833358,OF,83000.0,Cuba,50,OF,18 and under,Under $100K,-0.40212409273776706,2024.0,0.0
INT-0079,Kenji Yamamoto,2005-05-15,CUB,2024,Independent,Position Player,19,220,0.2937427109932965,0.0532625209889985,0.128100759259166,0.7318568883635054,0.3752028506845186,,,26.320134985917505,45.95769418410093,INT-0079,source_id,Cuba,-0.40212409273776706,OF,83000.0,Cuba,50,OF,19-20,Under $100K,-0.06050853082094648,2025.0,0.0
INT-0079,Kenji Yamamoto,2005-05-15,Cuba,2025,Independent,Position Player,20,552,0.3202305939121975,0.0417345402039612,0.196256475820457,0.7457571042810639,0.3324413340319008,,,25.574071841123164,42.4979880229802,INT-0079,source_id,Cuba,-0.06050853082094648,OF,83000.0,Cuba,50,OF,19-20,Under $100K,,,
INT-0080,Gabriel Sanchez,2006-06-10,Mexico,2022,Mexican League,Position Player,16,463,0.2576640311188131,0.0849061175534809,0.07481537106972,0.7796057778803948,0.2809885773724118,,,26.213862881906355,50.51187022201469,INT-0080,source_id,Mexico,0.3792522963052389,IF,225000.0,Mexico,45,IF,18 and under,$100K-$499K,0.8360240680684604,2023.0,1.0
INT-0080,Gabriel Sanchez,2006-06-10,Mexico,2023,Mexican Pacific League,Position Player,17,315,0.2321842329035137,0.0771698688986944,0.1251915011380106,0.7947306222014795,0.276584718597918,,,27.18212516289052,51.93482414703522,INT-0080,source_id,Mexico,0.8360240680684604,IF,225000.0,Mexico,45,IF,18 and under,$100K-$499K,0.5153554131341642,2024.0,1.0
INT-0080,Gabriel Sanchez,2006-06-10,Mexico,2024,Mexican League,Position Player,18,523,0.234567209030946,0.0838732836989871,0.1688273090669273,0.7332334800495015,0.299905226049279,,,26.678612587229495,61.95025002753772,INT-0080,source_id,Mexico,0.5153554131341642,IF,225000.0,Mexico,45,IF,18 and under,$100K-$499K,0.917326672127971,2025.0,1.0
INT-0080,Gabriel Sanchez,2006-06-10,México,2025,Mexican Pacific League,Position Player,19,388,0.2109161991909136,0.0953099559341965,0.1167380869509835,0.7544891372560872,0.2504780720262174,,,28.4569725037624,65.93805358541834,INT-0080,source_id,Mexico,0.917326672127971,IF,225000.0,Mexico,45,IF,19-20,$100K-$499K,,,
INT-0081,Diego Jimenez,2000-12-01,Dominican Republic,2022,Dominican Summer League,Pitcher,22,128,0.173834756878648,0.0791355879112622,,,,90.27739805760088,0.5230180189149983,,46.62355333428082,INT-0081,source_id,Dominican Republic,0.43741969773302997,RHP,65000.0,Dominican Republic,45,Pitcher,21-22,Under $100K,0.38357644130320384,2023.0,1.0
,DIEGO JIMENEZ,2000-12-01,DOM,2023,Complex League,Pitcher,23,607,0.2283616992096814,0.1113697673744,,,,89.54414370446835,0.5240783399553718,,52.45653085285424,INT-0081,name_birth_date,Dominican Republic,0.38357644130320384,RHP,65000.0,Dominican Republic,45,Pitcher,23+,Under $100K,0.8027769942679986,2024.0,1.0
,Diego Jimenez,2000-12-01,Dominican Republic,2024,Complex League,Pitcher,24,94,0.2864192775146635,0.0976191395931667,,,,93.21941922439416,0.5105694502494286,,46.73169924566744,INT-0081,name_birth_date,Dominican Republic,0.8027769942679986,RHP,65000.0,Dominican Republic,45,Pitcher,23+,Under $100K,0.9520149156082051,2025.0,1.0
,Diego Jimenez,2000-12-01,DOM,2025,Complex League,Pitcher,25,367,0.251404270770285,0.0482050817387924,,,,93.27233076427429,0.5184153267277092,,52.18905126360383,INT-0081,name_birth_date,Dominican Republic,0.9520149156082051,RHP,65000.0,Dominican Republic,45,Pitcher,23+,Under $100K,,,
INT-0082,Seong-hyun Nakamura 2,2006-12-19,Venezuela,2023,Dominican Summer League,Pitcher,17,133,0.2060034597392829,0.0784508634645035,,,,88.89514674481504,0.4992351202693128,,45.4467604034987,INT-0082,source_id,Venezuela,0.25009146426798506,RHP,211000.0,Venezuela,40,Pitcher,18 and under,$100K-$499K,0.11472837078196366,2024.0,0.0
INT-0082,Seong-hyun Nakamura 2,2006-12-19,Venezuela,2024,Complex League,Pitcher,18,101,0.1820982545445752,0.0456605172810259,,,,87.6896186734686,0.529644280181446,,44.67606877479908,INT-0082,source_id,Venezuela,0.11472837078196366,RHP,211000.0,Venezuela,40,Pitcher,18 and under,$100K-$499K,0.15628842934881249,2025.0,0.0
INT-0082,SEONG-HYUN NAKAMURA 2,2006-12-19,VEN,2025,Dominican Summer League,Pitcher,19,283,0.2225479690656541,0.0534890951541379,,,,87.97920744467125,0.4807227416169763,,51.71466869987032,INT-0082,source_id,Venezuela,0.15628842934881249,RHP,211000.0,Venezuela,40,Pitcher,19-20,$100K-$499K,,,
INT-0083,Emilio Quintero,2005-01-15,Venezuela,2024,Dominican Summer League,Position Player,19,439,0.2327174140634257,0.049191691924254,0.0687086041885621,0.7453786372500593,0.2980002677858787,,,27.04253253547341,53.213354957719865,INT-0083,source_id,Venezuela,-0.006975767866976013,IF,51000.0,Venezuela,40,IF,19-20,Under $100K,0.49549564399754126,2025.0,1.0
INT-0083,Emilio Quintero,2005-01-15,Venezuela,2025,Dominican Summer League,Position Player,20,509,0.26881543454944,0.0648401346570916,0.1377225912308392,0.7703995594121942,0.2707473238058362,,,26.191872878080275,56.650374261933,INT-0083,source_id,Venezuela,0.49549564399754126,IF,51000.0,Venezuela,40,IF,19-20,Under $100K,,,
INT-0084,Daniel Quintero,2005-06-09,Venezuela,2023,Complex League,Position Player,18,445,0.2238993620248599,0.1010132113890077,0.0643540567590045,0.7166104635620084,0.2565192289842227,,,26.22119636740809,49.921810619009165,INT-0084,source_id,Venezuela,-0.17712682872440227,IF,10000.0,Venezuela,30,IF,18 and under,Under $100K,-0.29615880737502176,2024.0,0.0
INT-0084,Daniel Quintero,2005-06-09,Venezuela,2024,Complex League,Position Player,19,426,0.2594316017214227,0.0813988200370192,0.0477069424434465,0.7329012270259058,0.2805829561554903,,,26.311568663211784,49.99346976525263,INT-0084,source_id,Venezuela,-0.29615880737502176,IF,10000.0,Venezuela,30,IF,19-20,Under $100K,0.4758235178237715,2025.0,1.0
INT-0084,  Daniel Quintero ,2005-06-09,Venezuela,2025,Complex League,Position Player,20,204,0.2667918458645171,0.1019957590844742,0.1291987492433973,0.7712646750411556,0.3233036017917562,,,27.573750707115472,59.34278430215613,INT-0084,source_id,Venezuela,0.4758235178237715,IF,10000.0,Venezuela,30,IF,19-20,Under $100K,,,
INT-0085,Rafael Benitez,2005-09-08,Venezuela,2024,Complex League,Position Player,19,323,0.2340610530341323,0.0713399249486056,0.0219773624372938,0.7610074934011966,0.3051095189272842,,,26.99257177180456,64.25337834891482,INT-0085,source_id,Venezuela,0.07173074110192337,OF,156000.0,Venezuela,45,OF,19-20,$100K-$499K,-0.575763117857976,2025.0,0.0
INT-0085,Rafael Benitez,2005-09-08,Venezuela,2025,Dominican Summer League,Position Player,20,493,0.2517998162802821,0.0982227080846859,0.0712060874089063,0.7162148740626465,0.3418876434020017,,,25.482855369954056,60.20673375015184,INT-0085,source_id,Venezuela,-0.575763117857976,OF,156000.0,Venezuela,45,OF,19-20,$100K-$499K,,,
INT-0086,Kenji Valdez,2005-11-09,Japan,2022,Industrial League,Position Player,17,147,0.2276820637353467,0.0549307762015121,0.1270483895499796,0.6839595287211245,0.3345514209415434,,,25.23749361680097,40.619046444069895,INT-0086,source_id,Japan,-0.6726082922787908,C,95000.0,Japan,40,C,18 and under,Under $100K,-0.7848014287803637,2023.0,0.0
INT-0086,  Kenji Valdez ,2005-11-09,Japan,2023,NPB Farm,Position Player,18,220,0.2797927096997652,0.0692371271346746,0.0840773368439268,0.7191701885637214,0.3229705522528223,,,24.718950098449547,42.6711739882752,INT-0086,source_id,Japan,-0.7848014287803637,C,95000.0,Japan,40,C,18 and under,Under $100K,-0.5366968011016431,2024.0,0.0
INT-0086,Kenji Valdez,2005-11-09,Japan,2024,Industrial League,Position Player,19,281,0.2077392059794809,0.0715202245908441,0.1221772592441974,0.6864017297692058,0.2911955915340314,,,25.407743066008905,45.597725738202406,INT-0086,source_id,Japan,-0.5366968011016431,C,95000.0,Japan,40,C,19-20,Under $100K,0.003815477251109922,2025.0,0.0
INT-0086,Kenji Valdez,2005-11-09,Japan,2025,NPB Farm,Position Player,20,245,0.2440949607435308,0.0810287865426001,0.1785403589965147,0.7132582658677497,0.3207077800432349,,,25.695626956589923,55.46204805555696,INT-0086,source_id,Japan,0.003815477251109922,C,95000.0,Japan,40,C,19-20,Under $100K,,,
INT-0087,Daniel Sato 2,2006-04-22,Japan,2022,Industrial League,Pitcher,16,173,0.2362772352401805,0.1362041775845195,,,,87.46166487909507,0.4171322392685222,,35.57447239731604,INT-0087,source_id,Japan,-0.6291114871148926,RHP,18000.0,Japan,35,Pitcher,18 and under,Under $100K,0.0793008070623182,2023.0,0.0
,Daniel Sato 2,2006-04-22,Japan,2023,Industrial League,Pitcher,17,520,0.2276243180783496,0.0920912690141078,,,,90.8323546906611,0.4234904864904176,,42.785127234120274,INT-0087,name_birth_date,Japan,0.0793008070623182,RHP,18000.0,Japan,35,Pitcher,18 and under,Under $100K,-0.6835452594511477,2024.0,0.0
INT-0087,DANIEL SATO 2,2006-04-22,Japan,2024,Industrial League,Pitcher,18,502,0.2155479505308496,0.1622351555352288,,,,89.95373064639567,0.3944788632761637,,55.57516371524879,INT-0087,source_id,Japan,-0.6835452594511477,RHP,18000.0,Japan,35,Pitcher,18 and under,Under $100K,-0.2181713618699066,2025.0,0.0
INT-0087,Daniel Sato 2,2006-04-22,Japan,2025,Industrial League,Pitcher,19,282,0.2290675455390743,0.118354286360234,,,,91.22923977201836,0.4560893206057956,,47.639363529817416,INT-0087,source_id,Japan,-0.2181713618699066,RHP,18000.0,Japan,35,Pitcher,19-20,Under $100K,,,
INT-0088,Felix Lopez,2005-03-26,Japan,2023,Industrial League,Position Player,18,605,0.2399633501781751,0.0763585475483459,0.0825645697923142,0.6639218186072545,0.3227514040907767,,,24.03880681151261,27.9967288613161,INT-0088,source_id,Japan,-1.639790349628599,OF,13000.0,Japan,30,OF,18 and under,Under $100K,-1.5189159231551497,2024.0,0.0
INT-0088,Felix Lopez,2005-03-26,Japan,2024,Industrial League,Position Player,19,344,0.2653126537677576,0.0769561719154289,0.0246638137182022,0.7105081929153302,0.3241239752715215,,,24.228436519495173,27.767408385431263,INT-0088,source_id,Japan,-1.5189159231551497,OF,13000.0,Japan,30,OF,19-20,Under $100K,-1.3125038543706053,2025.0,0.0
INT-0088,Felix Lopez,2005-03-26,Japan,2025,Industrial League,Position Player,20,209,0.2053878443852744,0.0802296802651337,0.050647337920129,0.7413826155840875,0.3293166415103289,,,23.5,36.28730922761304,INT-0088,source_id,Japan,-1.3125038543706053,OF,13000.0,Japan,30,OF,19-20,Under $100K,,,
INT-0089,Mateo Ortega,2003-05-19,Japan,2022,NPB Farm,Pitcher,19,126,0.2647584755210838,0.1251429337030315,,,,89.89251949887884,0.4808123787928879,,62.2793449248912,INT-0089,source_id,Japan,0.5117601270677723,RHP,216000.0,Japan,55,Pitcher,19-20,$100K-$499K,0.6139299425695548,2023.0,1.0
INT-0089,Mateo Ortega,2003-05-19,Japan,2023,NPB Farm,Pitcher,20,224,0.2416713020380391,0.0857112352517558,,,,92.26163693560136,0.4657045992228156,,48.65651328986878,INT-0089,source_id,Japan,0.6139299425695548,RHP,216000.0,Japan,55,Pitcher,19-20,$100K-$499K,0.4043784408775354,2024.0,0.0
INT-0089,Mateo Ortega,2003-05-19,Japan,2024,Industrial League,Pitcher,21,436,0.2371965723372113,0.0974328203299383,,,,92.01747638151488,0.4707546779858841,,56.3718297248995,INT-0089,source_id,Japan,0.4043784408775354,RHP,216000.0,Japan,55,Pitcher,21-22,$100K-$499K,0.8303541185434237,2025.0,1.0
INT-0089,Mateo Ortega,2003-05-19,JPN,2025,Industrial League,Pitcher,22,530,0.2888115998493539,0.0783202322415431,,,,93.46811091039032,0.4498047441202357,,62.310736652965495,INT-0089,source_id,Japan,0.8303541185434237,RHP,216000.0,Japan,55,Pitcher,21-22,$100K-$499K,,,
INT-0090,Luis Sato,2002-11-26,Venezuela,2022,Complex League,Pitcher,20,169,0.1722190562501352,0.0891247780965665,,,,87.72681245276692,0.5111681910326082,,40.73964598656063,INT-0090,source_id,Venezuela,-0.017745308657864847,RHP,25000.0,Venezuela,35,Pitcher,19-20,Under $100K,-0.5945180048522234,2023.0,0.0
INT-0090,Luis Sato,2002-11-26,Venezuela,2023,Complex League,Pitcher,21,187,0.1231035099711123,0.0915434800002874,,,,87.72061093086647,0.4760356781838334,,42.194340862496325,INT-0090,source_id,Venezuela,-0.5945180048522234,RHP,25000.0,Venezuela,35,Pitcher,21-22,Under $100K,-0.1085127487463186,2024.0,0.0
INT-0090,LUIS SATO,2002-11-26,Venezuela,2024,Complex League,Pitcher,22,89,0.2394721633207781,0.0866507415505617,,,,87.82012340402291,0.483374784998012,,38.50389748864518,INT-0090,source_id,Venezuela,-0.1085127487463186,RHP,25000.0,Venezuela,35,Pitcher,21-22,Under $100K,-0.31400303467737817,2025.0,0.0
INT-0090,Luis Sato,2002-11-26,Venezuela,2025,Dominican Summer League,Pitcher,23,526,0.1892797618288651,0.0818207669950265,,,,88.78491425426466,0.4864088625418606,,42.647277088990016,INT-0090,source_id,Venezuela,-0.31400303467737817,RHP,25000.0,Venezuela,35,Pitcher,23+,Under $100K,,,
INT-0091,Ren Herrera,2001-04-13,Japan,2022,Industrial League,Pitcher,21,171,0.1730443374969658,0.0693064456691423,,,,87.39079915399134,0.5317428116210781,,41.50296846525323,INT-0091,source_id,Japan,0.24534645458214624,LHP,132000.0,Japan,45,Pitcher,21-22,$100K-$499K,0.44821524648645805,2023.0,1.0
INT-0091,Ren Herrera,2001-04-13,Japan,2023,Industrial League,Pitcher,22,597,0.2326199388503965,0.0881681230079877,,,,89.7842970746725,0.5136909823119233,,44.1663475115123,INT-0091,source_id,Japan,0.44821524648645805,LHP,132000.0,Japan,45,Pitcher,21-22,$100K-$499K,0.25610143814008324,2024.0,0.0
,Ren Herrera,2001-04-13,Japan,2024,Industrial League,Pitcher,23,499,0.2023801420492337,0.0505993040310622,,,,89.81444293278533,0.5069639379304566,,42.4655475147238,INT-0091,name_birth_date,Japan,0.25610143814008324,LHP,132000.0,Japan,45,Pitcher,23+,$100K-$499K,0.4426089096324527,2025.0,1.0
INT-0091,Ren Herrera,2001-04-13,Japan,2025,NPB Farm,Pitcher,24,430,0.2455600502717121,0.0657672589816724,,,,90.75552365355814,0.5182784847817438,,43.73264267016669,INT-0091,source_id,Japan,0.4426089096324527,LHP,132000.0,Japan,45,Pitcher,23+,$100K-$499K,,,
,Alejandro Martinez,2001-02-19,South Korea,2022,KBO Futures,Position Player,21,361,0.2372709226827598,0.093186490902021,0.0366965946920315,0.7073234411429719,0.314567812049365,,,25.486587702950168,45.59069046380239,INT-0092,name_birth_date,South Korea,-0.6970123978285395,OF,13000.0,South Korea,40,OF,21-22,Under $100K,-0.5454505272293984,2023.0,0.0
INT-0092,Alejandro Martinez,2001-02-19,KOR,2023,KBO Futures,Position Player,22,186,0.2507373290103891,0.0447630925445256,0.0444327208847632,0.7414346036132113,0.2673934670731376,,,25.003281839235747,42.22993652628959,INT-0092,source_id,South Korea,-0.5454505272293984,OF,13000.0,South Korea,40,OF,21-22,Under $100K,-0.2310705098628239,2024.0,0.0
INT-0092,Alejandro Martinez,2001-02-19,South Korea,2024,Independent,Position Player,23,555,0.2270820632613874,0.1076438767601746,0.0662092726035784,0.7700535131425751,0.2693334574703478,,,24.773070012684784,44.05317296496813,INT-0092,source_id,South Korea,-0.2310705098628239,OF,13000.0,South Korea,40,OF,23+,Under $100K,-0.6197653122206386,2025.0,0.0
INT-0092,  Alejandro Martinez ,2001-02-19,South Korea,2025,KBO Futures,Position Player,24,488,0.2446310647675095,0.1131058707381579,0.1155979295698146,0.7549265931379591,0.3073283128331684,,,23.776129797441936,40.87876928825923,INT-0092,source_id,South Korea,-0.6197653122206386,OF,13000.0,South Korea,40,OF,23+,Under $100K,,,
INT-0093,Kenji Quintero 2,2007-02-16,Panama,2025,Complex League,Pitcher,18,373,0.2431266320271469,0.0859546908878172,,,,88.59312164270031,0.5039861973399596,,46.94717252392644,INT-0093,source_id,Panama,0.08524471551550644,RHP,20000.0,Panama,45,Pitcher,18 and under,Under $100K,,,
INT-0094,Mateo Valdez,2006-08-01,Venezuela,2025,Dominican Summer League,Position Player,19,263,0.2268010117686073,0.1255856965212653,0.1281372406143082,0.764649312055586,0.2749735507880153,,,25.83837058509807,55.30792797612198,INT-0094,source_id,Venezuela,0.302561304330386,IF,327000.0,Venezuela,50,IF,19-20,$100K-$499K,,,
INT-0095,Emilio Benitez,2001-10-19,Japan,2022,NPB Farm,Pitcher,21,92,0.1699788514370339,0.0707569545612323,,,,86.66513507501769,0.4996244369745814,,56.49797309537461,INT-0095,source_id,Japan,0.2213282450682087,LHP,108000.0,Japan,35,Pitcher,21-22,$100K-$499K,0.1624101582553964,2023.0,0.0
INT-0095,EMILIO BENITEZ,2001-10-19,Japan,2023,Industrial League,Pitcher,22,224,0.1485767054575592,0.072537127907803,,,,86.76600291980066,0.5488190770654244,,57.25607053517833,INT-0095,source_id,Japan,0.1624101582553964,LHP,108000.0,Japan,35,Pitcher,21-22,$100K-$499K,-0.29286004547970695,2024.0,0.0
INT-0095,EMILIO BENITEZ,2001-10-19,Japan,2024,Industrial League,Pitcher,23,388,0.151247729518521,0.0686225642538435,,,,85.1834412646744,0.485389046484114,,64.92139332412525,INT-0095,source_id,Japan,-0.29286004547970695,LHP,108000.0,Japan,35,Pitcher,23+,$100K-$499K,0.020867695086293922,2025.0,0.0
INT-0095,Emilio Benitez,2001-10-19,Japan,2025,NPB Farm,Pitcher,24,246,0.1576392414000757,0.0902972316775489,,,,88.79482271350224,0.5814396971047497,,56.216271421499805,INT-0095,source_id,Japan,0.020867695086293922,LHP,108000.0,Japan,35,Pitcher,23+,$100K-$499K,,,
INT-0096,ESTEBAN HAN 2,2007-02-09,Dominican Republic,2023,Dominican Summer League,Position Player,16,99,0.2525907267785934,0.0526417858213067,0.0842731494240645,0.7219609925272586,0.3168340880313358,,,26.39429193250864,56.38373389921691,INT-0096,source_id,Dominican Republic,-0.13857505949954319,OF,78000.0,Dominican Republic,45,OF,18 and under,Under $100K,-0.5494663668273768,2024.0,0.0
INT-0096,ESTEBAN HAN 2,2007-02-09,D.R.,2024,Dominican Summer League,Position Player,17,260,0.2934855927549611,0.0692036133900392,0.0606938954465997,0.7122125116004738,0.3219274687416013,,,25.68798426399397,54.7799914965152,INT-0096,source_id,Dominican Republic,-0.5494663668273768,OF,78000.0,Dominican Republic,45,OF,18 and under,Under $100K,0.20241296199904085,2025.0,0.0
INT-0096,Esteban Han 2,2007-02-09,Dominican Republic,2025,Dominican Summer League,Position Player,18,430,0.242151207553688,0.0919486531687469,0.1412891408510336,0.7182618167777804,0.3010538934279014,,,26.66111725690074,61.22912846660387,INT-0096,source_id,Dominican Republic,0.20241296199904085,OF,78000.0,Dominican Republic,45,OF,18 and under,Under $100K,,,
INT-0098,Hector Kim 2,2005-06-09,Venezuela,2022,Dominican Summer League,Position Player,17,99,0.2205399904714142,0.070060222301592,0.02,0.7090740567867574,0.2803560002980714,,,26.150926071399034,49.3700576296006,INT-0098,source_id,Venezuela,-0.42483174730112605,IF,23000.0,Venezuela,25,IF,18 and under,Under $100K,-0.3101099176649922,2023.0,0.0
INT-0098,Hector Kim 2,2005-06-09,Venezuela,2023,Complex League,Position Player,18,133,0.2398076107312918,0.0736229754125823,0.0893351521183245,0.7039348403106748,0.3408893664947095,,,26.950531250142568,54.3201452423224,INT-0098,source_id,Venezuela,-0.3101099176649922,IF,23000.0,Venezuela,25,IF,18 and under,Under $100K,-0.14303733303303112,2024.0,0.0
INT-0098,Hector Kim 2,2005-06-09,Venezuela,2024,Complex League,Position Player,19,305,0.2719183293702929,0.0658385668141595,0.0455004649065632,0.740542988331522,0.2744296874928625,,,25.94045971430546,56.44190897506736,INT-0098,source_id,Venezuela,-0.14303733303303112,IF,23000.0,Venezuela,25,IF,19-20,Under $100K,-0.6882669447414036,2025.0,0.0
INT-0098,  Hector Kim 2 ,2005-06-09,Venezuela,2025,Complex League,Position Player,20,558,0.2094349633960201,0.0928519617130939,0.02,0.7247534145089234,0.3058917736254603,,,26.96684325779504,48.56112457322848,INT-0098,source_id,Venezuela,-0.6882669447414036,IF,23000.0,Venezuela,25,IF,19-20,Under $100K,,,
INT-0099,ALEJANDRO PARK,2006-02-27,Venezuela,2024,Complex League,Position Player,18,454,0.2172560761098212,0.0831297714716297,0.1550060342236458,0.7227595078168205,0.3185592597172682,,,26.097894929211115,53.95494733979727,INT-0099,source_id,Venezuela,0.04211855521469066,OF,328000.0,Venezuela,55,OF,18 and under,$100K-$499K,-0.1629290462123871,2025.0,0.0
INT-0099,Alejandro Park,2006-02-27,Venezuela,2025,Complex League,Position Player,19,499,0.2476224330485413,0.0686228799776081,0.1534538092279192,0.6789209267260812,0.2783780072107837,,,26.625739867206526,49.8249908304801,INT-0099,source_id,Venezuela,-0.1629290462123871,OF,328000.0,Venezuela,55,OF,19-20,$100K-$499K,,,
INT-0100,Marco Sato,1999-07-21,Dominican Republic,2022,Complex League,Position Player,23,356,0.2190153440896804,0.0984670370963643,0.195211889780811,0.7417406129584321,0.2552486386702328,,,24.850576675293716,37.46665405949573,INT-0100,source_id,Dominican Republic,0.2964255080842741,IF,283000.0,Dominican Republic,60,IF,23+,$100K-$499K,0.36512166339535035,2023.0,0.0
INT-0100,  Marco Sato ,1999-07-21,Dominican Republic,2023,Complex League,Position Player,24,441,0.1446926758200238,0.1183026002469113,0.1326829083277106,0.7666737317738872,0.2541563051283112,,,25.820418734081688,43.513656635878455,INT-0100,source_id,Dominican Republic,0.36512166339535035,IF,283000.0,Dominican Republic,60,IF,23+,$100K-$499K,0.9825108882948198,2024.0,1.0
INT-0100,Marco Sato,1999-07-21,D.R.,2024,Dominican Summer League,Position Player,25,209,0.1914809331672753,0.1092753589312345,0.2500257709341646,0.7827152519002554,0.2704599513295017,,,25.55865737609112,49.75796729144681,INT-0100,source_id,Dominican Republic,0.9825108882948198,IF,283000.0,Dominican Republic,60,IF,23+,$100K-$499K,0.9807130902337564,2025.0,1.0
INT-0100,Marco Sato,1999-07-21,Dominican Republic,2025,Complex League,Position Player,26,280,0.1653331384374543,0.1318867371561213,0.2080141196718604,0.8020655241854878,0.2607075827746647,,,26.787781569689205,46.44085655957364,INT-0100,source_id,Dominican Republic,0.9807130902337564,IF,283000.0,Dominican Republic,60,IF,23+,$100K-$499K,,,
INT-0101,Gabriel Perez,2002-07-05,KOR,2022,Independent,Position Player,20,295,0.3074808070645476,0.0898853346226986,0.0822360867439366,0.7355392095937259,0.2664460566864593,,,24.686294356195567,37.42314011297066,INT-0101,source_id,South Korea,-0.36594289421186943,OF,156000.0,South Korea,45,OF,19-20,$100K-$499K,0.1701462617477722,2023.0,0.0
INT-0101,Gabriel Perez,2002-07-05,South Korea,2023,Independent,Position Player,21,316,0.2430041467693432,0.094715672627645,0.1451665115684094,0.763061750787721,0.289323985501642,,,25.379252759718906,43.64164963113257,INT-0101,source_id,South Korea,0.1701462617477722,OF,156000.0,South Korea,45,OF,21-22,$100K-$499K,-0.44739899874454453,2024.0,0.0
INT-0101,Gabriel Perez,2002-07-05,South Korea,2024,Independent,Position Player,22,571,0.2289109112999263,0.0811462957209496,0.1149435524365355,0.742590498446804,0.2688301955782854,,,23.995823947609107,37.05861271414732,INT-0101,source_id,South Korea,-0.44739899874454453,OF,156000.0,South Korea,45,OF,21-22,$100K-$499K,0.028914007889349155,2025.0,0.0
INT-0101,GABRIEL PEREZ,2002-07-05,South Korea,2025,KBO Futures,Position Player,23,570,0.1991094063840567,0.0997258646252206,0.1504226018500658,0.7521196083163797,0.2737397237086221,,,24.92903301229901,47.47811298719492,INT-0101,source_id,South Korea,0.028914007889349155,OF,156000.0,South Korea,45,OF,23+,$100K-$499K,,,
INT-0102,Adrian Garcia,2006-03-23,COL,2025,Colombian Winter League,Position Player,19,506,0.2033646983719463,0.1028260384679602,0.1345736120076223,0.7255609181920826,0.3272444814590757,,,25.17263771343542,53.67730026406071,INT-0102,source_id,Colombia,-0.30078787999668916,IF,344000.0,Colombia,60,IF,19-20,$100K-$499K,,,
INT-0103,Gabriel Tanaka,2002-03-03,Dominican Republic,2022,Dominican Summer League,Pitcher,20,218,0.1810142909399978,0.0997251524213479,,,,90.99283556666012,0.473794849248664,,37.38463854235266,INT-0103,source_id,Dominican Republic,-0.011348964358864982,RHP,48000.0,Dominican Republic,45,Pitcher,19-20,Under $100K,-0.3500068391267812,2023.0,0.0
INT-0103,Gabriel Tanaka,2002-03-03,Dominican Republic,2023,Dominican Summer League,Pitcher,21,544,0.1880120550296564,0.1361437155250926,,,,90.32373115842744,0.4709054522226671,,43.20996517810232,INT-0103,source_id,Dominican Republic,-0.3500068391267812,RHP,48000.0,Dominican Republic,45,Pitcher,21-22,Under $100K,0.5556599428655645,2024.0,1.0
INT-0103,Gabriel Tanaka,2002-03-03,Dominican Republic,2024,Complex League,Pitcher,22,137,0.2678348275773555,0.0943328589711222,,,,92.4543822598652,0.4971386380552696,,44.34254421858223,INT-0103,source_id,Dominican Republic,0.5556599428655645,RHP,48000.0,Dominican Republic,45,Pitcher,21-22,Under $100K,-0.21460024699001634,2025.0,0.0
INT-0103,Gabriel Tanaka,2002-03-03,Dominican Republic,2025,Dominican Summer League,Pitcher,23,515,0.1895663835750574,0.0915553749127775,,,,90.9048086674578,0.5096417828337306,,36.8930060677001,INT-0103,source_id,Dominican Republic,-0.21460024699001634,RHP,48000.0,Dominican Republic,45,Pitcher,23+,Under $100K,,,
INT-0104,Hector Jimenez,2006-11-01,Mexico,2025,Mexican Pacific League,Pitcher,19,387,0.1038505932953594,0.1224201530878502,,,,83.71900293254043,0.4266980478445668,,39.81203101260894,INT-0104,source_id,Mexico,-1.8234485042707274,RHP,10000.0,Mexico,25,Pitcher,19-20,Under $100K,,,
INT-0105,Carlos Park,2002-01-06,Mexico,2022,Mexican Pacific League,Position Player,20,260,0.2887779627056027,0.0709782055667756,0.0745693745248014,0.6405406216469243,0.2744515887839342,,,26.434824140193424,54.14683277588491,INT-0105,source_id,Mexico,-0.4794374783938803,OF,163000.0,Mexico,45,OF,19-20,$100K-$499K,0.47489299529250506,2023.0,1.0
,Carlos Park,2002-01-06,Mexico,2023,Mexican Pacific League,Position Player,21,144,0.2546855021797242,0.0638827620041096,0.1797556327043397,0.7055488984010568,0.2861033063710186,,,26.095077815338545,60.290523843442365,INT-0105,name_birth_date,Mexico,0.47489299529250506,OF,163000.0,Mexico,45,OF,21-22,$100K-$499K,0.17525331330550606,2024.0,0.0
INT-0105,Carlos Park,2002-01-06,Mexico,2024,Mexican Pacific League,Position Player,22,480,0.2742622438274781,0.0939014017518175,0.1347076068845604,0.7272496722060635,0.2709426246865415,,,26.31441982335787,52.22537111930071,INT-0105,source_id,Mexico,0.17525331330550606,OF,163000.0,Mexico,45,OF,21-22,$100K-$499K,-0.10431487775211884,2025.0,0.0
INT-0105,  Carlos Park ,2002-01-06,Mexico,2025,Mexican Pacific League,Position Player,23,221,0.1913068523619576,0.0698084240197183,0.1104260208530632,0.7381853233437018,0.3107491745304959,,,26.61438864069814,51.8593009984324,INT-0105,source_id,Mexico,-0.10431487775211884,OF,163000.0,Mexico,45,OF,23+,$100K-$499K,,,
,Mateo Sanchez,2006-05-22,PAN,2024,Panamanian League,Pitcher,18,434,0.1799041393585385,0.1159588549779826,,,,88.46353051519112,0.5006009589419249,,52.39096240848903,INT-0106,name_birth_date,Panama,-0.3226164081136724,LHP,211000.0,Panama,45,Pitcher,18 and under,$100K-$499K,0.3454748255277762,2025.0,0.0
INT-0106,Mateo Sanchez,2006-05-22,Panama,2025,Panamanian League,Pitcher,19,503,0.2725629227426543,0.0698459438136522,,,,88.8415317322601,0.4671416106538157,,52.56664082234504,INT-0106,source_id,Panama,0.3454748255277762,LHP,211000.0,Panama,45,Pitcher,19-20,$100K-$499K,,,
INT-0107,Rafael Navarro,2006-08-11,Venezuela,2025,Complex League,Position Player,19,271,0.2769462474183912,0.0947562919811483,0.0480212469082698,0.6908084073369193,0.2711078550883534,,,24.863402554505495,40.27162370978762,INT-0107,source_id,Venezuela,-1.1027213602505366,C,33000.0,Venezuela,30,C,19-20,Under $100K,,,
INT-0108,Isaac Valdez,1999-05-15,Venezuela,2022,Dominican Summer League,Pitcher,23,371,0.2010161529718175,0.0674949132004227,,,,87.63610624270164,0.4917660523482446,,46.01674946319473,INT-0108,source_id,Venezuela,0.3155413000291769,LHP,79000.0,Venezuela,40,Pitcher,23+,Under $100K,-0.0889711799562958,2023.0,0.0
INT-0108,Isaac Valdez,1999-05-15,Venezuela,2023,Dominican Summer League,Pitcher,24,317,0.1873021619124575,0.0931651455437534,,,,87.73104138723825,0.5146810161492256,,40.987158805920345,INT-0108,source_id,Venezuela,-0.0889711799562958,LHP,79000.0,Venezuela,40,Pitcher,23+,Under $100K,-0.24532484374730562,2024.0,0.0
INT-0108,Isaac Valdez,1999-05-15,Venezuela,2024,Complex League,Pitcher,25,172,0.1526551716947006,0.0580379868857758,,,,88.08490534633671,0.5106388048708156,,41.49964135344374,INT-0108,source_id,Venezuela,-0.24532484374730562,LHP,79000.0,Venezuela,40,Pitcher,23+,Under $100K,0.18233811981340176,2025.0,0.0
INT-0108,Isaac Valdez,1999-05-15,Venezuela,2025,Dominican Summer League,Pitcher,26,215,0.1890416393794072,0.0402805375307883,,,,89.53340749260884,0.4876565241811127,,49.20759417935453,INT-0108,source_id,Venezuela,0.18233811981340176,LHP,79000.0,Venezuela,40,Pitcher,23+,Under $100K,,,
INT-0109,Nicolas Jimenez,2000-08-03,Cuba,2022,Independent,Position Player,22,446,0.2099044694939682,0.0964935485496782,0.2118167632090339,0.7527221581301886,0.262073473943742,,,26.388273651757007,46.54027351923367,INT-0109,source_id,Cuba,0.8630017884682883,OF,256000.0,Cuba,50,OF,21-22,$100K-$499K,0.21661335952137384,2023.0,0.0
INT-0109,NICOLAS JIMENEZ,2000-08-03,Cuba,2023,Independent,Position Player,23,345,0.1935227873689324,0.097260732056941,0.1682711825670391,0.7438352735661233,0.3170298947333695,,,25.557050151606997,50.42509744532239,INT-0109,source_id,Cuba,0.21661335952137384,OF,256000.0,Cuba,50,OF,23+,$100K-$499K,0.4849736948990686,2024.0,1.0
INT-0109,Nicolas Jimenez,2000-08-03,Cuba,2024,Independent,Position Player,24,405,0.1825911886111066,0.1202450052526073,0.1423092937716595,0.7628049405920362,0.2359734027039493,,,26.637689004228367,43.53340025693356,INT-0109,source_id,Cuba,0.4849736948990686,OF,256000.0,Cuba,50,OF,23+,$100K-$499K,0.6677913790653219,2025.0,1.0
,Nicolas Jimenez,2000-08-03,Cuba,2025,Independent,Position Player,25,187,0.2087604815889944,0.0864032273328377,0.2056147292742145,0.7855923477764225,0.263022726480577,,,26.00657437322052,43.65208855911741,INT-0109,name_birth_date,Cuba,0.6677913790653219,OF,256000.0,Cuba,50,OF,23+,$100K-$499K,,,
INT-0110,Daichi Tanaka,2002-09-05,Mexico,2022,Mexican League,Pitcher,20,247,0.08,0.0990833500083386,,,,86.44177076996326,0.490315027812043,,55.462576743256605,INT-0110,source_id,Mexico,-0.6054950162634659,RHP,16000.0,Mexico,30,Pitcher,19-20,Under $100K,-0.46161178212419207,2023.0,0.0
INT-0110,Daichi Tanaka,2002-09-05,Mexico,2023,Mexican Pacific League,Pitcher,21,433,0.1126009717357103,0.1074548461457921,,,,84.71393710336996,0.5471302451712166,,61.53473510630017,INT-0110,source_id,Mexico,-0.46161178212419207,RHP,16000.0,Mexico,30,Pitcher,21-22,Under $100K,-0.6335059289253513,2024.0,0.0
INT-0110,Daichi Tanaka,2002-09-05,Mexico,2024,Mexican League,Pitcher,22,88,0.1731400452160791,0.087686696717758,,,,85.42257825560714,0.5011740489525233,,39.4335402231186,INT-0110,source_id,Mexico,-0.6335059289253513,RHP,16000.0,Mexico,30,Pitcher,21-22,Under $100K,-0.06356225200268804,2025.0,0.0
INT-0110,Daichi Tanaka,2002-09-05,Mexico,2025,Mexican Pacific League,Pitcher,23,386,0.1529064359390319,0.0518426627290792,,,,86.86515624677914,0.5221309150185789,,58.0297108537826,INT-0110,source_id,Mexico,-0.06356225200268804,RHP,16000.0,Mexico,30,Pitcher,23+,Under $100K,,,
INT-0111,Yun-seo Vargas 2,2002-10-05,Dominican Republic,2022,Dominican Summer League,Pitcher,20,566,0.2120628839790836,0.085567826731884,,,,90.77417011761584,0.4636017224325267,,32.18943804567205,INT-0111,source_id,Dominican Republic,0.14705669542394,RHP,43000.0,Dominican Republic,50,Pitcher,19-20,Under $100K,0.055572033390120845,2023.0,0.0
INT-0111,Yun-seo Vargas 2,2002-10-05,Dominican Republic,2023,Dominican Summer League,Pitcher,21,132,0.1939657899514844,0.1015490966203381,,,,89.93164424999036,0.5232032618128415,,36.85979612661291,INT-0111,source_id,Dominican Republic,0.055572033390120845,RHP,43000.0,Dominican Republic,50,Pitcher,21-22,Under $100K,0.47853287104356135,2024.0,1.0
INT-0111,Yun-seo Vargas 2,2002-10-05,Dominican Republic,2024,Complex League,Pitcher,22,95,0.2495382376301654,0.0672318587485032,,,,91.37590556256109,0.4876394320292481,,42.533444748780326,INT-0111,source_id,Dominican Republic,0.47853287104356135,RHP,43000.0,Dominican Republic,50,Pitcher,21-22,Under $100K,0.1563003081448407,2025.0,0.0
,Yun-seo Vargas 2,2002-10-05,Dominican Republic,2025,Dominican Summer League,Pitcher,23,405,0.1928324357602512,0.0530120759476176,,,,91.67290579648628,0.5075326078767299,,36.31664049911378,INT-0111,name_birth_date,Dominican Republic,0.1563003081448407,RHP,43000.0,Dominican Republic,50,Pitcher,23+,Under $100K,,,
INT-0112,Rafael Navarro 2,2003-06-07,D.R.,2022,Dominican Summer League,Position Player,19,263,0.2848117310872179,0.064806642137754,0.099532281259167,0.6919343933800869,0.3430708142659723,,,27.689749812171705,57.25653631181155,INT-0112,source_id,Dominican Republic,-0.036813013417220736,OF,10000.0,Dominican Republic,25,OF,19-20,Under $100K,-0.35753370317973,2023.0,0.0
INT-0112,Rafael Navarro 2,2003-06-07,Dominican Republic,2023,Dominican Summer League,Position Player,20,324,0.1959997155263596,0.0796137792976533,0.0267112503907899,0.7065357738255582,0.2747951073295062,,,26.27255501777409,57.91342090998374,INT-0112,source_id,Dominican Republic,-0.35753370317973,OF,10000.0,Dominican Republic,25,OF,19-20,Under $100K,-0.8815701912715579,2024.0,0.0
INT-0112,Rafael Navarro 2,2003-06-07,D.R.,2024,Complex League,Position Player,21,479,0.2331611462255653,0.0481987817633409,0.0312446445156866,0.6761464914030842,0.3126080389512801,,,26.479026366351523,50.97185853904865,INT-0112,source_id,Dominican Republic,-0.8815701912715579,OF,10000.0,Dominican Republic,25,OF,21-22,Under $100K,-0.29847373527026244,2025.0,0.0
INT-0112,Rafael Navarro 2,2003-06-07,Dominican Republic,2025,Complex League,Position Player,22,500,0.2756646164923262,0.0649620614678005,0.0323437829913431,0.7302103270868664,0.3222316942896553,,,27.485835976553545,60.73450977917493,INT-0112,source_id,Dominican Republic,-0.29847373527026244,OF,10000.0,Dominican Republic,25,OF,21-22,Under $100K,,,
INT-0113,  Esteban Park ,2005-11-02,Dominican Republic,2022,Complex League,Pitcher,17,250,0.2378930921203171,0.1324901252088345,,,,89.29335415338663,0.4648177721116056,,52.38414034178337,INT-0113,source_id,Dominican Republic,0.030924855280256548,LHP,43000.0,Dominican Republic,40,Pitcher,18 and under,Under $100K,-0.13576998901802412,2023.0,0.0
INT-0113,Esteban Park,2005-11-02,Dominican Republic,2023,Dominican Summer League,Pitcher,18,563,0.2219356501867152,0.1337964069483641,,,,91.0631637118906,0.4334227830608416,,49.00060930032785,INT-0113,source_id,Dominican Republic,-0.13576998901802412,LHP,43000.0,Dominican Republic,40,Pitcher,18 and under,Under $100K,0.023410755805495925,2024.0,0.0
INT-0113,Esteban Park,2005-11-02,Dominican Republic,2024,Dominican Summer League,Pitcher,19,221,0.2303360397925421,0.1350647472970921,,,,89.72945984031044,0.4836789914157904,,60.781950296692,INT-0113,source_id,Dominican Republic,0.023410755805495925,LHP,43000.0,Dominican Republic,40,Pitcher,19-20,Under $100K,0.5232936799383641,2025.0,1.0
INT-0113,Esteban Park,2005-11-02,D.R.,2025,Dominican Summer League,Pitcher,20,292,0.3071619443092408,0.1088422740734697,,,,92.09260842342954,0.4616014714278903,,55.5003981429381,INT-0113,source_id,Dominican Republic,0.5232936799383641,LHP,43000.0,Dominican Republic,40,Pitcher,19-20,Under $100K,,,
INT-0114,Ji-ho Mori 2,2007-07-26,Dominican Republic,2023,Complex League,Position Player,16,562,0.2196346037428323,0.0878756847998736,0.1075163156361352,0.7393582320433291,0.2871712165098257,,,24.079064749190817,48.26013732962274,INT-0114,source_id,Dominican Republic,-0.31174496517132144,C,23000.0,Dominican Republic,45,C,18 and under,Under $100K,-0.05057644872892153,2024.0,0.0
INT-0114,Ji-ho Mori 2,2007-07-26,Dominican Rep.,2024,Dominican Summer League,Position Player,17,419,0.2221591290516762,0.0965483814058721,0.1616386853898448,0.7844464565681645,0.2675614434714483,,,24.623720329398367,26.095579711512016,INT-0114,source_id,Dominican Republic,-0.05057644872892153,C,23000.0,Dominican Republic,45,C,18 and under,Under $100K,-0.7085902200718414,2025.0,0.0
INT-0114,Ji-ho Mori 2,2007-07-26,Dominican Republic,2025,Complex League,Position Player,18,467,0.1680350600361225,0.0964086159376276,0.0831389789426726,0.7383096966960901,0.3028636666980802,,,24.87975565207113,41.60210556062545,INT-0114,source_id,Dominican Republic,-0.7085902200718414,C,23000.0,Dominican Republic,45,C,18 and under,Under $100K,,,
INT-0115,JORGE MENDEZ 2,2007-11-24,Dominican Republic,2025,Dominican Summer League,Position Player,18,146,0.2169716471788223,0.0711790546393758,0.1085805486290081,0.7643186980854086,0.3134701889047266,,,26.49085175129273,54.17171474175735,INT-0115,source_id,Dominican Republic,0.0840382169598383,IF,22000.0,Dominican Republic,40,IF,18 and under,Under $100K,,,
INT-0116,Emilio Yamamoto,2002-01-09,Dominican Republic,2022,Dominican Summer League,Position Player,20,160,0.1905041247383099,0.0822624243207102,0.0213494933272953,0.7457332305380514,0.3332904559101646,,,27.22220873791987,65.93989861334009,INT-0116,source_id,Dominican Republic,0.14721951053272622,OF,33000.0,Dominican Republic,40,OF,19-20,Under $100K,0.7771725912691776,2023.0,1.0
INT-0116,Emilio Yamamoto,2002-01-09,Dominican Republic,2023,Dominican Summer League,Position Player,21,175,0.2012641075751964,0.1033843960477254,0.1125890121276662,0.7536736357821817,0.3094571425124016,,,27.670181598559356,68.52061299906559,INT-0116,source_id,Dominican Republic,0.7771725912691776,OF,33000.0,Dominican Republic,40,OF,21-22,Under $100K,0.4869452821036518,2024.0,1.0
INT-0116,Emilio Yamamoto,2002-01-09,Dominican Republic,2024,Complex League,Position Player,22,117,0.2546821399194975,0.0833898950218381,0.0518020292341127,0.7817400216166834,0.2961598815786075,,,27.74394366817577,63.01547803712829,INT-0116,source_id,Dominican Republic,0.4869452821036518,OF,33000.0,Dominican Republic,40,OF,21-22,Under $100K,1.204771818517695,2025.0,1.0
INT-0116,Emilio Yamamoto,2002-01-09,Dominican Rep.,2025,Complex League,Position Player,23,474,0.232397421254816,0.0714212032026892,0.0997906751950016,0.808807723699372,0.2560069117527651,,,27.49189582379376,73.69126022085891,INT-0116,source_id,Dominican Republic,1.204771818517695,OF,33000.0,Dominican Republic,40,OF,23+,Under $100K,,,
INT-0117,Ren Ortega,2000-12-08,Venezuela,2022,Complex League,Pitcher,22,308,0.141058354379081,0.0946731160587676,,,,88.12388244336914,0.5053234314770323,,44.055436558519325,INT-0117,source_id,Venezuela,-0.18429977211269646,RHP,130000.0,Venezuela,40,Pitcher,21-22,$100K-$499K,-0.2392279678399447,2023.0,0.0
INT-0117,Ren Ortega,2000-12-08,Venezuela,2023,Dominican Summer League,Pitcher,23,296,0.2166298144977319,0.1066980176380957,,,,88.78426494625683,0.4524771203675802,,38.23668947180733,INT-0117,source_id,Venezuela,-0.2392279678399447,RHP,130000.0,Venezuela,40,Pitcher,23+,$100K-$499K,-0.048199211350248405,2024.0,0.0
INT-0117,REN ORTEGA,2000-12-08,Venezuela,2024,Complex League,Pitcher,24,443,0.1971549612921958,0.0685459008534978,,,,90.73149946868352,0.4891973378058502,,33.23159459038132,INT-0117,source_id,Venezuela,-0.048199211350248405,RHP,130000.0,Venezuela,40,Pitcher,23+,$100K-$499K,0.06009381615578596,2025.0,0.0
INT-0117,Ren Ortega,2000-12-08,Venezuela,2025,Dominican Summer League,Pitcher,25,453,0.2383219882643864,0.0770515013342482,,,,88.5900880148319,0.5141029258843913,,39.962484851822296,INT-0117,source_id,Venezuela,0.06009381615578596,RHP,130000.0,Venezuela,40,Pitcher,23+,$100K-$499K,,,
INT-0118,Daniel Mendez,2004-02-25,Cuba,2023,Cuban National Series,Position Player,19,96,0.2222536408032425,0.07020055686619,0.1820877956477421,0.6963575650738597,0.3273867676566407,,,27.091313193341453,56.63029890610941,INT-0118,source_id,Cuba,0.3040679921349814,OF,295000.0,Cuba,40,OF,19-20,$100K-$499K,0.3098225948608951,2024.0,0.0
INT-0118,Daniel Mendez,2004-02-25,Cuba,2024,Independent,Position Player,20,395,0.2461868231140047,0.0945073731167486,0.1054275156550868,0.7568345825562233,0.3026178325706203,,,27.21441119895302,55.61553354411664,INT-0118,source_id,Cuba,0.3098225948608951,OF,295000.0,Cuba,40,OF,19-20,$100K-$499K,0.2883215444331231,2025.0,0.0
INT-0118,Daniel Mendez,2004-02-25,Cuba,2025,Cuban National Series,Position Player,21,385,0.2235938966205903,0.083750887199357,0.1653986666448956,0.761291025536115,0.2962266768539038,,,26.117971610684037,49.53120093555341,INT-0118,source_id,Cuba,0.2883215444331231,OF,295000.0,Cuba,40,OF,21-22,$100K-$499K,,,
INT-0119,Yun-seo Ortega,2000-02-20,VZ,2022,Complex League,Pitcher,22,304,0.2328868233289592,0.1179139836245611,,,,89.01708163082233,0.4867194178126772,,38.84393321285202,INT-0119,source_id,Venezuela,0.019632503561886894,LHP,251000.0,Venezuela,50,Pitcher,21-22,$100K-$499K,-0.4392582891946262,2023.0,0.0
INT-0119,Yun-seo Ortega,2000-02-20,Venezuela,2023,Complex League,Pitcher,23,374,0.1773658660605883,0.1101168920821004,,,,89.34404109055204,0.4346157403436357,,43.433136533206365,INT-0119,source_id,Venezuela,-0.4392582891946262,LHP,251000.0,Venezuela,50,Pitcher,23+,$100K-$499K,-0.4531067731026782,2024.0,0.0
INT-0119,Yun-seo Ortega,2000-02-20,Venezuela,2024,Dominican Summer League,Pitcher,24,308,0.2280960604712298,0.1466204493247775,,,,90.90913788251736,0.4177646677686034,,47.595610618496416,INT-0119,source_id,Venezuela,-0.4531067731026782,LHP,251000.0,Venezuela,50,Pitcher,23+,$100K-$499K,0.3109936701459945,2025.0,0.0
INT-0119,Yun-seo Ortega,2000-02-20,Venezuela,2025,Dominican Summer League,Pitcher,25,385,0.2679650694656019,0.1132057321144867,,,,91.81341463008444,0.5062758611717723,,48.75289817126776,INT-0119,source_id,Venezuela,0.3109936701459945,LHP,251000.0,Venezuela,50,Pitcher,23+,$100K-$499K,,,
,Yun-seo Garcia,2002-07-18,Panama,2022,Panamanian League,Pitcher,20,550,0.1003932827405622,0.0846394067163035,,,,86.48108324950665,0.4570035029765406,,49.89455863603188,INT-0120,name_birth_date,Panama,-0.5931060754168177,RHP,18000.0,Panama,35,Pitcher,19-20,Under $100K,-0.6074223603028712,2023.0,0.0
INT-0120,Yun-seo Garcia,2002-07-18,Panama,2023,Complex League,Pitcher,21,546,0.1143899006595931,0.1025954591942484,,,,86.50201544824931,0.5012713529664843,,50.8071268906836,INT-0120,source_id,Panama,-0.6074223603028712,RHP,18000.0,Panama,35,Pitcher,21-22,Under $100K,-0.4907260468513653,2024.0,0.0
INT-0120,Yun-seo Garcia,2002-07-18,Panama,2024,Complex League,Pitcher,22,177,0.1856445867900796,0.085245600628163,,,,85.4587837482661,0.4950848674702829,,43.769464016296965,INT-0120,source_id,Panama,-0.4907260468513653,RHP,18000.0,Panama,35,Pitcher,21-22,Under $100K,-0.3651515111140651,2025.0,0.0
INT-0120,Yun-seo Garcia,2002-07-18,Panama,2025,Panamanian League,Pitcher,23,384,0.1427155104057162,0.0737219854354061,,,,87.9680560981847,0.5136267904059804,,49.96818934959969,INT-0120,source_id,Panama,-0.3651515111140651,RHP,18000.0,Panama,35,Pitcher,23+,Under $100K,,,
INT-0121,Isaac Quintero,2006-03-14,Mexico,2025,Mexican Pacific League,Position Player,19,300,0.2894686501407488,0.0641602225126165,0.1517897176992971,0.6658285433106579,0.3444665143101726,,,27.965337504286456,60.84957589629765,INT-0121,source_id,Mexico,-0.11118134764248572,IF,952000.0,Mexico,65,IF,19-20,$500K-$1.49M,,,
INT-0122,Santiago Rojas,2000-07-12,Venezuela,2022,Complex League,Position Player,22,612,0.2681907234668761,0.0849746827819574,0.1406105171638171,0.7303629687942136,0.2828351814054584,,,26.123430586421108,41.69725056766638,INT-0122,source_id,Venezuela,0.11711751863319869,OF,331000.0,Venezuela,55,OF,21-22,$100K-$499K,0.31051380320329763,2023.0,0.0
INT-0122,Santiago Rojas,2000-07-12,Venezuela,2023,Complex League,Position Player,23,379,0.1911151740279489,0.0886062179460011,0.1701398473531765,0.7432820127494354,0.2920618300443129,,,25.43930551890772,49.83516714328246,INT-0122,source_id,Venezuela,0.31051380320329763,OF,331000.0,Venezuela,55,OF,23+,$100K-$499K,0.4200071442030371,2024.0,0.0
INT-0122,Santiago Rojas,2000-07-12,VZ,2024,Complex League,Position Player,24,232,0.2933065749452979,0.0966678034760876,0.2190243424951122,0.7378560539752228,0.2615082778596167,,,25.066538772488304,47.1482518716187,INT-0122,source_id,Venezuela,0.4200071442030371,OF,331000.0,Venezuela,55,OF,23+,$100K-$499K,0.18660520507438147,2025.0,0.0
INT-0122,Santiago Rojas,2000-07-12,Venezuela,2025,Complex League,Position Player,25,526,0.2370790308075948,0.1027066820368933,0.1519230618876934,0.7700914194323217,0.265223056438143,,,25.57564417518685,43.06862230258923,INT-0122,source_id,Venezuela,0.18660520507438147,OF,331000.0,Venezuela,55,OF,23+,$100K-$499K,,,
INT-0123,Ren Quintero,2004-06-15,Dominican Republic,2022,Complex League,Pitcher,18,406,0.1936948078148602,0.1081212507583182,,,,88.20818137513699,0.4480072323496762,,31.91512239592341,INT-0123,source_id,Dominican Republic,-0.45215979127502576,RHP,21000.0,Dominican Republic,40,Pitcher,18 and under,Under $100K,-0.9323918417011837,2023.0,0.0
INT-0123,Ren Quintero,2004-06-15,Dominican Republic,2023,Dominican Summer League,Pitcher,19,447,0.1566718424132839,0.1202654315885076,,,,88.67812758346714,0.4647094887181685,,20.323649657107747,INT-0123,source_id,Dominican Republic,-0.9323918417011837,RHP,21000.0,Dominican Republic,40,Pitcher,19-20,Under $100K,0.27642434001521304,2024.0,0.0
INT-0123,Ren Quintero,2004-06-15,Dominican Republic,2024,Complex League,Pitcher,20,292,0.2328314460824462,0.0611845513101816,,,,92.16724519176348,0.4832141444754655,,30.719642717504247,INT-0123,source_id,Dominican Republic,0.27642434001521304,RHP,21000.0,Dominican Republic,40,Pitcher,19-20,Under $100K,-0.41605629826822105,2025.0,0.0
INT-0123,Ren Quintero,2004-06-15,Dominican Republic,2025,Dominican Summer League,Pitcher,21,153,0.2176744487373093,0.0971013594168056,,,,90.4964048101638,0.4561253978515261,,31.9969941186341,INT-0123,source_id,Dominican Republic,-0.41605629826822105,RHP,21000.0,Dominican Republic,40,Pitcher,21-22,Under $100K,,,
INT-0124,Kaito Vargas,2004-01-17,DOM,2023,Dominican Summer League,Position Player,19,157,0.2768278081758566,0.0748785650704133,0.1137022895420434,0.7599158948185907,0.3349650552413779,,,25.50505343212768,39.12831723438137,INT-0124,source_id,Dominican Republic,-0.33461718810792296,IF,144000.0,Dominican Republic,50,IF,19-20,$100K-$499K,-0.30861809664300266,2024.0,0.0
INT-0124,Kaito Vargas,2004-01-17,Dominican Republic,2024,Dominican Summer League,Position Player,20,272,0.2210718068376842,0.0575606608695631,0.1841178317853791,0.7194908748350228,0.3228591713039495,,,24.701480427430056,41.90766529366801,INT-0124,source_id,Dominican Republic,-0.30861809664300266,IF,144000.0,Dominican Republic,50,IF,19-20,$100K-$499K,0.19939199473463964,2025.0,0.0
INT-0124,Kaito Vargas,2004-01-17,Dominican Republic,2025,Complex League,Position Player,21,173,0.2389822956627752,0.0692437810559576,0.1730296911284753,0.7551752145299826,0.2842047181727641,,,25.679885865680813,46.07045826863088,INT-0124,source_id,Dominican Republic,0.19939199473463964,IF,144000.0,Dominican Republic,50,IF,21-22,$100K-$499K,,,
INT-0126,Alejandro Nakamura,2004-09-10,Venezuela,2022,Complex League,Pitcher,18,472,0.2864463186875512,0.1128609648804103,,,,91.70816222804385,0.4603143253583729,,33.07882001160476,INT-0126,source_id,Venezuela,0.380797018420869,RHP,120000.0,Venezuela,55,Pitcher,18 and under,$100K-$499K,0.4947800964341448,2023.0,1.0
INT-0126,  Alejandro Nakamura ,2004-09-10,Venezuela,2023,Complex League,Pitcher,19,546,0.3208463529697016,0.1229126247233584,,,,91.91987681382172,0.4805259575252806,,28.847329423542337,INT-0126,source_id,Venezuela,0.4947800964341448,RHP,120000.0,Venezuela,55,Pitcher,19-20,$100K-$499K,0.6493836361237992,2024.0,1.0
INT-0126,Alejandro Nakamura,2004-09-10,Venezuela,2024,Dominican Summer League,Pitcher,20,87,0.3046213720506132,0.0957235579358506,,,,91.1022026087738,0.5140742237626779,,40.11307692498694,INT-0126,source_id,Venezuela,0.6493836361237992,RHP,120000.0,Venezuela,55,Pitcher,19-20,$100K-$499K,0.4399659788558767,2025.0,1.0
INT-0126,Alejandro Nakamura,2004-09-10,VEN,2025,Dominican Summer League,Pitcher,21,196,0.3506702476908506,0.1125433081752873,,,,92.13716318925954,0.4604239785179445,,35.7607490933176,INT-0126,source_id,Venezuela,0.4399659788558767,RHP,120000.0,Venezuela,55,Pitcher,21-22,$100K-$499K,,,
INT-0127,Ji-ho Estrada,2001-07-06,Dominican Republic,2022,Dominican Summer League,Pitcher,21,540,0.2283511056150961,0.0814020470600008,,,,89.86819637405914,0.4558570773329067,,42.26319582648468,INT-0127,source_id,Dominican Republic,0.3066151959502481,LHP,155000.0,Dominican Republic,40,Pitcher,21-22,$100K-$499K,0.5084124726809617,2023.0,1.0
,Ji-ho Estrada,2001-07-06,Dominican Rep.,2023,Dominican Summer League,Pitcher,22,148,0.2443836071352562,0.0943361809784522,,,,89.54028961794668,0.5023858493191284,,51.47588680523784,INT-0127,name_birth_date,Dominican Republic,0.5084124726809617,LHP,155000.0,Dominican Republic,40,Pitcher,21-22,$100K-$499K,0.45172507791572847,2024.0,1.0
INT-0127,Ji-ho Estrada,2001-07-06,Dominican Republic,2024,Dominican Summer League,Pitcher,23,153,0.2356878224035926,0.0790089906604079,,,,90.73194098231032,0.5052965420858077,,50.1039693791725,INT-0127,source_id,Dominican Republic,0.45172507791572847,LHP,155000.0,Dominican Republic,40,Pitcher,23+,$100K-$499K,0.2159316068043444,2025.0,0.0
INT-0127,  JI-HO ESTRADA ,2001-07-06,Dominican Republic,2025,Complex League,Pitcher,24,353,0.1809494132203715,0.0840870938696514,,,,93.54368177734646,0.5173961251891098,,48.277846219666266,INT-0127,source_id,Dominican Republic,0.2159316068043444,LHP,155000.0,Dominican Republic,40,Pitcher,23+,$100K-$499K,,,
INT-0128,Javier Jimenez,2005-07-23,Dominican Republic,2023,Dominican Summer League,Pitcher,18,229,0.2122708986678668,0.125504505865719,,,,88.50907173973214,0.423562601130002,,45.34154210623269,INT-0128,source_id,Dominican Republic,-0.45674625713207384,RHP,18000.0,Dominican Republic,40,Pitcher,18 and under,Under $100K,-0.6700352012044855,2024.0,0.0
INT-0128,Javier Jimenez,2005-07-23,DOM,2024,Complex League,Pitcher,19,455,0.1529376266924432,0.1142485732455286,,,,88.33426544175174,0.4324843556175967,,57.65573053662568,INT-0128,source_id,Dominican Republic,-0.6700352012044855,RHP,18000.0,Dominican Republic,40,Pitcher,19-20,Under $100K,-0.3423478595126399,2025.0,0.0
INT-0128,Javier Jimenez,2005-07-23,Dominican Republic,2025,Dominican Summer League,Pitcher,20,318,0.1850232638376177,0.1004291669450279,,,,89.17262968337741,0.4423608307320085,,61.217736736024456,INT-0128,source_id,Dominican Republic,-0.3423478595126399,RHP,18000.0,Dominican Republic,40,Pitcher,19-20,Under $100K,,,
INT-0130,Yun-seo Navarro,1999-12-10,DOM,2022,Dominican Summer League,Position Player,23,353,0.2997397648156582,0.027271043221064,0.0685636933194103,0.635063192911364,0.353035191282138,,,23.81381205898925,40.01453465792572,INT-0130,source_id,Dominican Republic,-1.616995296311783,IF,10000.0,Dominican Republic,35,IF,23+,Under $100K,-0.6850481024986228,2023.0,0.0
INT-0130,Yun-seo Navarro,1999-12-10,Dominican Republic,2023,Dominican Summer League,Position Player,24,309,0.2530348675000715,0.0577235818555914,0.1546590868466765,0.702128203462681,0.3198411529736166,,,25.443860964841303,29.077347005839627,INT-0130,source_id,Dominican Republic,-0.6850481024986228,IF,10000.0,Dominican Republic,35,IF,23+,Under $100K,-0.5728549568199759,2024.0,0.0
INT-0130,Yun-seo Navarro,1999-12-10,Dominican Republic,2024,Dominican Summer League,Position Player,25,166,0.2729952801401745,0.0624017397862788,0.138273480197555,0.6963700072597315,0.3257708807705746,,,25.24672524839791,44.86650638351185,INT-0130,source_id,Dominican Republic,-0.5728549568199759,IF,10000.0,Dominican Republic,35,IF,23+,Under $100K,-0.6977107816188071,2025.0,0.0
INT-0130,Yun-seo Navarro,1999-12-10,Dominican Republic,2025,Dominican Summer League,Position Player,26,266,0.2383843940243385,0.0595251620033715,0.0938122464633567,0.7528349065289065,0.3154559254645098,,,24.66004211478126,39.32214496554843,INT-0130,source_id,Dominican Republic,-0.6977107816188071,IF,10000.0,Dominican Republic,35,IF,23+,Under $100K,,,
INT-0131,Isaac Ramirez,2004-06-13,Dominican Republic,2022,Complex League,Pitcher,18,615,0.2256144420349184,0.118125190090598,,,,91.73712961780328,0.4730420877191286,,61.93298340283471,INT-0131,source_id,Dominican Republic,0.47709596388163666,RHP,36000.0,Dominican Republic,45,Pitcher,18 and under,Under $100K,0.9918489390970169,2023.0,1.0
,Isaac Ramirez,2004-06-13,Dominican Republic,2023,Complex League,Pitcher,19,538,0.2839077459348081,0.0987290513983302,,,,92.42404225708206,0.4645164714085285,,63.53109351720488,INT-0131,name_birth_date,Dominican Republic,0.9918489390970169,RHP,36000.0,Dominican Republic,45,Pitcher,19-20,Under $100K,0.22346193538317885,2024.0,0.0
INT-0131,Isaac Ramirez,2004-06-13,Dominican Republic,2024,Dominican Summer League,Pitcher,20,257,0.2189197514591223,0.1073564768748411,,,,93.16824439305849,0.4741397036975207,,49.55567761223977,INT-0131,source_id,Dominican Republic,0.22346193538317885,RHP,36000.0,Dominican Republic,45,Pitcher,19-20,Under $100K,0.5411996615040648,2025.0,1.0
INT-0131,Isaac Ramirez,2004-06-13,Dominican Republic,2025,Complex League,Pitcher,21,290,0.2452813912858573,0.0857488004323164,,,,93.31596120545002,0.4949865293567631,,52.99347009039013,INT-0131,source_id,Dominican Republic,0.5411996615040648,RHP,36000.0,Dominican Republic,45,Pitcher,21-22,Under $100K,,,
INT-0132,Andres Choi,2000-11-05,Panama,2022,Complex League,Position Player,22,93,0.2597364139717204,0.0732184541195901,0.1335715137954834,0.7320790872048831,0.3173695640812309,,,27.484167697507026,47.88185966182539,INT-0132,source_id,Panama,0.2868321686364023,OF,59000.0,Panama,40,OF,21-22,Under $100K,0.4096817108631441,2023.0,0.0
INT-0132,ANDRES CHOI,2000-11-05,Panama,2023,Panamanian League,Position Player,23,106,0.2391470847313083,0.1039992933865209,0.1704379574350128,0.7299119422757099,0.2925179251638843,,,25.238369591565267,59.71829161500889,INT-0132,source_id,Panama,0.4096817108631441,OF,59000.0,Panama,40,OF,23+,Under $100K,0.3823383490250894,2024.0,0.0
INT-0132,  Andres Choi ,2000-11-05,Panama,2024,Complex League,Position Player,24,123,0.2309672181582051,0.1182267468068458,0.1468292391878702,0.7056206362570798,0.2785772825542508,,,26.848794904746068,64.75143835522842,INT-0132,source_id,Panama,0.3823383490250894,OF,59000.0,Panama,40,OF,23+,Under $100K,0.5703642904037733,2025.0,1.0
INT-0132,Andres Choi,2000-11-05,Panama,2025,Complex League,Position Player,25,456,0.2421569886116382,0.1041590091545573,0.1348075572662816,0.7739392352911932,0.2536891522825776,,,26.188630464302747,56.161794169005454,INT-0132,source_id,Panama,0.5703642904037733,OF,59000.0,Panama,40,OF,23+,Under $100K,,,
INT-0133,Emilio Fernandez,2004-12-21,Dominican Republic,2022,Dominican Summer League,Pitcher,18,603,0.1581328728314981,0.1077134244857682,,,,85.47048111443694,0.4206558407130707,,41.31251056203818,INT-0133,source_id,Dominican Republic,-0.865382196143105,RHP,40000.0,Dominican Republic,30,Pitcher,18 and under,Under $100K,-0.6519880545034547,2023.0,0.0
INT-0133,EMILIO FERNANDEZ,2004-12-21,Dominican Republic,2023,Dominican Summer League,Pitcher,19,413,0.1976823337948165,0.1376156055483524,,,,86.63979541558635,0.4223269841127208,,56.05861919465255,INT-0133,source_id,Dominican Republic,-0.6519880545034547,RHP,40000.0,Dominican Republic,30,Pitcher,19-20,Under $100K,-1.0233549259504415,2024.0,0.0
INT-0133,Emilio Fernandez,2004-12-21,Dominican Republic,2024,Dominican Summer League,Pitcher,20,333,0.1347017159091338,0.1141232013760896,,,,85.61153718764282,0.4819490821905439,,44.936389269787846,INT-0133,source_id,Dominican Republic,-1.0233549259504415,RHP,40000.0,Dominican Republic,30,Pitcher,19-20,Under $100K,-0.26189022460282396,2025.0,0.0
,Emilio Fernandez,2004-12-21,Dominican Republic,2025,Complex League,Pitcher,21,589,0.2199235297988805,0.094410649485769,,,,88.16083006990205,0.4815953129135191,,45.53160517466807,INT-0133,name_birth_date,Dominican Republic,-0.26189022460282396,RHP,40000.0,Dominican Republic,30,Pitcher,21-22,Under $100K,,,
INT-0134,Min-jun Estrada,2002-03-26,Japan,2022,NPB Farm,Position Player,20,196,0.2451410917529209,0.0814952989827676,0.02,0.6884547176010618,0.2963761549959428,,,27.86459101659155,52.34450441090426,INT-0134,source_id,Japan,-0.3192260947044595,OF,10000.0,Japan,40,OF,19-20,Under $100K,0.5952338249848736,2023.0,1.0
INT-0134,Min-jun Estrada,2002-03-26,Japan,2023,Industrial League,Position Player,21,469,0.2131958883221247,0.1058557730206259,0.0835729407462463,0.766831616241226,0.2744634673659996,,,27.4981107748516,57.64586176294272,INT-0134,source_id,Japan,0.5952338249848736,OF,10000.0,Japan,40,OF,21-22,Under $100K,-0.2881175281222205,2024.0,0.0
,Min-jun Estrada,2002-03-26,Japan,2024,Industrial League,Position Player,22,500,0.2489371625895477,0.0841788572027245,0.037300664034484,0.7030658956018397,0.2435867358926061,,,26.985453531437027,50.960203833402446,INT-0134,name_birth_date,Japan,-0.2881175281222205,OF,10000.0,Japan,40,OF,21-22,Under $100K,0.15056013814764846,2025.0,0.0
,Min-jun Estrada,2002-03-26,Japan,2025,Industrial League,Position Player,23,156,0.1517052674539043,0.0850103360960271,0.1122570266994906,0.7915585592454468,0.3240761301151791,,,25.69772470519655,55.4090988937058,INT-0134,name_birth_date,Japan,0.15056013814764846,OF,10000.0,Japan,40,OF,23+,Under $100K,,,
INT-0135,  Rafael Ortega ,2005-01-16,Cuba,2023,Independent,Pitcher,18,508,0.1427579501196697,0.1196217261033817,,,,84.8982223525484,0.4699124570071854,,63.352600202388935,INT-0135,source_id,Cuba,-0.6688616782817437,RHP,10000.0,Cuba,25,Pitcher,18 and under,Under $100K,-0.9269284915534813,2024.0,0.0
INT-0135,Rafael Ortega,2005-01-16,Cuba,2024,Independent,Pitcher,19,162,0.084032715971048,0.090076141405508,,,,85.23332621255533,0.4963081394387547,,57.34514424609467,INT-0135,source_id,Cuba,-0.9269284915534813,RHP,10000.0,Cuba,25,Pitcher,19-20,Under $100K,-0.7292489937226508,2025.0,0.0
INT-0135,Rafael Ortega,2005-01-16,Cuba,2025,Independent,Pitcher,20,188,0.1170664526275851,0.0682971214411822,,,,85.0673859541054,0.4524199763966554,,64.13622281326701,INT-0135,source_id,Cuba,-0.7292489937226508,RHP,10000.0,Cuba,25,Pitcher,19-20,Under $100K,,,
INT-0136,Hector Nakamura,2000-03-16,Venezuela,2022,Complex League,Pitcher,22,129,0.1447559739636796,0.1429706311717671,,,,83.9497423752439,0.4518742075654536,,40.238986082935234,INT-0136,source_id,Venezuela,-1.2599660471435277,RHP,12000.0,Venezuela,40,Pitcher,21-22,Under $100K,-1.06737140934356,2023.0,0.0
INT-0136,Hector Nakamura,2000-03-16,Venezuela,2023,Dominican Summer League,Pitcher,23,82,0.1521774235587123,0.1189728010151349,,,,84.74494499373587,0.4533961374017743,,39.091803086994666,INT-0136,source_id,Venezuela,-1.06737140934356,RHP,12000.0,Venezuela,40,Pitcher,23+,Under $100K,-0.3278082468758862,2024.0,0.0
INT-0136,Hector Nakamura,2000-03-16,Venezuela,2024,Dominican Summer League,Pitcher,24,278,0.1520455159366631,0.0787679062491969,,,,87.48149489359487,0.4825151009035184,,55.65825043831091,INT-0136,source_id,Venezuela,-0.3278082468758862,RHP,12000.0,Venezuela,40,Pitcher,23+,Under $100K,-1.2745689932609734,2025.0,0.0
INT-0136,Hector Nakamura,2000-03-16,VEN,2025,Complex League,Pitcher,25,405,0.1271356556175778,0.1354653825764848,,,,86.95708017436596,0.4217068793677875,,57.569154292858144,INT-0136,source_id,Venezuela,-1.2745689932609734,RHP,12000.0,Venezuela,40,Pitcher,23+,Under $100K,,,
INT-0137,Esteban Quintero,1999-10-27,D.R.,2022,Dominican Summer League,Position Player,23,269,0.2978849298488503,0.0551253127829166,0.1413059543021889,0.7306137812147336,0.36784173360108,,,24.530120262196828,50.250057771664,INT-0137,source_id,Dominican Republic,-0.30464401528455815,IF,458000.0,Dominican Republic,55,IF,23+,$100K-$499K,-0.2999284150672399,2023.0,0.0
,ESTEBAN QUINTERO,1999-10-27,Dominican Republic,2023,Complex League,Position Player,24,94,0.2500822479143652,0.0580819672455251,0.1644571460486616,0.6745667422187486,0.365768276007413,,,26.070749748381488,56.91397160866331,INT-0137,name_birth_date,Dominican Republic,-0.2999284150672399,IF,458000.0,Dominican Republic,55,IF,23+,$100K-$499K,0.14205160494456817,2024.0,0.0
INT-0137,Esteban Quintero,1999-10-27,Dominican Republic,2024,Complex League,Position Player,25,611,0.2825452764960472,0.0496529490834059,0.199554207294609,0.7200395854205007,0.3533319332365264,,,26.32864457363189,54.881048231140895,INT-0137,source_id,Dominican Republic,0.14205160494456817,IF,458000.0,Dominican Republic,55,IF,23+,$100K-$499K,0.044997460585087024,2025.0,0.0
INT-0137,Esteban Quintero,1999-10-27,Dominican Republic,2025,Complex League,Position Player,26,507,0.2731722922463351,0.0952336269305253,0.188993172933827,0.7359385012589409,0.2668637320987816,,,25.425411421257564,39.451417431036745,INT-0137,source_id,Dominican Republic,0.044997460585087024,IF,458000.0,Dominican Republic,55,IF,23+,$100K-$499K,,,
INT-0138,Nicolas Lee,2000-04-08,Dominican Republic,2022,Dominican Summer League,Pitcher,22,335,0.1639228974297699,0.1056847763440872,,,,88.22139559041136,0.4779175628609741,,67.84042977289211,INT-0138,source_id,Dominican Republic,0.06395532060190603,LHP,10000.0,Dominican Republic,35,Pitcher,21-22,Under $100K,0.305715227266116,2023.0,0.0
INT-0138,Nicolas Lee,2000-04-08,Dominican Rep.,2023,Complex League,Pitcher,23,455,0.2035486868657138,0.0914368118260239,,,,87.45876485697565,0.4814373384171931,,70.30267129537145,INT-0138,source_id,Dominican Republic,0.305715227266116,LHP,10000.0,Dominican Republic,35,Pitcher,23+,Under $100K,0.8838885768799694,2024.0,1.0
INT-0138,  Nicolas Lee ,2000-04-08,Dominican Republic,2024,Dominican Summer League,Pitcher,24,589,0.2261866004360422,0.057966536811684,,,,90.12166629666665,0.5280387397716281,,68.32391555721013,INT-0138,source_id,Dominican Republic,0.8838885768799694,LHP,10000.0,Dominican Republic,35,Pitcher,23+,Under $100K,0.9711851480891409,2025.0,1.0
INT-0138,Nicolas Lee,2000-04-08,Dominican Republic,2025,Dominican Summer League,Pitcher,25,269,0.2605060498809963,0.0434388881454334,,,,88.52038905356851,0.4893729676166423,,80.0,INT-0138,source_id,Dominican Republic,0.9711851480891409,LHP,10000.0,Dominican Republic,35,Pitcher,23+,Under $100K,,,
INT-0139,Andres Fernandez,2000-03-11,Mexico,2022,Mexican Pacific League,Position Player,22,547,0.2568265877127271,0.0208632178425105,0.1909514552452234,0.6668900701308019,0.319445001351979,,,27.13705008467212,64.5438237888942,INT-0139,source_id,Mexico,0.40928931999694845,OF,189000.0,Mexico,55,OF,21-22,$100K-$499K,-0.008368536191196901,2023.0,0.0
INT-0139,Andres Fernandez,2000-03-11,Mexico,2023,Mexican League,Position Player,23,567,0.2857300809471597,0.0599007361952335,0.1227850812435846,0.6849594635687073,0.3134662427418317,,,27.226514597383463,57.32076088404389,INT-0139,source_id,Mexico,-0.008368536191196901,OF,189000.0,Mexico,55,OF,23+,$100K-$499K,-0.12103843477951026,2024.0,0.0
INT-0139,Andres Fernandez,2000-03-11,Mexico,2024,Mexican League,Position Player,24,482,0.2726824033816907,0.064066607055101,0.1768165994026589,0.6285418071214405,0.3470730015797779,,,27.51062506064012,70.02242837432169,INT-0139,source_id,Mexico,-0.12103843477951026,OF,189000.0,Mexico,55,OF,23+,$100K-$499K,0.00982939322583104,2025.0,0.0
INT-0139,Andres Fernandez,2000-03-11,Mexico,2025,Mexican League,Position Player,25,238,0.2141890326348339,0.0530630783734465,0.2276246716697001,0.6880728642261239,0.3594624740677615,,,26.205192921524613,56.03367081729657,INT-0139,source_id,Mexico,0.00982939322583104,OF,189000.0,Mexico,55,OF,23+,$100K-$499K,,,
INT-0140,Nicolas Kim,2000-12-03,DOM,2022,Dominican Summer League,Position Player,22,509,0.269464713473693,0.1210168435675177,0.1660216043883923,0.7143333881124095,0.2364763397185591,,,24.74207283664784,56.1440542661393,INT-0140,source_id,Dominican Republic,0.451613977004674,OF,38000.0,Dominican Republic,50,OF,21-22,Under $100K,0.19851185424848897,2023.0,0.0
INT-0140,NICOLAS KIM,2000-12-03,Dominican Republic,2023,Complex League,Position Player,23,87,0.2241762805094009,0.0838136983471553,0.1348163439277332,0.7213615676666243,0.3052748009192724,,,25.95741399769278,59.46777164379653,INT-0140,source_id,Dominican Republic,0.19851185424848897,OF,38000.0,Dominican Republic,50,OF,23+,Under $100K,0.6891703135675594,2024.0,1.0
INT-0140,Nicolas Kim,2000-12-03,Dominican Republic,2024,Complex League,Position Player,24,435,0.2386792838334657,0.0957071018912177,0.1662290770501574,0.801390190785818,0.3258372922086369,,,26.602183977439275,53.07117607285369,INT-0140,source_id,Dominican Republic,0.6891703135675594,OF,38000.0,Dominican Republic,50,OF,23+,Under $100K,0.008470953375579376,2025.0,0.0
INT-0140,Nicolas Kim,2000-12-03,Dominican Republic,2025,Complex League,Position Player,25,394,0.2373277633525935,0.1065176854021559,0.1318084854012371,0.7338934258070049,0.2877360997934583,,,25.715836608048143,53.95990541717956,INT-0140,source_id,Dominican Republic,0.008470953375579376,OF,38000.0,Dominican Republic,50,OF,23+,Under $100K,,,
INT-0141,Jorge Dominguez 2,2005-07-14,Dominican Republic,2023,Complex League,Position Player,18,291,0.2338472168779218,0.0786835841458833,0.1245678263369617,0.7010673308582344,0.3648949236897992,,,25.116677085717107,45.35002309273951,INT-0141,source_id,Dominican Republic,-0.7586562998490983,C,145000.0,Dominican Republic,40,C,18 and under,$100K-$499K,0.23623102935648443,2024.0,0.0
INT-0141,Jorge Dominguez 2,2005-07-14,DOM,2024,Dominican Summer League,Position Player,19,542,0.2352257597279431,0.0880815666715077,0.1481125893399878,0.7559687028401968,0.268720148539491,,,25.005048818082344,50.50288327906688,INT-0141,source_id,Dominican Republic,0.23623102935648443,C,145000.0,Dominican Republic,40,C,19-20,$100K-$499K,-0.5507299215901529,2025.0,0.0
INT-0141,Jorge Dominguez 2,2005-07-14,Dominican Republic,2025,Dominican Summer League,Position Player,20,343,0.219500030347644,0.0691271304702809,0.1069071715158523,0.7065755041097203,0.2871490939005922,,,25.41856473304558,45.41165685394977,INT-0141,source_id,Dominican Republic,-0.5507299215901529,C,145000.0,Dominican Republic,40,C,19-20,$100K-$499K,,,
INT-0142,Ji-ho Garcia,1999-09-22,South Korea,2022,Independent,Position Player,23,134,0.2248941253997921,0.0432278796381419,0.1562983731972323,0.7070890320258941,0.3511073235640493,,,24.75653838468541,46.43331926493085,INT-0142,source_id,South Korea,-0.3800601672778135,OF,1512000.0,South Korea,65,OF,23+,$1.5M+,0.2881780844350383,2023.0,0.0
INT-0142,Ji-ho Garcia,1999-09-22,South Korea,2023,Independent,Position Player,24,264,0.2983840987529155,0.0763068873129269,0.1796400980314992,0.7119694933027855,0.2986742568968774,,,26.19118363544589,52.19540404203873,INT-0142,source_id,South Korea,0.2881780844350383,OF,1512000.0,South Korea,65,OF,23+,$1.5M+,0.012501325373801584,2024.0,0.0
INT-0142,Ji-ho Garcia,1999-09-22,South Korea,2024,KBO Futures,Position Player,25,479,0.2684396289462227,0.067530473054612,0.2466098637153273,0.691670041749136,0.2815099323476972,,,23.840933982202973,49.70799851298917,INT-0142,source_id,South Korea,0.012501325373801584,OF,1512000.0,South Korea,65,OF,23+,$1.5M+,0.16310901501529024,2025.0,0.0
INT-0142,Ji-ho Garcia,1999-09-22,South Korea,2025,KBO Futures,Position Player,26,410,0.2252574851843831,0.0808572245845012,0.2021475221577059,0.7181764034123923,0.3245619323423561,,,26.537188392192444,50.96116532827797,INT-0142,source_id,South Korea,0.16310901501529024,OF,1512000.0,South Korea,65,OF,23+,$1.5M+,,,
INT-0143,Santiago Han,2004-05-17,Dominican Rep.,2023,Dominican Summer League,Position Player,19,114,0.22616543858148,0.0702610101423213,0.0549112684879589,0.7542690822345368,0.3142028307719359,,,24.65315074751109,50.02527550348001,INT-0143,source_id,Dominican Republic,-0.4978864317224471,OF,18000.0,Dominican Republic,35,OF,19-20,Under $100K,-0.13425510137215266,2024.0,0.0
INT-0143,SANTIAGO HAN,2004-05-17,Dominican Republic,2024,Complex League,Position Player,20,94,0.2294441096356262,0.0894773607484004,0.121124608761268,0.7196842237324769,0.295826752467441,,,26.12411989125368,49.624755326157285,INT-0143,source_id,Dominican Republic,-0.13425510137215266,OF,18000.0,Dominican Republic,35,OF,19-20,Under $100K,0.12272505757172504,2025.0,0.0
INT-0143,SANTIAGO HAN,2004-05-17,Dominican Republic,2025,Complex League,Position Player,21,371,0.2454732474883649,0.1091807613322701,0.1248725286963169,0.7937745931870667,0.2921454423533719,,,25.247837383143523,47.18986172690289,INT-0143,source_id,Dominican Republic,0.12272505757172504,OF,18000.0,Dominican Republic,35,OF,21-22,Under $100K,,,
INT-0144,Omar Alvarez,2001-07-17,Dominican Republic,2022,Complex League,Position Player,21,548,0.2113045437898908,0.1230495597625659,0.1007956123381247,0.7444600367106428,0.3156865756012195,,,25.331958240065493,50.730608430193975,INT-0144,source_id,Dominican Republic,-0.03326871111662618,IF,45000.0,Dominican Republic,35,IF,21-22,Under $100K,-0.6015300772286095,2023.0,0.0
INT-0144,Omar Alvarez,2001-07-17,Dominican Republic,2023,Complex League,Position Player,22,86,0.1962491176113148,0.098834260367502,0.0785111949968184,0.744790893539334,0.3029854251131962,,,25.215680619661622,36.30634161942893,INT-0144,source_id,Dominican Republic,-0.6015300772286095,IF,45000.0,Dominican Republic,35,IF,21-22,Under $100K,0.14343809069261737,2024.0,0.0
INT-0144,Omar Alvarez,2001-07-17,Dominican Republic,2024,Complex League,Position Player,23,438,0.2539931336884209,0.1254397028334302,0.0709804827369659,0.7634243084841669,0.2522252061948459,,,25.368291896375304,55.59081701688639,INT-0144,source_id,Dominican Republic,0.14343809069261737,IF,45000.0,Dominican Republic,35,IF,23+,Under $100K,-0.004391482850452072,2025.0,0.0
,OMAR ALVAREZ,2001-07-17,D.R.,2025,Dominican Summer League,Position Player,24,406,0.1964247254784905,0.0949142724999132,0.0925796747741563,0.7840939791764981,0.3014459815940292,,,24.65152135433905,57.48090364596138,INT-0144,name_birth_date,Dominican Republic,-0.004391482850452072,IF,45000.0,Dominican Republic,35,IF,23+,Under $100K,,,
INT-0145,Isaac Nakamura,2001-09-20,Dominican Republic,2022,Complex League,Position Player,21,396,0.2289068798415033,0.0880488121161113,0.0390774987282647,0.734406801450029,0.27170851508186,,,24.83760327551552,42.18729616884589,INT-0145,source_id,Dominican Republic,-0.47341230940773527,OF,157000.0,Dominican Republic,35,OF,21-22,$100K-$499K,-0.1386947500154409,2023.0,0.0
INT-0145,Isaac Nakamura,2001-09-20,Dominican Republic,2023,Dominican Summer League,Position Player,22,463,0.1689833742650132,0.0946026586813674,0.0792076093746204,0.766147058951288,0.30404696576281,,,25.520140830525676,47.57711110541915,INT-0145,source_id,Dominican Republic,-0.1386947500154409,OF,157000.0,Dominican Republic,35,OF,21-22,$100K-$499K,-0.2186829389419377,2024.0,0.0
INT-0145,Isaac Nakamura,2001-09-20,Dominican Republic,2024,Complex League,Position Player,23,190,0.206568148662234,0.0867145461964537,0.0811110328156748,0.7836878944040012,0.3621326772362627,,,26.420301503811285,44.3272257516866,INT-0145,source_id,Dominican Republic,-0.2186829389419377,OF,157000.0,Dominican Republic,35,OF,23+,$100K-$499K,-0.057099432374668024,2025.0,0.0
INT-0145,Isaac Nakamura,2001-09-20,Dominican Rep.,2025,Complex League,Position Player,24,506,0.1729494929179754,0.0820290761733385,0.1144257108409324,0.7577983907237533,0.3118621761700247,,,24.709996622963917,59.35467934838265,INT-0145,source_id,Dominican Republic,-0.057099432374668024,OF,157000.0,Dominican Republic,35,OF,23+,$100K-$499K,,,
INT-0146,Luis Yamamoto,2007-07-03,Mexico,2024,Mexican League,Position Player,17,606,0.2316616316059956,0.0801810811000546,0.0696452734302119,0.74731160023463,0.2863507992810996,,,27.537319520490914,57.29751228236167,INT-0146,source_id,Mexico,0.21744064379872993,IF,37000.0,Mexico,45,IF,18 and under,Under $100K,0.4818745046945968,2025.0,1.0
INT-0146,LUIS YAMAMOTO,2007-07-03,MEX,2025,Mexican League,Position Player,18,138,0.2411912363085369,0.0590926433642152,0.1562564277987511,0.7459881060300262,0.2883481613746547,,,26.14733949314244,62.46123502671789,INT-0146,source_id,Mexico,0.4818745046945968,IF,37000.0,Mexico,45,IF,18 and under,Under $100K,,,
INT-0147,Daniel Estrada,2005-12-23,Panamá,2022,Complex League,Position Player,17,166,0.2821977419733389,0.0638905362370219,0.1729344647582561,0.6735406934126894,0.3438111090611581,,,26.763836369802075,53.66329631488543,INT-0147,source_id,Panama,-0.042256049815266955,OF,31000.0,Panama,55,OF,18 and under,Under $100K,-0.13700150548758283,2023.0,0.0
INT-0147,Daniel Estrada,2005-12-23,Panama,2023,Complex League,Position Player,18,542,0.2641173585701585,0.0603905138154518,0.0982469916025274,0.7039095751142757,0.3045365537060892,,,26.17463846489036,57.61502306807703,INT-0147,source_id,Panama,-0.13700150548758283,OF,31000.0,Panama,55,OF,18 and under,Under $100K,-0.01896687176250239,2024.0,0.0
INT-0147,Daniel Estrada,2005-12-23,Panama,2024,Panamanian League,Position Player,19,124,0.202541166046915,0.081179885902106,0.0860296383412429,0.6721552420088294,0.3069077672675439,,,28.248432921764056,67.6456190886614,INT-0147,source_id,Panama,-0.01896687176250239,OF,31000.0,Panama,55,OF,19-20,Under $100K,0.3741594931174605,2025.0,0.0
INT-0147,Daniel Estrada,2005-12-23,Panama,2025,Complex League,Position Player,20,237,0.236542826942528,0.0741814574137337,0.1428313401331703,0.7347729283661252,0.2665255438588079,,,26.886609653383896,55.303036171019855,INT-0147,source_id,Panama,0.3741594931174605,OF,31000.0,Panama,55,OF,19-20,Under $100K,,,
INT-0148,ADRIAN ESTRADA,1999-10-02,Cuba,2022,Independent,Position Player,23,172,0.2242561412226824,0.0725714225408259,0.1064102012715488,0.7100332743338151,0.3008556771929923,,,25.64768510815296,45.22858643702428,INT-0148,source_id,Cuba,-0.2656779590011733,IF,18000.0,Cuba,45,IF,23+,Under $100K,-0.23875016200305998,2023.0,0.0
INT-0148,Adrian Estrada,1999-10-02,Cuba,2023,Independent,Position Player,24,438,0.22435152268264,0.077468848074416,0.0758817306162454,0.7444130383477559,0.2831979977445314,,,25.597446578395097,45.88139982674231,INT-0148,source_id,Cuba,-0.23875016200305998,IF,18000.0,Cuba,45,IF,23+,Under $100K,0.38138587855769585,2024.0,0.0
INT-0148,ADRIAN ESTRADA,1999-10-02,Cuba,2024,Cuban National Series,Position Player,25,201,0.2631821301441828,0.0746830519603969,0.1719827559003325,0.758768937143959,0.2862613120351998,,,25.659209827785062,50.06935025443736,INT-0148,source_id,Cuba,0.38138587855769585,IF,18000.0,Cuba,45,IF,23+,Under $100K,0.3303671515734387,2025.0,0.0
INT-0148,Adrian Estrada,1999-10-02,Cuba,2025,Independent,Position Player,26,471,0.2305511577845094,0.100589891234229,0.1538154920168144,0.752563130747838,0.2888757878102287,,,26.411803818697145,53.19821029891251,INT-0148,source_id,Cuba,0.3303671515734387,IF,18000.0,Cuba,45,IF,23+,Under $100K,,,
INT-0149,Andres Fernandez 2,2002-02-21,South Korea,2022,Independent,Pitcher,20,291,0.3165534010623738,0.1009095334452488,,,,91.21404005466852,0.4156381472492239,,56.02580153962657,INT-0149,source_id,South Korea,0.7362596713637872,RHP,47000.0,South Korea,45,Pitcher,19-20,Under $100K,0.14655572185616003,2023.0,0.0
,  Andres Fernandez 2 ,2002-02-21,Korea,2023,KBO Futures,Pitcher,21,156,0.2636382142214719,0.1150309271348505,,,,91.31063619197874,0.4094751925605679,,46.775666582138456,INT-0149,name_birth_date,South Korea,0.14655572185616003,RHP,47000.0,South Korea,45,Pitcher,21-22,Under $100K,0.21862449606379133,2024.0,0.0
INT-0149,Andres Fernandez 2,2002-02-21,South Korea,2024,Independent,Pitcher,22,225,0.2570729379301728,0.1101379058828736,,,,89.16575905995842,0.4992040248573687,,51.24165507711172,INT-0149,source_id,South Korea,0.21862449606379133,RHP,47000.0,South Korea,45,Pitcher,21-22,Under $100K,0.29459537408966013,2025.0,0.0
INT-0149,ANDRES FERNANDEZ 2,2002-02-21,South Korea,2025,Independent,Pitcher,23,422,0.2686785780620485,0.1018500383048317,,,,91.05883196286756,0.4480318600170243,,60.4346215839024,INT-0149,source_id,South Korea,0.29459537408966013,RHP,47000.0,South Korea,45,Pitcher,23+,Under $100K,,,
INT-0150,Min-jun Garcia,2000-04-27,Japan,2022,Industrial League,Position Player,22,208,0.1918261173687269,0.0744291293871592,0.1195033918259245,0.7353634817363869,0.2616923558214798,,,27.820064237050893,59.76463215550469,INT-0150,source_id,Japan,0.8137756989869109,OF,838000.0,Japan,45,OF,21-22,$500K-$1.49M,0.776362036967642,2023.0,1.0
INT-0150,Min-jun Garcia,2000-04-27,Japan,2023,NPB Farm,Position Player,23,399,0.1829539734105254,0.0730449286253679,0.1164273565427866,0.7838911879320662,0.2945905596188645,,,26.80790183240893,61.2976934129683,INT-0150,source_id,Japan,0.776362036967642,OF,838000.0,Japan,45,OF,23+,$500K-$1.49M,1.050900597354574,2024.0,1.0
INT-0150,Min-jun Garcia,2000-04-27,Japan,2024,NPB Farm,Position Player,24,380,0.2445390882726673,0.1124677606303244,0.1923691985673578,0.7461534305775778,0.2914312536538129,,,27.14121391176603,72.71093188573839,INT-0150,source_id,Japan,1.050900597354574,OF,838000.0,Japan,45,OF,23+,$500K-$1.49M,0.7532066674735578,2025.0,1.0
INT-0150,  Min-jun Garcia ,2000-04-27,Japan,2025,NPB Farm,Position Player,25,471,0.2537372883514606,0.0926732484115115,0.1273564902906256,0.7434146640491812,0.2303762999724837,,,27.792832047840324,59.80808688036397,INT-0150,source_id,Japan,0.7532066674735578,OF,838000.0,Japan,45,OF,23+,$500K-$1.49M,,,
INT-0151,Santiago Tanaka,2005-06-02,JPN,2022,Industrial League,Pitcher,17,198,0.1316551723593197,0.1361741399904433,,,,87.37841111832107,0.4844349135061007,,39.59953151975131,INT-0151,source_id,Japan,-0.8382024917996299,RHP,228000.0,Japan,30,Pitcher,18 and under,$100K-$499K,-0.6376210457628416,2023.0,0.0
INT-0151,Santiago Tanaka,2005-06-02,Japan,2023,NPB Farm,Pitcher,18,148,0.1216041025481623,0.0925452329624263,,,,85.50452121711126,0.5147786053000043,,43.026568638675215,INT-0151,source_id,Japan,-0.6376210457628416,RHP,228000.0,Japan,30,Pitcher,18 and under,$100K-$499K,-0.42560340642215055,2024.0,0.0
INT-0151,SANTIAGO TANAKA,2005-06-02,JPN,2024,Industrial League,Pitcher,19,112,0.2025436207256529,0.0628292496233497,,,,84.94400348477885,0.4831756425586565,,37.43167868650804,INT-0151,source_id,Japan,-0.42560340642215055,RHP,228000.0,Japan,30,Pitcher,19-20,$100K-$499K,-0.4536453425914201,2025.0,0.0
INT-0151,Santiago Tanaka,2005-06-02,Japan,2025,Industrial League,Pitcher,20,459,0.1738057253847999,0.0978794224701866,,,,88.20484102819806,0.4811198278915242,,52.09054239109197,INT-0151,source_id,Japan,-0.4536453425914201,RHP,228000.0,Japan,30,Pitcher,19-20,$100K-$499K,,,
,Alejandro Kim,1999-08-20,Venezuela,2022,Dominican Summer League,Position Player,23,236,0.237231469471932,0.0764856324660331,0.0477292863880677,0.7260271612723547,0.3069443504682403,,,25.518281715657874,39.873393689988966,INT-0152,name_birth_date,Venezuela,-0.6003557555557716,C,70000.0,Venezuela,30,C,23+,Under $100K,-0.8697812164507313,2023.0,0.0
INT-0152,Alejandro Kim,1999-08-20,Venezuela,2023,Complex League,Position Player,24,287,0.2350512857838657,0.0620352709497998,0.0395914671932834,0.6902993867751999,0.2861474048732708,,,26.149117069687108,40.88316832645478,INT-0152,source_id,Venezuela,-0.8697812164507313,C,70000.0,Venezuela,30,C,23+,Under $100K,-0.6533616886723144,2024.0,0.0
,Alejandro Kim,1999-08-20,Venezuela,2024,Dominican Summer League,Position Player,25,111,0.2237497832624596,0.0783145828537815,0.063728865799245,0.7708980196746027,0.3113392357093636,,,24.032375049854565,37.81770404236087,INT-0152,name_birth_date,Venezuela,-0.6533616886723144,C,70000.0,Venezuela,30,C,23+,Under $100K,-0.7477025969629265,2025.0,0.0
INT-0152,Alejandro Kim,1999-08-20,VZ,2025,Complex League,Position Player,26,435,0.2078401101983337,0.0992765527672611,0.0670843256292951,0.7482426254058526,0.2704693759704697,,,23.5,42.96471778261969,INT-0152,source_id,Venezuela,-0.7477025969629265,C,70000.0,Venezuela,30,C,23+,Under $100K,,,
INT-0153,Mateo Quintero 2,2007-12-14,Venezuela,2024,Dominican Summer League,Position Player,17,424,0.162335048509511,0.0740224150698005,0.1477970396238065,0.7492043694132317,0.3007213712248271,,,23.5,35.521008488723275,INT-0153,source_id,Venezuela,-0.47917097082405447,C,75000.0,Venezuela,45,C,18 and under,Under $100K,-0.8216820270004854,2025.0,0.0
,  Mateo Quintero 2 ,2007-12-14,Venezuela,2025,Dominican Summer League,Position Player,18,234,0.1999099418557625,0.1148523951273059,0.0967071154576608,0.7338659366679309,0.291637329524834,,,23.695250067568484,40.037143617436826,INT-0153,name_birth_date,Venezuela,-0.8216820270004854,C,75000.0,Venezuela,45,C,18 and under,Under $100K,,,
INT-0154,Ren Benitez,1999-12-27,Mexico,2022,Mexican League,Pitcher,23,262,0.1734959965322282,0.1055755470277267,,,,88.88147143611458,0.4708785171916357,,47.150665398658326,INT-0154,source_id,Mexico,-0.1572780242752903,RHP,42000.0,Mexico,45,Pitcher,23+,Under $100K,0.3526765638597508,2023.0,0.0
INT-0154,Ren Benitez,1999-12-27,Mexico,2023,Mexican Pacific League,Pitcher,24,177,0.2311041401877997,0.1081273831928008,,,,89.50847792902799,0.5104572044512649,,51.66073790654787,INT-0154,source_id,Mexico,0.3526765638597508,RHP,42000.0,Mexico,45,Pitcher,23+,Under $100K,0.6063252372494351,2024.0,1.0
INT-0154,Ren Benitez,1999-12-27,MEX,2024,Mexican League,Pitcher,25,172,0.2412433733233757,0.1031657745183551,,,,91.72461127912872,0.5240936240284854,,58.17194817646949,INT-0154,source_id,Mexico,0.6063252372494351,RHP,42000.0,Mexico,45,Pitcher,23+,Under $100K,0.29071453734315417,2025.0,0.0
INT-0154,Ren Benitez,1999-12-27,Mexico,2025,Mexican Pacific League,Pitcher,26,179,0.2353160677645225,0.086137054464119,,,,90.86869711369152,0.49512809738578,,53.559686850809584,INT-0154,source_id,Mexico,0.29071453734315417,RHP,42000.0,Mexico,45,Pitcher,23+,Under $100K,,,
INT-0155,Omar Torres 2,2002-12-22,South Korea,2022,Independent,Position Player,20,274,0.2822999969427763,0.0824486376748389,0.1246833247437704,0.7430574697024809,0.3000767137405506,,,25.627609200342263,48.78521432487596,INT-0155,source_id,South Korea,0.14147461900112487,OF,51000.0,South Korea,45,OF,19-20,Under $100K,0.23659682354135003,2023.0,0.0
INT-0155,OMAR TORRES 2,2002-12-22,Korea,2023,Independent,Position Player,21,128,0.2205108274572806,0.0901304429314522,0.1595988209076756,0.7070592287091575,0.2631244540684369,,,26.756573025707205,44.92574935309248,INT-0155,source_id,South Korea,0.23659682354135003,OF,51000.0,South Korea,45,OF,21-22,Under $100K,0.244170081779507,2024.0,0.0
INT-0155,Omar Torres 2,2002-12-22,South Korea,2024,Independent,Position Player,22,429,0.2476247361440151,0.0958267404682896,0.2187998953431991,0.6824621870494428,0.2788681789108114,,,26.68766125645334,50.55498050632568,INT-0155,source_id,South Korea,0.244170081779507,OF,51000.0,South Korea,45,OF,21-22,Under $100K,0.12557142375885555,2025.0,0.0
INT-0155,OMAR TORRES 2,2002-12-22,South Korea,2025,KBO Futures,Position Player,23,390,0.2100001722995216,0.0919020921910094,0.1205733607825228,0.7701522007090693,0.3019672189278979,,,26.850762241183944,47.03679376557047,INT-0155,source_id,South Korea,0.12557142375885555,OF,51000.0,South Korea,45,OF,23+,Under $100K,,,
INT-0156,Hector Sato 2,2001-03-11,Cuba,2022,Independent,Position Player,21,464,0.2337679435190895,0.0989993363356683,0.0363189266164871,0.781085506567559,0.2809909201687858,,,26.62948121737405,57.00316096086084,INT-0156,source_id,Cuba,0.4157232246628294,OF,108000.0,Cuba,40,OF,21-22,$100K-$499K,0.3784325656910542,2023.0,0.0
INT-0156,Hector Sato 2,2001-03-11,CUB,2023,Independent,Position Player,22,504,0.2473269974047765,0.0994119412766441,0.1283949773425219,0.7678536439717647,0.3405948855588945,,,26.306068008392224,59.31489604873318,INT-0156,source_id,Cuba,0.3784325656910542,OF,108000.0,Cuba,40,OF,21-22,$100K-$499K,0.45160210841842013,2024.0,1.0
,Hector Sato 2,2001-03-11,Cuba,2024,Independent,Position Player,23,447,0.2473333033012306,0.1022626256821726,0.0984763776240929,0.771405918288192,0.2820281330275391,,,26.919794308532836,56.729882298219614,INT-0156,name_birth_date,Cuba,0.45160210841842013,OF,108000.0,Cuba,40,OF,23+,$100K-$499K,0.3160069182876004,2025.0,0.0
INT-0156,Hector Sato 2,2001-03-11,Cuba,2025,Cuban National Series,Position Player,24,461,0.2012139637774135,0.1057262083462286,0.1366914001406342,0.718978561420763,0.2683603214586824,,,26.98725782101089,58.4643182100032,INT-0156,source_id,Cuba,0.3160069182876004,OF,108000.0,Cuba,40,OF,23+,$100K-$499K,,,
INT-0157,Omar Jimenez,1999-07-05,Venezuela,2022,Complex League,Position Player,23,616,0.2025041326024932,0.0745178433212741,0.1657550016089076,0.6919510370125392,0.3640914286857677,,,26.63800011212402,62.26128575635722,INT-0157,source_id,Venezuela,0.14179540022050852,IF,34000.0,Venezuela,45,IF,23+,Under $100K,0.7937395218161971,2023.0,1.0
,OMAR JIMENEZ,1999-07-05,Venezuela,2023,Dominican Summer League,Position Player,24,607,0.2285842183166758,0.0721185908201808,0.1643017282286759,0.7743887245415684,0.3290124515371936,,,26.401856068605568,63.33577653320178,INT-0157,name_birth_date,Venezuela,0.7937395218161971,IF,34000.0,Venezuela,45,IF,23+,Under $100K,0.9248878278146668,2024.0,1.0
INT-0157,Omar Jimenez,1999-07-05,VZ,2024,Complex League,Position Player,25,305,0.2289442819572602,0.1049617843307644,0.1633988578280278,0.7506504713094619,0.2652765072874695,,,28.28721228197736,58.69090576433592,INT-0157,source_id,Venezuela,0.9248878278146668,IF,34000.0,Venezuela,45,IF,23+,Under $100K,0.35379474838134434,2025.0,0.0
INT-0157,Omar Jimenez,1999-07-05,Venezuela,2025,Dominican Summer League,Position Player,26,418,0.2250925871548838,0.1013480137785643,0.178143331842291,0.7095392690053598,0.2838284788403892,,,25.5339855701921,65.21119568659223,INT-0157,source_id,Venezuela,0.35379474838134434,IF,34000.0,Venezuela,45,IF,23+,Under $100K,,,
INT-0158,Nicolas Choi,1999-10-27,Venezuela,2022,Dominican Summer League,Pitcher,23,244,0.1750967897070759,0.0974495436922168,,,,86.8157334610706,0.5020967703282904,,36.661732082615146,INT-0158,source_id,Venezuela,-0.255691149186516,RHP,54000.0,Venezuela,35,Pitcher,23+,Under $100K,0.5133112962395968,2023.0,1.0
INT-0158,NICOLAS CHOI,1999-10-27,Venezuela,2023,Dominican Summer League,Pitcher,24,471,0.2585944533516894,0.0920260823907792,,,,88.93390290318185,0.4969653016824688,,50.32220757847762,INT-0158,source_id,Venezuela,0.5133112962395968,RHP,54000.0,Venezuela,35,Pitcher,23+,Under $100K,-0.19148180431117362,2024.0,0.0
INT-0158,Nicolas Choi,1999-10-27,VZ,2024,Complex League,Pitcher,25,80,0.1955766591553271,0.095611769774817,,,,89.14046505158258,0.512081078108648,,39.51968188593081,INT-0158,source_id,Venezuela,-0.19148180431117362,RHP,54000.0,Venezuela,35,Pitcher,23+,Under $100K,0.35911930953745946,2025.0,0.0
INT-0158,Nicolas Choi,1999-10-27,Venezuela,2025,Dominican Summer League,Pitcher,26,369,0.2245860984981245,0.0547732037258012,,,,89.11821141709622,0.5254076470335239,,47.32455817672932,INT-0158,source_id,Venezuela,0.35911930953745946,RHP,54000.0,Venezuela,35,Pitcher,23+,Under $100K,,,
INT-0159,Daichi Vargas,1999-02-15,Dominican Republic,2022,Complex League,Position Player,23,454,0.2700568449642553,0.0753891476841667,0.1533678393660475,0.7179504048110879,0.3235636624214517,,,26.952306813781327,55.93475792437648,INT-0159,source_id,Dominican Republic,0.3550938452601218,OF,222000.0,Dominican Republic,45,OF,23+,$100K-$499K,0.17596064556892382,2023.0,0.0
INT-0159,Daichi Vargas,1999-02-15,DOM,2023,Dominican Summer League,Position Player,24,289,0.3382334665082753,0.04943773856819,0.141268176911886,0.6727914316590009,0.3093267867943485,,,26.904399887593936,65.96450469085374,INT-0159,source_id,Dominican Republic,0.17596064556892382,OF,222000.0,Dominican Republic,45,OF,23+,$100K-$499K,0.38365503386332234,2024.0,0.0
INT-0159,Daichi Vargas,1999-02-15,DOM,2024,Complex League,Position Player,25,427,0.2579609126460656,0.0806488818391375,0.1451357543011123,0.7075803278395604,0.2711611047314209,,,27.480837892185438,58.70061512393785,INT-0159,source_id,Dominican Republic,0.38365503386332234,OF,222000.0,Dominican Republic,45,OF,23+,$100K-$499K,0.0814427385277677,2025.0,0.0
INT-0159,Daichi Vargas,1999-02-15,Dominican Republic,2025,Complex League,Position Player,26,432,0.2593328155113719,0.0701718725120643,0.141305287812722,0.7334730397065293,0.3217808905609521,,,26.904922189756157,54.3497737333846,INT-0159,source_id,Dominican Republic,0.0814427385277677,OF,222000.0,Dominican Republic,45,OF,23+,$100K-$499K,,,
INT-0160,Santiago Han 2,2007-03-22,Mexico,2025,Mexican League,Pitcher,18,142,0.1751091856548238,0.1357601641097804,,,,88.47057814439212,0.4430750067592963,,31.59828781124267,INT-0160,source_id,Mexico,-1.192706603730699,RHP,10000.0,Mexico,40,Pitcher,18 and under,Under $100K,,,
INT-0161,Kaito Herrera,2003-09-10,Dominican Republic,2022,Complex League,Pitcher,19,519,0.1334372594792288,0.0914154175621618,,,,85.77405508216508,0.4318492334719115,,36.27922710905332,INT-0161,source_id,Dominican Republic,-0.8465295755266616,LHP,16000.0,Dominican Republic,30,Pitcher,19-20,Under $100K,-1.1136680363441145,2023.0,0.0
INT-0161,Kaito Herrera,2003-09-10,Dominican Republic,2023,Complex League,Pitcher,20,316,0.0971997904593904,0.0922492307611034,,,,85.81343246230982,0.443093882908439,,39.06902628461624,INT-0161,source_id,Dominican Republic,-1.1136680363441145,LHP,16000.0,Dominican Republic,30,Pitcher,19-20,Under $100K,-0.8031302657056417,2024.0,0.0
,Kaito Herrera,2003-09-10,Dominican Rep.,2024,Dominican Summer League,Pitcher,21,168,0.1075696710968082,0.0936641078749556,,,,86.43695203379752,0.5367046997935072,,41.74030026734836,INT-0161,name_birth_date,Dominican Republic,-0.8031302657056417,LHP,16000.0,Dominican Republic,30,Pitcher,21-22,Under $100K,-0.8288883955999515,2025.0,0.0
INT-0161,Kaito Herrera,2003-09-10,Dominican Republic,2025,Complex League,Pitcher,22,554,0.1770109385918668,0.0948175974100147,,,,86.0530058042535,0.456958569871045,,42.51967593818039,INT-0161,source_id,Dominican Republic,-0.8288883955999515,LHP,16000.0,Dominican Republic,30,Pitcher,21-22,Under $100K,,,
INT-0162,Alejandro Dominguez 2,2005-03-05,Venezuela,2022,Dominican Summer League,Position Player,17,525,0.2849735604216765,0.0680373456706634,0.1097931539679141,0.6668042706009205,0.2929728347133151,,,26.53296748879471,51.09455484308411,INT-0162,source_id,Venezuela,-0.2588599101492626,IF,27000.0,Venezuela,35,IF,18 and under,Under $100K,-0.3413360517890657,2023.0,0.0
INT-0162,Alejandro Dominguez 2,2005-03-05,Venezuela,2023,Dominican Summer League,Position Player,18,263,0.2950492982399885,0.0754030805549893,0.0899402842533587,0.7287036372654317,0.3292943017308202,,,26.445683986257773,46.37498279161165,INT-0162,source_id,Venezuela,-0.3413360517890657,IF,27000.0,Venezuela,35,IF,18 and under,Under $100K,-0.5893472026365888,2024.0,0.0
INT-0162,Alejandro Dominguez 2,2005-03-05,Venezuela,2024,Complex League,Position Player,19,297,0.2874404786752127,0.0636843789985473,0.0591123026192894,0.716448404850647,0.3042172889488662,,,25.501644807306345,49.39293337978438,INT-0162,source_id,Venezuela,-0.5893472026365888,IF,27000.0,Venezuela,35,IF,19-20,Under $100K,-0.1183702512561306,2025.0,0.0
INT-0162,Alejandro Dominguez 2,2005-03-05,Venezuela,2025,Complex League,Position Player,20,541,0.2509930935353669,0.0668256187504094,0.1542489126065941,0.727611746146412,0.3451462042629499,,,24.56025515851483,63.611765242707925,INT-0162,source_id,Venezuela,-0.1183702512561306,IF,27000.0,Venezuela,35,IF,19-20,Under $100K,,,
INT-0163,Santiago Quintero,2003-12-14,Dominican Republic,2022,Dominican Summer League,Position Player,19,505,0.2448616044685391,0.0841669216522376,0.1577787736275489,0.7160717336655444,0.3043187020416538,,,26.688134551451416,52.20202335919686,INT-0163,source_id,Dominican Republic,0.3242200802401519,OF,36000.0,Dominican Republic,30,OF,19-20,Under $100K,-0.10351732625532338,2023.0,0.0
INT-0163,Santiago Quintero,2003-12-14,Dominican Republic,2023,Dominican Summer League,Position Player,20,100,0.1927511880186385,0.0747788706021225,0.1013269811233297,0.720510961812267,0.2887191308690317,,,26.33488576271329,48.72728854150152,INT-0163,source_id,Dominican Republic,-0.10351732625532338,OF,36000.0,Dominican Republic,30,OF,19-20,Under $100K,-0.0017261134457198096,2024.0,0.0
INT-0163,Santiago Quintero,2003-12-14,D.R.,2024,Complex League,Position Player,21,112,0.2636035158682075,0.0915646849717455,0.1461566095745802,0.747354170000953,0.3349836065021258,,,26.624631354862927,45.17765495358843,INT-0163,source_id,Dominican Republic,-0.0017261134457198096,OF,36000.0,Dominican Republic,30,OF,21-22,Under $100K,-0.13143254152093647,2025.0,0.0
,SANTIAGO QUINTERO,2003-12-14,Dominican Republic,2025,Complex League,Position Player,22,478,0.237377131996454,0.0991531248815413,0.1368565351612012,0.7391610131807365,0.3182944902869498,,,25.39139076847404,53.3771758757216,INT-0163,name_birth_date,Dominican Republic,-0.13143254152093647,OF,36000.0,Dominican Republic,30,OF,21-22,Under $100K,,,
,Alejandro Mori,2004-07-14,Mexico,2022,Mexican Pacific League,Position Player,18,241,0.2865855894584847,0.0798622634833915,0.0569197403744518,0.7126664334582263,0.3426923897985519,,,26.29251351325286,54.681004095318464,INT-0164,name_birth_date,Mexico,-0.3592545197280502,C,10000.0,Mexico,35,C,18 and under,Under $100K,-0.2342741614702236,2023.0,0.0
INT-0164,Alejandro Mori,2004-07-14,Mexico,2023,Mexican Pacific League,Position Player,19,571,0.2722924041689858,0.0693846797092674,0.0522775651804659,0.7393707179760183,0.3057407783172462,,,26.63166196109255,50.69775779096684,INT-0164,source_id,Mexico,-0.2342741614702236,C,10000.0,Mexico,35,C,19-20,Under $100K,-0.6368513095080883,2024.0,0.0
INT-0164,Alejandro Mori,2004-07-14,Mexico,2024,Mexican Pacific League,Position Player,20,242,0.3085362774502956,0.0609372728476963,0.0224036595933484,0.6873927485552951,0.2967909194619769,,,26.188212088255504,59.56355020878923,INT-0164,source_id,Mexico,-0.6368513095080883,C,10000.0,Mexico,35,C,19-20,Under $100K,-0.710414092433675,2025.0,0.0
INT-0164,ALEJANDRO MORI,2004-07-14,Mexico,2025,Mexican League,Position Player,21,481,0.210030450492856,0.0905928262777224,0.0224326869023488,0.700281497889588,0.3225450211683366,,,26.75497663502479,58.58048215620743,INT-0164,source_id,Mexico,-0.710414092433675,C,10000.0,Mexico,35,C,21-22,Under $100K,,,
INT-0166,Emilio Choi,2003-12-04,Dominican Republic,2022,Dominican Summer League,Position Player,19,305,0.3290167984117248,0.0527843484797268,0.02,0.6523842027297567,0.3160296061582868,,,25.61062553160868,47.99928308127871,INT-0166,source_id,Dominican Republic,-1.106299027467079,IF,10000.0,Dominican Republic,25,IF,19-20,Under $100K,-1.3969177238542414,2023.0,0.0
INT-0166,EMILIO CHOI,2003-12-04,Dominican Republic,2023,Dominican Summer League,Position Player,20,536,0.3651422950187333,0.0480082746430323,0.0481064060143299,0.6553333310291514,0.3378545384283825,,,24.578560364258703,48.87540245235367,INT-0166,source_id,Dominican Republic,-1.3969177238542414,IF,10000.0,Dominican Republic,25,IF,19-20,Under $100K,-0.8633465079684305,2024.0,0.0
INT-0166,Emilio Choi,2003-12-04,Dominican Republic,2024,Complex League,Position Player,21,594,0.3411100973153635,0.0429455976834243,0.0821618449958617,0.6683968779121566,0.3165412985282202,,,25.231526158841252,51.96292061139931,INT-0166,source_id,Dominican Republic,-0.8633465079684305,IF,10000.0,Dominican Republic,25,IF,21-22,Under $100K,-0.8436983319096805,2025.0,0.0
INT-0166,Emilio Choi,2003-12-04,Dominican Republic,2025,Complex League,Position Player,22,447,0.3037223611015316,0.0562550277629655,0.0670583110743858,0.7119925611052131,0.2924785651781088,,,24.824640426038183,45.32485763946891,INT-0166,source_id,Dominican Republic,-0.8436983319096805,IF,10000.0,Dominican Republic,25,IF,21-22,Under $100K,,,
INT-0167,Jorge Sanchez,2003-05-01,KOR,2022,KBO Futures,Pitcher,19,376,0.1696310967372581,0.090237690436142,,,,89.97610061610096,0.4192448167484535,,56.93796908731648,INT-0167,source_id,South Korea,-0.043678667394355455,LHP,27000.0,South Korea,40,Pitcher,19-20,Under $100K,0.07625938672934765,2023.0,0.0
INT-0167,JORGE SANCHEZ,2003-05-01,South Korea,2023,KBO Futures,Pitcher,20,517,0.2041180835309388,0.1214212380286078,,,,89.19868302286727,0.4449760541270205,,70.79536986604595,INT-0167,source_id,South Korea,0.07625938672934765,LHP,27000.0,South Korea,40,Pitcher,19-20,Under $100K,0.4471620800761037,2024.0,1.0
INT-0167,Jorge Sanchez,2003-05-01,South Korea,2024,KBO Futures,Pitcher,21,403,0.256345957760296,0.1193895628739964,,,,91.6171636377973,0.4871789070930431,,59.55999734489036,INT-0167,source_id,South Korea,0.4471620800761037,LHP,27000.0,South Korea,40,Pitcher,21-22,Under $100K,-0.5767061169439175,2025.0,0.0
INT-0167,Jorge Sanchez,2003-05-01,KOR,2025,Independent,Pitcher,22,353,0.1784411209520329,0.1264582353565757,,,,89.68263885791819,0.4490995016396308,,57.51810476974503,INT-0167,source_id,South Korea,-0.5767061169439175,LHP,27000.0,South Korea,40,Pitcher,21-22,Under $100K,,,
,Isaac Han,2001-02-06,Venezuela,2022,Complex League,Pitcher,21,353,0.1947674180650133,0.1201755398913271,,,,87.49341028112389,0.4708168303956985,,46.94659107855359,INT-0168,name_birth_date,Venezuela,-0.29496073613914403,RHP,61000.0,Venezuela,50,Pitcher,21-22,Under $100K,0.575303176014346,2023.0,1.0
INT-0168,Isaac Han,2001-02-06,Venezuela,2023,Complex League,Pitcher,22,172,0.2433556979202099,0.0754462214572868,,,,89.89572506137915,0.503610993187453,,43.72721410835933,INT-0168,source_id,Venezuela,0.575303176014346,RHP,61000.0,Venezuela,50,Pitcher,21-22,Under $100K,0.6209338737785042,2024.0,1.0
INT-0168,Isaac Han,2001-02-06,Venezuela,2024,Dominican Summer League,Pitcher,23,82,0.257371004660243,0.0789955890889792,,,,91.57599471424322,0.5087293992922339,,47.23126825424418,INT-0168,source_id,Venezuela,0.6209338737785042,RHP,61000.0,Venezuela,50,Pitcher,23+,Under $100K,0.9505412501753169,2025.0,1.0
INT-0168,Isaac Han,2001-02-06,VEN,2025,Complex League,Pitcher,24,456,0.3133166895596469,0.0743912934377994,,,,91.1090494713463,0.5334823720082935,,49.90237796703647,INT-0168,source_id,Venezuela,0.9505412501753169,RHP,61000.0,Venezuela,50,Pitcher,23+,Under $100K,,,
INT-0169,Jorge Benitez,2001-08-21,Mexico,2022,Mexican Pacific League,Pitcher,21,538,0.2204706814076651,0.0679858096545969,,,,89.48058299149645,0.463446820807019,,56.21018329921585,INT-0169,source_id,Mexico,0.5890815498358282,LHP,81000.0,Mexico,50,Pitcher,21-22,Under $100K,0.2867561566692247,2023.0,0.0
,Jorge Benitez,2001-08-21,Mexico,2023,Mexican Pacific League,Pitcher,22,131,0.2082042991197338,0.08051325074091,,,,89.95054410635032,0.4833784031639022,,46.17063175476836,INT-0169,name_birth_date,Mexico,0.2867561566692247,LHP,81000.0,Mexico,50,Pitcher,21-22,Under $100K,0.9412938720677669,2024.0,1.0
INT-0169,Jorge Benitez,2001-08-21,MEX,2024,Mexican League,Pitcher,23,341,0.2389150067231015,0.0540676623215375,,,,90.6146433343348,0.5505538928802303,,57.43880094373803,INT-0169,source_id,Mexico,0.9412938720677669,LHP,81000.0,Mexico,50,Pitcher,23+,Under $100K,0.05841834648626895,2025.0,0.0
INT-0169,Jorge Benitez,2001-08-21,Mexico,2025,Mexican League,Pitcher,24,224,0.1573262116284522,0.0653181985855159,,,,90.74687798144627,0.4915895421541145,,58.58818427867578,INT-0169,source_id,Mexico,0.05841834648626895,LHP,81000.0,Mexico,50,Pitcher,23+,Under $100K,,,
INT-0170,Yun-seo Torres,2004-07-21,Mexico,2022,Mexican League,Pitcher,18,205,0.1770445107817433,0.1265201414726429,,,,89.70606089500627,0.4560481048462015,,49.37805063888491,INT-0170,source_id,Mexico,-0.29584048007412517,RHP,51000.0,Mexico,40,Pitcher,18 and under,Under $100K,-0.6460179674718154,2023.0,0.0
INT-0170,Yun-seo Torres,2004-07-21,Mexico,2023,Mexican Pacific League,Pitcher,19,574,0.164201367458286,0.1350763505361535,,,,88.29889643405924,0.4262873135215996,,56.73002403083219,INT-0170,source_id,Mexico,-0.6460179674718154,RHP,51000.0,Mexico,40,Pitcher,19-20,Under $100K,-0.7716928727769499,2024.0,0.0
INT-0170,Yun-seo Torres,2004-07-21,MEX,2024,Mexican League,Pitcher,20,432,0.231552829388938,0.1536671095400226,,,,87.34434521233682,0.3739690311927722,,59.22834792506754,INT-0170,source_id,Mexico,-0.7716928727769499,RHP,51000.0,Mexico,40,Pitcher,19-20,Under $100K,-0.36989982075299865,2025.0,0.0
INT-0170,Yun-seo Torres,2004-07-21,Mexico,2025,Mexican League,Pitcher,21,454,0.2383432701229739,0.126500344023672,,,,88.32173130782158,0.4427349839799642,,57.25384396245917,INT-0170,source_id,Mexico,-0.36989982075299865,RHP,51000.0,Mexico,40,Pitcher,21-22,Under $100K,,,
INT-0171,Kenji Lopez,2001-12-27,South Korea,2022,Independent,Position Player,21,297,0.2470478171295893,0.0549853669595132,0.0709622283705528,0.7073271711582894,0.3312044881251571,,,27.16554323088195,46.69184254392775,INT-0171,source_id,South Korea,-0.3290204349890777,IF,52000.0,South Korea,40,IF,21-22,Under $100K,-0.17579836273469832,2023.0,0.0
INT-0171,Kenji Lopez,2001-12-27,South Korea,2023,Independent,Position Player,22,186,0.2158471283492553,0.0819005772061536,0.1012327480942478,0.7025019313474992,0.3033214790325971,,,27.07975493501541,48.88764404600164,INT-0171,source_id,South Korea,-0.17579836273469832,IF,52000.0,South Korea,40,IF,21-22,Under $100K,0.2216995142289636,2024.0,0.0
INT-0171,Kenji Lopez,2001-12-27,South Korea,2024,KBO Futures,Position Player,23,466,0.2447635789706622,0.0720649806793264,0.1436862464920608,0.7534114714172679,0.332074018320052,,,25.576651296889093,60.8766336768225,INT-0171,source_id,South Korea,0.2216995142289636,IF,52000.0,South Korea,40,IF,23+,Under $100K,0.02574230382531384,2025.0,0.0
INT-0171,Kenji Lopez,2001-12-27,South Korea,2025,KBO Futures,Position Player,24,379,0.2337622824816542,0.0924944554697243,0.1271768360317074,0.7155287705835047,0.2824284275706872,,,26.61386050763414,54.37948990852285,INT-0171,source_id,South Korea,0.02574230382531384,IF,52000.0,South Korea,40,IF,23+,Under $100K,,,
INT-0172,Andres Ramirez,1999-06-05,Cuba,2022,Independent,Pitcher,23,150,0.2233210807028283,0.0925839317613447,,,,89.2129674491162,0.4575753291904144,,71.57458849015914,INT-0172,source_id,Cuba,0.5515009549898183,LHP,111000.0,Cuba,35,Pitcher,23+,$100K-$499K,0.33251111694056806,2023.0,0.0
INT-0172,Andres Ramirez,1999-06-05,Cuba,2023,Independent,Pitcher,24,244,0.2173668021316255,0.09719061736903,,,,88.11885391304598,0.4729530572332104,,68.30039932070977,INT-0172,source_id,Cuba,0.33251111694056806,LHP,111000.0,Cuba,35,Pitcher,23+,$100K-$499K,0.22846846337385854,2024.0,0.0
INT-0172,Andres Ramirez,1999-06-05,Cuba,2024,Cuban National Series,Pitcher,25,606,0.2067538452008028,0.127544268558331,,,,91.35970143959187,0.4776664398768935,,71.56531911388812,INT-0172,source_id,Cuba,0.22846846337385854,LHP,111000.0,Cuba,35,Pitcher,23+,$100K-$499K,0.926425286263465,2025.0,1.0
INT-0172,Andres Ramirez,1999-06-05,Cuba,2025,Independent,Pitcher,26,84,0.3358900359395476,0.104697907150416,,,,92.09891627810228,0.4618357623547438,,68.59800444989345,INT-0172,source_id,Cuba,0.926425286263465,LHP,111000.0,Cuba,35,Pitcher,23+,$100K-$499K,,,
INT-0174,Daichi Mendez 2,2000-01-11,Dominican Republic,2022,Complex League,Pitcher,22,363,0.269187679053638,0.1187561478324173,,,,89.90455598945363,0.4617790272855482,,61.6195707456481,INT-0174,source_id,Dominican Republic,0.4977686234934095,LHP,47000.0,Dominican Republic,50,Pitcher,21-22,Under $100K,-0.3700384767090104,2023.0,0.0
INT-0174,Daichi Mendez 2,2000-01-11,Dominican Republic,2023,Dominican Summer League,Pitcher,23,197,0.1612310913512232,0.1416778832771053,,,,91.7256765926118,0.4480444318544543,,52.86420110594325,INT-0174,source_id,Dominican Republic,-0.3700384767090104,LHP,47000.0,Dominican Republic,50,Pitcher,23+,Under $100K,0.6004080355684321,2024.0,1.0
INT-0174,Daichi Mendez 2,2000-01-11,Dominican Republic,2024,Complex League,Pitcher,24,120,0.2746855542615612,0.1268741030953243,,,,92.72532227366816,0.469455449822754,,63.955048944768905,INT-0174,source_id,Dominican Republic,0.6004080355684321,LHP,47000.0,Dominican Republic,50,Pitcher,23+,Under $100K,0.39190986067816125,2025.0,0.0
INT-0174,Daichi Mendez 2,2000-01-11,Dominican Republic,2025,Complex League,Pitcher,25,558,0.2292795283679362,0.0931460304974076,,,,92.6773773718444,0.5178175346584498,,50.66570670469211,INT-0174,source_id,Dominican Republic,0.39190986067816125,LHP,47000.0,Dominican Republic,50,Pitcher,23+,Under $100K,,,
INT-0176,Omar Herrera,2001-10-25,South Korea,2022,Independent,Pitcher,21,619,0.1144297249165614,0.1016685685392638,,,,84.03630954512732,0.4981436506443678,,41.82664346539624,INT-0176,source_id,South Korea,-0.8045313452329197,RHP,10000.0,South Korea,30,Pitcher,21-22,Under $100K,-1.214009997007884,2023.0,0.0
INT-0176,Omar Herrera,2001-10-25,South Korea,2023,KBO Futures,Pitcher,22,330,0.0879379174455021,0.1085503089682673,,,,86.36555993400476,0.4479562845489729,,40.0726220943507,INT-0176,source_id,South Korea,-1.214009997007884,RHP,10000.0,South Korea,30,Pitcher,21-22,Under $100K,-0.9848772602254686,2024.0,0.0
INT-0176,Omar Herrera,2001-10-25,KOR,2024,Independent,Pitcher,23,103,0.1286147508006239,0.1199417209235456,,,,86.99198033854235,0.4705824439851133,,47.600544653493145,INT-0176,source_id,South Korea,-0.9848772602254686,RHP,10000.0,South Korea,30,Pitcher,23+,Under $100K,-1.075104209353758,2025.0,0.0
INT-0176,Omar Herrera,2001-10-25,South Korea,2025,KBO Futures,Pitcher,24,407,0.1196933003734639,0.0757190484415673,,,,84.15722128006821,0.4731784031770482,,44.0670366455446,INT-0176,source_id,South Korea,-1.075104209353758,RHP,10000.0,South Korea,30,Pitcher,23+,Under $100K,,,
INT-0177,Seong-hyun Valdez,2002-01-02,Dominican Republic,2022,Dominican Summer League,Position Player,20,200,0.2218954829713224,0.0827683835105676,0.131593723895948,0.7077555880845237,0.2714750386633582,,,24.939661109317804,33.740463498604186,INT-0177,source_id,Dominican Republic,-0.39778602903644056,IF,11000.0,Dominican Republic,45,IF,19-20,Under $100K,-0.6505368847582936,2023.0,0.0
INT-0177,Seong-hyun Valdez,2002-01-02,Dominican Republic,2023,Dominican Summer League,Position Player,21,402,0.2787886382708341,0.0651796005729059,0.1102678168284782,0.7168702848725976,0.285593172542298,,,25.033473384242797,32.707578670189584,INT-0177,source_id,Dominican Republic,-0.6505368847582936,IF,11000.0,Dominican Republic,45,IF,21-22,Under $100K,-0.7692470165769323,2024.0,0.0
INT-0177,Seong-hyun Valdez,2002-01-02,Dominican Republic,2024,Dominican Summer League,Position Player,22,504,0.2558102463087224,0.0655563577416593,0.0782460847996355,0.7086480673318533,0.3114791927332854,,,25.053591051844165,43.57510023741368,INT-0177,source_id,Dominican Republic,-0.7692470165769323,IF,11000.0,Dominican Republic,45,IF,21-22,Under $100K,-0.7294390452926593,2025.0,0.0
INT-0177,Seong-hyun Valdez,2002-01-02,Dominican Republic,2025,Dominican Summer League,Position Player,23,436,0.1933057012904168,0.0752670089463734,0.1665687208083774,0.7200393135649523,0.3133699591323925,,,23.5,37.26772837696917,INT-0177,source_id,Dominican Republic,-0.7294390452926593,IF,11000.0,Dominican Republic,45,IF,23+,Under $100K,,,
INT-0178,Felix Garcia,2007-05-10,VZ,2024,Dominican Summer League,Pitcher,17,178,0.1930747375645465,0.0913095117929681,,,,90.02520870541876,0.4426393440550803,,38.49508460949514,INT-0178,source_id,Venezuela,-0.3954298331912466,LHP,92000.0,Venezuela,40,Pitcher,18 and under,Under $100K,0.4799224830686393,2025.0,1.0
INT-0178,  Felix Garcia ,2007-05-10,Venezuela,2025,Complex League,Pitcher,18,410,0.2552612303949501,0.0840574882180527,,,,92.15891930878009,0.5180851732650101,,44.59688882056798,INT-0178,source_id,Venezuela,0.4799224830686393,LHP,92000.0,Venezuela,40,Pitcher,18 and under,Under $100K,,,
INT-0179,Alejandro Torres,1999-10-02,Mexico,2022,Mexican Pacific League,Pitcher,23,145,0.2456374399486829,0.1258005921130917,,,,91.01351738061166,0.4563955252579229,,52.57809461577708,INT-0179,source_id,Mexico,0.24359888533603374,LHP,104000.0,Mexico,50,Pitcher,23+,$100K-$499K,0.28998849946598654,2023.0,0.0
INT-0179,Alejandro Torres,1999-10-02,Mexico,2023,Mexican Pacific League,Pitcher,24,511,0.1985988602620657,0.1026554124251068,,,,90.34757840806104,0.4763309692296447,,61.312155866123256,INT-0179,source_id,Mexico,0.28998849946598654,LHP,104000.0,Mexico,50,Pitcher,23+,$100K-$499K,0.031682226884405335,2024.0,0.0
INT-0179,Alejandro Torres,1999-10-02,Mexico,2024,Mexican Pacific League,Pitcher,25,444,0.1874067551907856,0.1188215021719941,,,,90.8594703162718,0.4969442718281015,,60.8250942314917,INT-0179,source_id,Mexico,0.031682226884405335,LHP,104000.0,Mexico,50,Pitcher,23+,$100K-$499K,0.39071706459486644,2025.0,0.0
INT-0179,Alejandro Torres,1999-10-02,Mexico,2025,Mexican League,Pitcher,26,455,0.253601034885135,0.1102985356508103,,,,92.8289257884958,0.4531448012720376,,66.041530821139,INT-0179,source_id,Mexico,0.39071706459486644,LHP,104000.0,Mexico,50,Pitcher,23+,$100K-$499K,,,
INT-0180,Andres Quintero,2003-10-01,Dominican Republic,2022,Dominican Summer League,Position Player,19,261,0.2470533586922774,0.0964089040128572,0.0389933743646233,0.7434949054252863,0.361173089137676,,,25.78698467741306,44.05273237925857,INT-0180,source_id,Dominican Republic,-0.6238331472115964,OF,23000.0,Dominican Republic,35,OF,19-20,Under $100K,-0.05404904046333117,2023.0,0.0
INT-0180,Andres Quintero,2003-10-01,Dominican Republic,2023,Complex League,Position Player,20,237,0.2465536235740739,0.0791776856652193,0.1034070019293721,0.7619731951835641,0.3127399388647442,,,25.98350651118498,45.075026642255786,INT-0180,source_id,Dominican Republic,-0.05404904046333117,OF,23000.0,Dominican Republic,35,OF,19-20,Under $100K,0.31644558487973956,2024.0,0.0
INT-0180,Andres Quintero,2003-10-01,Dominican Republic,2024,Complex League,Position Player,21,297,0.2031677102162475,0.1070066916989371,0.154311681073906,0.7736590561799352,0.321540586323309,,,26.10300647223092,50.153652668836834,INT-0180,source_id,Dominican Republic,0.31644558487973956,OF,23000.0,Dominican Republic,35,OF,21-22,Under $100K,0.07642142233505814,2025.0,0.0
INT-0180,Andres Quintero,2003-10-01,Dominican Republic,2025,Complex League,Position Player,22,583,0.2047764014549446,0.0853360566572375,0.0973048602897963,0.8117812464649264,0.2960993627124058,,,25.330470542569305,46.73475279607498,INT-0180,source_id,Dominican Republic,0.07642142233505814,OF,23000.0,Dominican Republic,35,OF,21-22,Under $100K,,,
INT-0181,Min-jun Jimenez,2004-06-13,Venezuela,2022,Dominican Summer League,Pitcher,18,381,0.2373865381782923,0.1270023041848224,,,,89.93968051827852,0.4542029894474633,,60.43290982834135,INT-0181,source_id,Venezuela,0.19967525097563818,RHP,94000.0,Venezuela,55,Pitcher,18 and under,Under $100K,0.3833045328379878,2023.0,1.0
INT-0181,Min-jun Jimenez,2004-06-13,Venezuela,2023,Complex League,Pitcher,19,283,0.2157499131520762,0.0839568303580025,,,,89.7637382855273,0.5002815195228997,,47.87995697937522,INT-0181,source_id,Venezuela,0.3833045328379878,RHP,94000.0,Venezuela,55,Pitcher,19-20,Under $100K,0.21738094158225305,2024.0,0.0
INT-0181,Min-jun Jimenez,2004-06-13,Venezuela,2024,Dominican Summer League,Pitcher,20,329,0.2458975698226521,0.1152514472753762,,,,93.15963197976087,0.4585880457044091,,46.585581925013344,INT-0181,source_id,Venezuela,0.21738094158225305,RHP,94000.0,Venezuela,55,Pitcher,19-20,Under $100K,0.006437442241735286,2025.0,0.0
INT-0181,Min-jun Jimenez,2004-06-13,Venezuela,2025,Dominican Summer League,Pitcher,21,345,0.2281057913549204,0.1076471418681974,,,,91.33363850499128,0.4845284621860071,,49.204864334515726,INT-0181,source_id,Venezuela,0.006437442241735286,RHP,94000.0,Venezuela,55,Pitcher,21-22,Under $100K,,,
INT-0182,Kaito Torres,2002-07-02,Venezuela,2022,Complex League,Pitcher,20,405,0.3153436479076517,0.0977225667072981,,,,94.081378859445,0.4766933848351321,,59.154019483977095,INT-0182,source_id,Venezuela,1.3285258597895795,RHP,736000.0,Venezuela,60,Pitcher,19-20,$500K-$1.49M,0.40310549132841494,2023.0,1.0
INT-0182,Kaito Torres,2002-07-02,VEN,2023,Dominican Summer League,Pitcher,21,468,0.2698630165242361,0.0901329493960713,,,,91.57747701510682,0.3844188074397688,,53.15940303822825,INT-0182,source_id,Venezuela,0.40310549132841494,RHP,736000.0,Venezuela,60,Pitcher,21-22,$500K-$1.49M,0.8603661829014638,2024.0,1.0
INT-0182,Kaito Torres,2002-07-02,VEN,2024,Dominican Summer League,Pitcher,22,537,0.2731698052412838,0.0849534032563953,,,,94.28710472366464,0.4633441902811697,,55.52182200703717,INT-0182,source_id,Venezuela,0.8603661829014638,RHP,736000.0,Venezuela,60,Pitcher,21-22,$500K-$1.49M,0.35258884304243027,2025.0,0.0
,Kaito Torres,2002-07-02,Venezuela,2025,Dominican Summer League,Pitcher,23,513,0.2765296067096272,0.1142343704340503,,,,94.61421372728896,0.426627673965859,,54.38286738958482,INT-0182,name_birth_date,Venezuela,0.35258884304243027,RHP,736000.0,Venezuela,60,Pitcher,23+,$500K-$1.49M,,,
INT-0183,Marco Rojas,2007-07-16,Cuba,2023,Independent,Pitcher,16,385,0.1809367716915644,0.0837047808279595,,,,90.33426063311528,0.504366525543621,,51.04578131180772,INT-0183,source_id,Cuba,0.30191474587249933,RHP,58000.0,Cuba,50,Pitcher,18 and under,Under $100K,0.6902068926746953,2024.0,1.0
INT-0183,Marco Rojas,2007-07-16,Cuba,2024,Independent,Pitcher,17,312,0.2476675652942004,0.0846528877707852,,,,90.90265310687091,0.524188147580588,,57.157783322178254,INT-0183,source_id,Cuba,0.6902068926746953,RHP,58000.0,Cuba,50,Pitcher,18 and under,Under $100K,0.5419961147048286,2025.0,1.0
INT-0183,Marco Rojas,2007-07-16,Cuba,2025,Cuban National Series,Pitcher,18,283,0.2514223236414578,0.0707075063888877,,,,89.14506625736827,0.5249914194678643,,57.27594259040487,INT-0183,source_id,Cuba,0.5419961147048286,RHP,58000.0,Cuba,50,Pitcher,18 and under,Under $100K,,,
INT-0184,Felix Benitez,1999-01-14,Mexico,2022,Mexican League,Position Player,23,600,0.2135045885886549,0.0901269848326061,0.139477513421735,0.705375472347007,0.2857095370462933,,,25.364343222467635,52.53765212317154,INT-0184,source_id,Mexico,0.05076556014399436,OF,24000.0,Mexico,40,OF,23+,Under $100K,-0.10916650048759627,2023.0,0.0
INT-0184,Felix Benitez,1999-01-14,Mexico,2023,Mexican League,Position Player,24,123,0.2023235098908136,0.0836502203781531,0.1007642487015717,0.741942230763331,0.2474560334180678,,,25.154430523025404,41.87001379866712,INT-0184,source_id,Mexico,-0.10916650048759627,OF,24000.0,Mexico,40,OF,23+,Under $100K,-0.12461818271435465,2024.0,0.0
INT-0184,Felix Benitez,1999-01-14,Mexico,2024,Mexican League,Position Player,25,408,0.264678282973998,0.1258644077743232,0.0912840397401198,0.7364261210338094,0.2477420851004995,,,26.00968978667474,42.11340075904938,INT-0184,source_id,Mexico,-0.12461818271435465,OF,24000.0,Mexico,40,OF,23+,Under $100K,-2.16528947781236e-05,2025.0,0.0
INT-0184,Felix Benitez,1999-01-14,Mexico,2025,Mexican League,Position Player,26,614,0.1905072560090778,0.1125853348714191,0.1061376680761541,0.7982843048596278,0.2547008928950714,,,25.01192570734432,39.10360813879389,INT-0184,source_id,Mexico,-2.16528947781236e-05,OF,24000.0,Mexico,40,OF,23+,Under $100K,,,
INT-0185,Carlos Vargas 2,2003-02-20,Japan,2022,Industrial League,Position Player,19,598,0.2405602638402987,0.0994512249715056,0.17534486804531,0.7281446027482014,0.2746009571117506,,,26.33149297550452,62.26972977781024,INT-0185,source_id,Japan,0.8040511244302297,C,431000.0,Japan,45,C,19-20,$100K-$499K,1.1747738626243631,2023.0,1.0
INT-0185,Carlos Vargas 2,2003-02-20,Japan,2023,NPB Farm,Position Player,20,196,0.2237370447511465,0.1094824862848584,0.2046898574732636,0.8112634563889789,0.2793779069088709,,,26.314650484075564,48.77881527976419,INT-0185,source_id,Japan,1.1747738626243631,C,431000.0,Japan,45,C,19-20,$100K-$499K,0.5099667907633144,2024.0,1.0
INT-0185,Carlos Vargas 2,2003-02-20,Japan,2024,NPB Farm,Position Player,21,276,0.2219545661999837,0.0959590527616373,0.1808067685991001,0.7397538908209207,0.3061178423112332,,,27.816694626878807,50.16822687394291,INT-0185,source_id,Japan,0.5099667907633144,C,431000.0,Japan,45,C,21-22,$100K-$499K,0.7463972879952658,2025.0,1.0
INT-0185,Carlos Vargas 2,2003-02-20,Japan,2025,NPB Farm,Position Player,22,250,0.17483884493046,0.0922868860680872,0.2129983216456951,0.7159027069325081,0.2625577338595073,,,26.15030500081266,64.06519042479036,INT-0185,source_id,Japan,0.7463972879952658,C,431000.0,Japan,45,C,21-22,$100K-$499K,,,
INT-0186,Isaac Martinez,2005-05-09,Venezuela,2022,Complex League,Position Player,17,569,0.215751705404149,0.076614321781397,0.1184976626695242,0.7178429098568202,0.2561073330205282,,,25.944368816807444,60.79422584743611,INT-0186,source_id,Venezuela,0.44817692567693945,C,116000.0,Venezuela,45,C,18 and under,$100K-$499K,0.4368991727551421,2023.0,1.0
INT-0186,Isaac Martinez,2005-05-09,Venezuela,2023,Complex League,Position Player,18,452,0.2605561758038724,0.0742876772763754,0.1253475087462222,0.7371062761134725,0.2746693133823358,,,26.252406374419,58.72848399717559,INT-0186,source_id,Venezuela,0.4368991727551421,C,116000.0,Venezuela,45,C,18 and under,$100K-$499K,0.074916658215055,2024.0,0.0
INT-0186,Isaac Martinez,2005-05-09,Venezuela,2024,Dominican Summer League,Position Player,19,468,0.2295296289570677,0.083423541407054,0.0718413096608019,0.7329521469853785,0.2984724473322031,,,27.51929719403253,57.56767508866731,INT-0186,source_id,Venezuela,0.074916658215055,C,116000.0,Venezuela,45,C,19-20,$100K-$499K,0.6939940089574949,2025.0,1.0
INT-0186,Isaac Martinez,2005-05-09,Venezuela,2025,Complex League,Position Player,20,596,0.2463381076886122,0.0995401478261483,0.1594418105595531,0.739574892407316,0.2596852580642595,,,27.53881947297808,58.327541906729394,INT-0186,source_id,Venezuela,0.6939940089574949,C,116000.0,Venezuela,45,C,19-20,$100K-$499K,,,
INT-0187,Rafael Sato,2006-09-11,Dominican Republic,2025,Dominican Summer League,Position Player,19,294,0.2617075345658257,0.0853939959522855,0.0833503137532051,0.6816244334153384,0.3124123866356255,,,26.47304962065932,64.46910392423594,INT-0187,source_id,Dominican Republic,-0.35998735833350987,OF,85000.0,Dominican Republic,40,OF,19-20,Under $100K,,,
INT-0188,NICOLAS JIMENEZ 2,2005-04-09,VZ,2023,Dominican Summer League,Pitcher,18,539,0.2024915914163395,0.0941740485850132,,,,89.74443263615223,0.4507020531001261,,45.37638148868945,INT-0188,source_id,Venezuela,-0.02800563450553728,RHP,44000.0,Venezuela,45,Pitcher,18 and under,Under $100K,0.056189040628923714,2024.0,0.0
INT-0188,Nicolas Jimenez 2,2005-04-09,Venezuela,2024,Complex League,Pitcher,19,472,0.2398696185564969,0.1041413105329049,,,,90.92432338243748,0.4562976137994601,,46.37244479857003,INT-0188,source_id,Venezuela,0.056189040628923714,RHP,44000.0,Venezuela,45,Pitcher,19-20,Under $100K,-0.33229880764777386,2025.0,0.0
INT-0188,Nicolas Jimenez 2,2005-04-09,Venezuela,2025,Dominican Summer League,Pitcher,20,531,0.2670400371178479,0.1402705212732218,,,,90.49451275082734,0.4547035537578608,,41.52364386161239,INT-0188,source_id,Venezuela,-0.33229880764777386,RHP,44000.0,Venezuela,45,Pitcher,19-20,Under $100K,,,
INT-0189,Gabriel Torres,2002-01-20,Colombia,2022,Colombian Winter League,Position Player,20,380,0.253022944311548,0.1166432594013695,0.1790059518425425,0.7845276254597688,0.2797724743459071,,,25.68375701725736,60.47289693276945,INT-0189,source_id,Colombia,1.0664373751402236,OF,449000.0,Colombia,55,OF,19-20,$100K-$499K,1.2309036738714987,2023.0,1.0
INT-0189,GABRIEL TORRES,2002-01-20,Colombia,2023,Colombian Winter League,Position Player,21,573,0.1849668978893,0.1219672518153627,0.215965894639621,0.7599234552477467,0.2806472126218917,,,26.39579143545288,63.98636597496665,INT-0189,source_id,Colombia,1.2309036738714987,OF,449000.0,Colombia,55,OF,21-22,$100K-$499K,0.9089583691317265,2024.0,1.0
INT-0189,Gabriel Torres,2002-01-20,Colombia,2024,Complex League,Position Player,22,203,0.2455808081673124,0.1275752972764389,0.1498918429682728,0.7823189753328083,0.2708749651377201,,,26.622474232116137,62.56756250967446,INT-0189,source_id,Colombia,0.9089583691317265,OF,449000.0,Colombia,55,OF,21-22,$100K-$499K,1.1603338230528186,2025.0,1.0
INT-0189,Gabriel Torres,2002-01-20,COL,2025,Complex League,Position Player,23,294,0.2068488560112423,0.1059467055382678,0.2000468877248679,0.7495490748248835,0.2494921553388487,,,28.04381931628225,60.83101240490478,INT-0189,source_id,Colombia,1.1603338230528186,OF,449000.0,Colombia,55,OF,23+,$100K-$499K,,,
INT-0190,Adrian Torres,2004-08-26,JPN,2022,NPB Farm,Position Player,18,406,0.26051527882641,0.0573849378372787,0.1853922295477408,0.7315566358814166,0.306052483382565,,,26.04575557383839,38.52468865694979,INT-0190,source_id,Japan,0.152417415882438,OF,77000.0,Japan,45,OF,18 and under,Under $100K,-0.05624483823249243,2023.0,0.0
INT-0190,Adrian Torres,2004-08-26,Japan,2023,NPB Farm,Position Player,19,203,0.3197238185321296,0.0619769607351059,0.1758487865209509,0.7160825619083675,0.2815948533278605,,,25.04228166293224,41.6550570387438,INT-0190,source_id,Japan,-0.05624483823249243,OF,77000.0,Japan,45,OF,19-20,Under $100K,-0.39495463622415866,2024.0,0.0
INT-0190,Adrian Torres,2004-08-26,Japan,2024,NPB Farm,Position Player,20,613,0.2451392868322971,0.075683327147712,0.1410160287880035,0.7488946805135295,0.314587451752027,,,24.20852051471521,39.271127873301815,INT-0190,source_id,Japan,-0.39495463622415866,OF,77000.0,Japan,45,OF,19-20,Under $100K,-1.0542976530250743,2025.0,0.0
INT-0190,Adrian Torres,2004-08-26,JPN,2025,NPB Farm,Position Player,21,180,0.2069895501823971,0.084839701097036,0.1034755282750367,0.7250854315636599,0.3786949176391783,,,25.317583576848303,38.20366713734362,INT-0190,source_id,Japan,-1.0542976530250743,OF,77000.0,Japan,45,OF,21-22,Under $100K,,,
INT-0191,MIN-JUN SATO,2007-05-20,Venezuela,2025,Complex League,Pitcher,18,578,0.1705371917778524,0.1167381740619798,,,,86.68774508257343,0.4824634448843876,,51.220096318590414,INT-0191,source_id,Venezuela,-0.7541585540569643,RHP,28000.0,Venezuela,45,Pitcher,18 and under,Under $100K,,,
INT-0192,Diego Yamamoto,2004-04-19,MEX,2022,Mexican Pacific League,Pitcher,18,410,0.1450915832301942,0.1318475755347967,,,,85.16898110529557,0.4206395329898762,,50.96352841257181,INT-0192,source_id,Mexico,-1.0435538313023207,LHP,46000.0,Mexico,30,Pitcher,18 and under,Under $100K,-1.0763318983861312,2023.0,0.0
,Diego Yamamoto,2004-04-19,Mexico,2023,Mexican League,Pitcher,19,397,0.1256424347211702,0.1132735627580655,,,,84.25108355105102,0.4434009132754952,,51.15420460090444,INT-0192,name_birth_date,Mexico,-1.0763318983861312,LHP,46000.0,Mexico,30,Pitcher,19-20,Under $100K,-0.6397621611281488,2024.0,0.0
INT-0192,Diego Yamamoto,2004-04-19,Mexico,2024,Mexican League,Pitcher,20,607,0.1433967735974364,0.0992679771566703,,,,86.62290338514356,0.4770238853333584,,54.55205349643417,INT-0192,source_id,Mexico,-0.6397621611281488,LHP,46000.0,Mexico,30,Pitcher,19-20,Under $100K,-0.7929068035372614,2025.0,0.0
INT-0192,Diego Yamamoto,2004-04-19,Mexico,2025,Mexican League,Pitcher,21,314,0.1573820273435697,0.091513943950786,,,,86.03436835086775,0.4508539754992314,,52.16774049858048,INT-0192,source_id,Mexico,-0.7929068035372614,LHP,46000.0,Mexico,30,Pitcher,21-22,Under $100K,,,
INT-0193,Emilio Sanchez,1999-04-22,VZ,2022,Dominican Summer League,Position Player,23,330,0.2051996329404897,0.0821637326225272,0.1254961003720874,0.7669216680260736,0.2549258765310472,,,26.2830414578357,56.74578693368386,INT-0193,source_id,Venezuela,0.7999219989614564,C,11000.0,Venezuela,35,C,23+,Under $100K,0.031011344615025235,2023.0,0.0
INT-0193,Emilio Sanchez,1999-04-22,Venezuela,2023,Dominican Summer League,Position Player,24,522,0.1986922928339977,0.1206291794651563,0.0830829666672721,0.7555495384996537,0.32460671324458,,,26.70602405864904,53.00877860977032,INT-0193,source_id,Venezuela,0.031011344615025235,C,11000.0,Venezuela,35,C,23+,Under $100K,0.41408992602979366,2024.0,0.0
INT-0193,Emilio Sanchez,1999-04-22,Venezuela,2024,Complex League,Position Player,25,297,0.1674151218938981,0.0998414771852132,0.0898348522927491,0.7565200941660513,0.2437420133600365,,,27.138919786367,52.745413110314296,INT-0193,source_id,Venezuela,0.41408992602979366,C,11000.0,Venezuela,35,C,23+,Under $100K,0.45829828546198603,2025.0,1.0
INT-0193,Emilio Sanchez,1999-04-22,Venezuela,2025,Complex League,Position Player,26,496,0.1857441277151574,0.1341030753114095,0.1793600134398069,0.7704043452158134,0.3415926471323753,,,25.845875955972176,61.55347695752513,INT-0193,source_id,Venezuela,0.45829828546198603,C,11000.0,Venezuela,35,C,23+,Under $100K,,,
INT-0194,Min-jun Navarro,1999-10-23,Dominican Republic,2022,Complex League,Pitcher,23,404,0.1687350758301078,0.1171623997857723,,,,87.36297060980154,0.4885804973986569,,45.37919668095287,INT-0194,source_id,Dominican Republic,-0.36110445855054274,RHP,71000.0,Dominican Republic,40,Pitcher,23+,Under $100K,-0.2008915967875847,2023.0,0.0
INT-0194,Min-jun Navarro,1999-10-23,Dominican Republic,2023,Dominican Summer League,Pitcher,24,258,0.181847550846056,0.0878488945658008,,,,87.45837414114848,0.4941588060078997,,40.23083411110572,INT-0194,source_id,Dominican Republic,-0.2008915967875847,RHP,71000.0,Dominican Republic,40,Pitcher,23+,Under $100K,0.22053739684675416,2024.0,0.0
INT-0194,Min-jun Navarro,1999-10-23,Dominican Republic,2024,Dominican Summer League,Pitcher,25,264,0.2144136903162268,0.0351223250996122,,,,88.24307556901087,0.4626264662182897,,48.17271309468013,INT-0194,source_id,Dominican Republic,0.22053739684675416,RHP,71000.0,Dominican Republic,40,Pitcher,23+,Under $100K,-0.2863328216031164,2025.0,0.0
,  Min-jun Navarro ,1999-10-23,Dominican Republic,2025,Complex League,Pitcher,26,447,0.2126022081663439,0.0780286455123859,,,,88.91442843467843,0.4716552618606911,,36.827503276993525,INT-0194,name_birth_date,Dominican Republic,-0.2863328216031164,RHP,71000.0,Dominican Republic,40,Pitcher,23+,Under $100K,,,
INT-0195,Hector Garcia 2,2002-06-23,D.R.,2022,Dominican Summer League,Position Player,20,124,0.2367437162330224,0.0977576221386016,0.1377653192141434,0.8122491583384012,0.2681532692209977,,,25.54186746459728,44.54536998564762,INT-0195,source_id,Dominican Republic,0.7369210434509145,IF,87000.0,Dominican Republic,50,IF,19-20,Under $100K,0.4677798103065866,2023.0,1.0
INT-0195,Hector Garcia 2,2002-06-23,Dominican Republic,2023,Dominican Summer League,Position Player,21,416,0.2374829095797064,0.076589752890288,0.0543357623329179,0.8173113741379971,0.2786606414159319,,,26.516935589022555,51.63013937575496,INT-0195,source_id,Dominican Republic,0.4677798103065866,IF,87000.0,Dominican Republic,50,IF,21-22,Under $100K,0.28507191454563635,2024.0,0.0
INT-0195,  Hector Garcia 2 ,2002-06-23,Dominican Republic,2024,Complex League,Position Player,22,171,0.1938135474307011,0.0930768203124766,0.1202732875857659,0.7548464670284185,0.2411140110960676,,,25.0372462374994,53.81940463759199,INT-0195,source_id,Dominican Republic,0.28507191454563635,IF,87000.0,Dominican Republic,50,IF,21-22,Under $100K,0.294593806095566,2025.0,0.0
INT-0195,HECTOR GARCIA 2,2002-06-23,Dominican Republic,2025,Dominican Summer League,Position Player,23,242,0.1843508889845039,0.0688258625653809,0.1624643086348048,0.7432972362212149,0.262753065613961,,,25.69619245194424,51.592036814015,INT-0195,source_id,Dominican Republic,0.294593806095566,IF,87000.0,Dominican Republic,50,IF,23+,Under $100K,,,
INT-0196,Nicolas Vargas,2005-01-14,Dominican Rep.,2023,Complex League,Pitcher,18,607,0.1696894009770111,0.0799826392133387,,,,89.57252731999826,0.4864678779320299,,58.746236741690254,INT-0196,source_id,Dominican Republic,0.24005548388686995,RHP,340000.0,Dominican Republic,45,Pitcher,18 and under,$100K-$499K,-0.13884105212371123,2024.0,0.0
INT-0196,Nicolas Vargas,2005-01-14,D.R.,2024,Complex League,Pitcher,19,112,0.1310324960675271,0.0510186501936227,,,,85.82611632202646,0.5242732355080364,,61.23027388535331,INT-0196,source_id,Dominican Republic,-0.13884105212371123,RHP,340000.0,Dominican Republic,45,Pitcher,19-20,$100K-$499K,0.526295443354927,2025.0,1.0
INT-0196,NICOLAS VARGAS,2005-01-14,Dominican Republic,2025,Complex League,Pitcher,20,515,0.2598867602291123,0.0903995528037582,,,,89.42535320534009,0.5435081785722063,,57.02272691066185,INT-0196,source_id,Dominican Republic,0.526295443354927,RHP,340000.0,Dominican Republic,45,Pitcher,19-20,$100K-$499K,,,
INT-0197,Kenji Benitez,2003-07-21,Cuba,2022,Cuban National Series,Pitcher,19,586,0.1968340756383896,0.0958952618523368,,,,86.00909476094056,0.5659269532612795,,42.2446294327597,INT-0197,source_id,Cuba,0.18447434427939607,RHP,116000.0,Cuba,40,Pitcher,19-20,$100K-$499K,0.7399037609236567,2023.0,1.0
INT-0197,Kenji Benitez,2003-07-21,CUB,2023,Independent,Pitcher,20,162,0.1599630567396534,0.0414363059845834,,,,89.7853869128692,0.5438505111144437,,57.30925838718865,INT-0197,source_id,Cuba,0.7399037609236567,RHP,116000.0,Cuba,40,Pitcher,19-20,$100K-$499K,0.5037892385411612,2024.0,1.0
INT-0197,Kenji Benitez,2003-07-21,Cuba,2024,Cuban National Series,Pitcher,21,529,0.1780455481097496,0.0423850569284645,,,,90.02534160533503,0.5407893455235854,,53.49296261626752,INT-0197,source_id,Cuba,0.5037892385411612,RHP,116000.0,Cuba,40,Pitcher,21-22,$100K-$499K,0.038056357582237826,2025.0,0.0
INT-0197,Kenji Benitez,2003-07-21,Cuba,2025,Cuban National Series,Pitcher,22,347,0.1526209520825246,0.0524815254999398,,,,92.20037589996753,0.4898659527526061,,45.20910353902759,INT-0197,source_id,Cuba,0.038056357582237826,RHP,116000.0,Cuba,40,Pitcher,21-22,$100K-$499K,,,
INT-0198,Gabriel Sanchez 2,2007-09-21,Colombia,2024,Complex League,Position Player,17,308,0.1713748041215735,0.1080454002353885,0.10613425249045,0.8039663896228857,0.2106867051100113,,,26.362174017492087,48.03338952475022,INT-0198,source_id,Colombia,0.7709276056987442,IF,113000.0,Colombia,40,IF,18 and under,$100K-$499K,0.3155990182361292,2025.0,0.0
INT-0198,Gabriel Sanchez 2,2007-09-21,Colombia,2025,Complex League,Position Player,18,221,0.1856003054918784,0.0962596547546419,0.1358574688944729,0.7570558549519426,0.2485005589408481,,,26.02459902954928,49.87989809916154,INT-0198,source_id,Colombia,0.3155990182361292,IF,113000.0,Colombia,40,IF,18 and under,$100K-$499K,,,
INT-0199,Yun-seo Navarro 2,2000-08-16,Dominican Republic,2022,Dominican Summer League,Position Player,22,543,0.3101394686701652,0.0549098295588355,0.187803237078634,0.6785802049578504,0.3362159721842684,,,25.21829318414054,35.02811443831433,INT-0199,source_id,Dominican Republic,-0.5576816054404312,OF,156000.0,Dominican Republic,40,OF,21-22,$100K-$499K,-0.908104568998198,2023.0,0.0
INT-0199,Yun-seo Navarro 2,2000-08-16,Dominican Republic,2023,Dominican Summer League,Position Player,23,192,0.2594764929776195,0.0496682193731647,0.1495025039718809,0.6842711239405055,0.3130569324926224,,,24.43229236611506,32.06810953241156,INT-0199,source_id,Dominican Republic,-0.908104568998198,OF,156000.0,Dominican Republic,40,OF,23+,$100K-$499K,-0.5866051801826979,2024.0,0.0
INT-0199,Yun-seo Navarro 2,2000-08-16,Dominican Republic,2024,Dominican Summer League,Position Player,24,572,0.1964971422276846,0.0651054542279071,0.1974035006791589,0.6994132557140392,0.3476100419933238,,,24.201163685634924,40.97698049268184,INT-0199,source_id,Dominican Republic,-0.5866051801826979,OF,156000.0,Dominican Republic,40,OF,23+,$100K-$499K,-0.5996289582294967,2025.0,0.0
INT-0199,Yun-seo Navarro 2,2000-08-16,Dominican Rep.,2025,Complex League,Position Player,25,189,0.2704446913020814,0.0706403955146032,0.1780388968681899,0.6892945396199499,0.2901197556721707,,,24.18904487407413,40.02793846639043,INT-0199,source_id,Dominican Republic,-0.5996289582294967,OF,156000.0,Dominican Republic,40,OF,23+,$100K-$499K,,,
INT-0200,Diego Mendez,1999-01-23,Dominican Republic,2022,Complex League,Position Player,23,422,0.2656293101167065,0.0715192022042353,0.1043392079178549,0.6704775895654937,0.3567591393376117,,,25.79949416896458,40.20105235177594,INT-0200,source_id,Dominican Republic,-0.9030467729818866,IF,99000.0,Dominican Republic,35,IF,23+,Under $100K,-0.49337204109890725,2023.0,0.0
INT-0200,Diego Mendez,1999-01-23,Dominican Republic,2023,Complex League,Position Player,24,586,0.2718875621951386,0.0448653650202647,0.0759769460512893,0.7091292040910848,0.2912272894687227,,,25.304735245209525,49.53194476550813,INT-0200,source_id,Dominican Republic,-0.49337204109890725,IF,99000.0,Dominican Republic,35,IF,23+,Under $100K,-0.6510810321702081,2024.0,0.0
INT-0200,Diego Mendez,1999-01-23,Dominican Republic,2024,Dominican Summer League,Position Player,25,178,0.2870024368257612,0.0679396339941797,0.0929084460364585,0.707070793605324,0.3226774955453325,,,26.30097367148187,40.17333347302088,INT-0200,source_id,Dominican Republic,-0.6510810321702081,IF,99000.0,Dominican Republic,35,IF,23+,Under $100K,-0.6344420287025073,2025.0,0.0
INT-0200,Diego Mendez,1999-01-23,Dominican Republic,2025,Dominican Summer League,Position Player,26,102,0.2875593518177086,0.0613502374221741,0.1590159172849742,0.7149824289212957,0.3424824988811368,,,24.359135200088826,44.898508482129934,INT-0200,source_id,Dominican Republic,-0.6344420287025073,IF,99000.0,Dominican Republic,35,IF,23+,Under $100K,,,
INT-0201,Mateo Dominguez,2000-10-19,Mexico,2022,Mexican League,Position Player,22,520,0.2197488238353898,0.0572440960643932,0.194644996415618,0.6787884531814582,0.3062176271567292,,,23.60241785029816,38.58238655274306,INT-0201,source_id,Mexico,-0.5516957882243048,IF,78000.0,Mexico,35,IF,21-22,Under $100K,-1.238130015462442,2023.0,0.0
,MATEO DOMINGUEZ,2000-10-19,Mexico,2023,Mexican League,Position Player,23,336,0.2335400167367634,0.0857903345068117,0.1302020556194226,0.6671437849902891,0.2766561685993722,,,23.525421252119703,26.75104122948031,INT-0201,name_birth_date,Mexico,-1.238130015462442,IF,78000.0,Mexico,35,IF,23+,Under $100K,-0.7703568604302456,2024.0,0.0
INT-0201,Mateo Dominguez,2000-10-19,Mexico,2024,Mexican Pacific League,Position Player,24,525,0.251958532710851,0.0685441624674489,0.1551384076214256,0.7054374337100281,0.3263978848688786,,,24.433246087018173,34.00140699799168,INT-0201,source_id,Mexico,-0.7703568604302456,IF,78000.0,Mexico,35,IF,23+,Under $100K,-0.9512642038536925,2025.0,0.0
INT-0201,Mateo Dominguez,2000-10-19,Mexico,2025,Mexican Pacific League,Position Player,25,305,0.2642858836148043,0.0530699737769881,0.1062421892055233,0.7254680745489452,0.3364957886116616,,,24.577565243689005,38.09905084267155,INT-0201,source_id,Mexico,-0.9512642038536925,IF,78000.0,Mexico,35,IF,23+,Under $100K,,,
,Nicolas Tanaka,2000-07-25,PAN,2022,Complex League,Position Player,22,398,0.2104371786667961,0.0916788753173006,0.2225026755402653,0.757474384554554,0.2772654091951848,,,26.00451647559995,46.4086650758349,INT-0202,name_birth_date,Panama,0.8195058385182042,C,90000.0,Panama,55,C,21-22,Under $100K,0.9347601884881578,2023.0,1.0
,NICOLAS TANAKA,2000-07-25,Panama,2023,Panamanian League,Position Player,23,202,0.1916280137889654,0.1070086692318362,0.1852787763455713,0.7962205865985973,0.2574219071153096,,,25.812409131994254,46.84222811014321,INT-0202,name_birth_date,Panama,0.9347601884881578,C,90000.0,Panama,55,C,23+,Under $100K,0.6555962870790119,2024.0,1.0
INT-0202,Nicolas Tanaka,2000-07-25,Panama,2024,Panamanian League,Position Player,24,421,0.2007644246503709,0.0925351733202585,0.2098287753580283,0.7491298195099674,0.2928178758131346,,,26.39361693387947,54.06409086127772,INT-0202,source_id,Panama,0.6555962870790119,C,90000.0,Panama,55,C,23+,Under $100K,0.5124830535042973,2025.0,1.0
INT-0202,Nicolas Tanaka,2000-07-25,Panama,2025,Complex League,Position Player,25,169,0.2288429781731708,0.1100540284575087,0.1586756686937169,0.8215567709616038,0.26328799431529,,,24.978602657708077,44.0664257418693,INT-0202,source_id,Panama,0.5124830535042973,C,90000.0,Panama,55,C,23+,Under $100K,,,
INT-0203,Min-jun Kim,2007-09-03,Dominican Republic,2023,Complex League,Position Player,16,600,0.252857128208158,0.0854471991104168,0.1094294469480438,0.7494661616895261,0.2805221672992096,,,26.406409413379173,56.599446629748094,INT-0203,source_id,Dominican Republic,0.3830194210220093,OF,28000.0,Dominican Republic,35,OF,18 and under,Under $100K,-0.3324683445611366,2024.0,0.0
INT-0203,Min-jun Kim,2007-09-03,Dominican Republic,2024,Dominican Summer League,Position Player,17,503,0.2621272003916857,0.0763873033929014,0.0988799353965699,0.7213126495857419,0.3261409878351945,,,26.48520074221091,48.5426646874945,INT-0203,source_id,Dominican Republic,-0.3324683445611366,OF,28000.0,Dominican Republic,35,OF,18 and under,Under $100K,-0.5204723431015339,2025.0,0.0
INT-0203,Min-jun Kim,2007-09-03,DOM,2025,Complex League,Position Player,18,405,0.2469041301765103,0.0851636842322773,0.1216847059074451,0.7173927954173163,0.3532283868867527,,,25.746127681770734,51.204327432682895,INT-0203,source_id,Dominican Republic,-0.5204723431015339,OF,28000.0,Dominican Republic,35,OF,18 and under,Under $100K,,,
INT-0204,DAICHI YAMAMOTO,2000-08-12,Panama,2022,Complex League,Position Player,22,191,0.2999858756002292,0.0317315252444846,0.1747699632170762,0.7008031321627215,0.3591166621076641,,,25.435958424277448,51.68511460712543,INT-0204,source_id,Panama,-0.15077616762579196,IF,15000.0,Panama,50,IF,21-22,Under $100K,-0.4008728258826792,2023.0,0.0
INT-0204,Daichi Yamamoto,2000-08-12,Panama,2023,Panamanian League,Position Player,23,484,0.3094447252180121,0.0669844662400784,0.0914627658826388,0.7113582121182699,0.3107684197389064,,,25.77789544001815,49.72011134639808,INT-0204,source_id,Panama,-0.4008728258826792,IF,15000.0,Panama,50,IF,23+,Under $100K,-0.3449965078149705,2024.0,0.0
INT-0204,DAICHI YAMAMOTO,2000-08-12,Panama,2024,Panamanian League,Position Player,24,560,0.2612528673113032,0.0524434597245638,0.0796406670796071,0.6793736076557529,0.3064259417564237,,,26.9402649561226,59.83261329342465,INT-0204,source_id,Panama,-0.3449965078149705,IF,15000.0,Panama,50,IF,23+,Under $100K,-0.23096692658906057,2025.0,0.0
INT-0204,Daichi Yamamoto,2000-08-12,PAN,2025,Complex League,Position Player,25,509,0.2751591883118104,0.0807831661859792,0.146866507180004,0.6866964730901679,0.3302877062031518,,,26.61766626092898,56.50928206217641,INT-0204,source_id,Panama,-0.23096692658906057,IF,15000.0,Panama,50,IF,23+,Under $100K,,,
INT-0205,Alejandro Benitez,2005-08-10,Venezuela,2023,Complex League,Position Player,18,594,0.2273435291250576,0.066026295980228,0.0839688111368344,0.7202645128432786,0.2849041318495636,,,24.50515256803634,45.30443116765693,INT-0205,source_id,Venezuela,-0.5685386603551554,IF,62000.0,Venezuela,50,IF,18 and under,Under $100K,0.4822708910303587,2024.0,1.0
INT-0205,Alejandro Benitez,2005-08-10,Venezuela,2024,Dominican Summer League,Position Player,19,539,0.2311304750855269,0.092379344625992,0.2247702785191017,0.7219090384028206,0.2171037920277923,,,24.75720875914661,47.28976768856864,INT-0205,source_id,Venezuela,0.4822708910303587,IF,62000.0,Venezuela,50,IF,19-20,Under $100K,-0.19408909994905893,2025.0,0.0
INT-0205,Alejandro Benitez,2005-08-10,Venezuela,2025,Complex League,Position Player,20,485,0.2349865063152761,0.0824826746583277,0.1427575545569038,0.7290724190680118,0.2907122585203582,,,25.469650230166977,46.30932869654251,INT-0205,source_id,Venezuela,-0.19408909994905893,IF,62000.0,Venezuela,50,IF,19-20,Under $100K,,,
INT-0206,Ruben Choi 2,2002-08-05,Japan,2022,NPB Farm,Pitcher,20,427,0.1095759095763734,0.0779163981315965,,,,88.45139760626446,0.4640283330672222,,58.759222743127246,INT-0206,source_id,Japan,-0.15489954590606347,RHP,11000.0,Japan,40,Pitcher,19-20,Under $100K,-0.0538366313471092,2023.0,0.0
INT-0206,Ruben Choi 2,2002-08-05,Japan,2023,NPB Farm,Pitcher,21,421,0.1735512119885387,0.1136533563566281,,,,88.12416136929649,0.4998328939749138,,61.04653420104968,INT-0206,source_id,Japan,-0.0538366313471092,RHP,11000.0,Japan,40,Pitcher,21-22,Under $100K,-0.7180846529370708,2024.0,0.0
INT-0206,Ruben Choi 2,2002-08-05,JPN,2024,NPB Farm,Pitcher,22,92,0.1104491258324,0.0782216981769284,,,,84.62530855669353,0.4942080074768366,,58.91861672731571,INT-0206,source_id,Japan,-0.7180846529370708,RHP,11000.0,Japan,40,Pitcher,21-22,Under $100K,-0.2272815962345245,2025.0,0.0
INT-0206,Ruben Choi 2,2002-08-05,Japan,2025,Industrial League,Pitcher,23,429,0.2042160861510341,0.1065688387770733,,,,86.48095912179578,0.4943216302243549,,65.5181597620983,INT-0206,source_id,Japan,-0.2272815962345245,RHP,11000.0,Japan,40,Pitcher,23+,Under $100K,,,
INT-0207,Alejandro Nakamura 2,2001-01-22,Mexico,2022,Mexican Pacific League,Pitcher,21,402,0.2125253782816835,0.0794311354673411,,,,92.01003141526095,0.4831967858926975,,41.23131056484553,INT-0207,source_id,Mexico,0.5308425398920715,LHP,138000.0,Mexico,55,Pitcher,21-22,$100K-$499K,1.5026135803173584,2023.0,1.0
INT-0207,Alejandro Nakamura 2,2001-01-22,Mexico,2023,Mexican League,Pitcher,22,350,0.3423274273504165,0.0643975959383043,,,,92.44175854914076,0.5146564811178231,,42.56207557947424,INT-0207,source_id,Mexico,1.5026135803173584,LHP,138000.0,Mexico,55,Pitcher,21-22,$100K-$499K,0.7021808722737272,2024.0,1.0
INT-0207,Alejandro Nakamura 2,2001-01-22,Mexico,2024,Mexican Pacific League,Pitcher,23,560,0.2484872108967898,0.0414084764994469,,,,92.34748754803202,0.4694713896493019,,44.687769805220015,INT-0207,source_id,Mexico,0.7021808722737272,LHP,138000.0,Mexico,55,Pitcher,23+,$100K-$499K,1.3393834432627467,2025.0,1.0
INT-0207,Alejandro Nakamura 2,2001-01-22,Mexico,2025,Mexican League,Pitcher,24,562,0.2599928465283659,0.0537278846332428,,,,94.33673038459168,0.6,,50.43340823331679,INT-0207,source_id,Mexico,1.3393834432627467,LHP,138000.0,Mexico,55,Pitcher,23+,$100K-$499K,,,
INT-0208,Esteban Martinez,2006-10-22,Cuba,2025,Independent,Pitcher,19,395,0.1607999708312826,0.1063306800635588,,,,84.74978559587623,0.4842133406174975,,50.24557702306997,INT-0208,source_id,Cuba,-0.8934376755672467,LHP,26000.0,Cuba,30,Pitcher,19-20,Under $100K,,,
INT-0209,Ruben Valdez,2005-06-06,Dominican Republic,2022,Complex League,Position Player,17,266,0.2253520932310847,0.0756657693532534,0.1304210203284574,0.7469932658776915,0.2941096428296566,,,25.87759758606416,55.66119556731717,INT-0209,source_id,Dominican Republic,0.4182803183162923,OF,28000.0,Dominican Republic,45,OF,18 and under,Under $100K,0.5609891278952063,2023.0,1.0
INT-0209,Ruben Valdez,2005-06-06,D.R.,2023,Dominican Summer League,Position Player,18,125,0.1802991646929931,0.0897949523727578,0.128826980878015,0.7350978251943167,0.2759775937588481,,,26.51195937016933,62.2684270092882,INT-0209,source_id,Dominican Republic,0.5609891278952063,OF,28000.0,Dominican Republic,45,OF,18 and under,Under $100K,1.1815213139607117,2024.0,1.0
INT-0209,Ruben Valdez,2005-06-06,Dominican Republic,2024,Complex League,Position Player,19,493,0.2063980833023943,0.0953297383562344,0.1589795774084544,0.7935261649375404,0.2322468931295074,,,27.07637587264183,58.56106797985306,INT-0209,source_id,Dominican Republic,1.1815213139607117,OF,28000.0,Dominican Republic,45,OF,19-20,Under $100K,0.13220910641632377,2025.0,0.0
INT-0209,Ruben Valdez,2005-06-06,DOM,2025,Complex League,Position Player,20,430,0.1826459095898399,0.088366437131592,0.0624570102974551,0.7578752155434373,0.256494451394363,,,25.793961583499268,61.756344519846,INT-0209,source_id,Dominican Republic,0.13220910641632377,OF,28000.0,Dominican Republic,45,OF,19-20,Under $100K,,,
INT-0210,Alejandro Valdez,2005-06-24,Japan,2022,NPB Farm,Position Player,17,614,0.2444308462618737,0.0550968734007174,0.0375438284006815,0.704719338194264,0.3279405054144466,,,25.08620592243168,31.870518337980897,INT-0210,source_id,Japan,-1.144262724106681,C,13000.0,Japan,30,C,18 and under,Under $100K,-1.5290790701298709,2023.0,0.0
INT-0210,Alejandro Valdez,2005-06-24,Japan,2023,Industrial League,Position Player,18,411,0.3367158057228659,0.070438417642074,0.053252019762202,0.6793416259635804,0.3610737466477595,,,24.19604979442528,42.07026283864111,INT-0210,source_id,Japan,-1.5290790701298709,C,13000.0,Japan,30,C,18 and under,Under $100K,-1.247002316674485,2024.0,0.0
INT-0210,Alejandro Valdez,2005-06-24,Japan,2024,Industrial League,Position Player,19,308,0.2301080851953275,0.0889574021551277,0.0456743001805569,0.7178798556256146,0.3390624970208941,,,25.25758814031336,29.39148050190533,INT-0210,source_id,Japan,-1.247002316674485,C,13000.0,Japan,30,C,19-20,Under $100K,-1.0451111605072885,2025.0,0.0
INT-0210,Alejandro Valdez,2005-06-24,Japan,2025,NPB Farm,Position Player,20,170,0.2597895995341984,0.0523411725938867,0.0610146988023805,0.7189212841208019,0.3400380146672253,,,24.41671727153124,48.07259511363045,INT-0210,source_id,Japan,-1.0451111605072885,C,13000.0,Japan,30,C,19-20,Under $100K,,,
INT-0211,ISAAC FERNANDEZ,2005-08-08,Mexico,2024,Mexican Pacific League,Pitcher,19,241,0.1546995852180356,0.1206889860359357,,,,87.27478282529773,0.4556768872474994,,55.841484343039895,INT-0211,source_id,Mexico,-0.7330002589564196,LHP,21000.0,Mexico,40,Pitcher,19-20,Under $100K,0.15651766069850326,2025.0,0.0
INT-0211,Isaac Fernandez,2005-08-08,Mexico,2025,Mexican Pacific League,Pitcher,20,339,0.1975846652637587,0.0646647817157278,,,,89.02241672100824,0.4876919511669461,,59.57783922173543,INT-0211,source_id,Mexico,0.15651766069850326,LHP,21000.0,Mexico,40,Pitcher,19-20,Under $100K,,,
INT-0212,Santiago Sato,1999-12-25,JPN,2022,NPB Farm,Pitcher,23,321,0.2259463418609591,0.0988680293525074,,,,91.43368680286672,0.5195384497639921,,53.56730993138276,INT-0212,source_id,Japan,0.723576312840516,RHP,64000.0,Japan,40,Pitcher,23+,Under $100K,0.8492731306737565,2023.0,1.0
INT-0212,Santiago Sato,1999-12-25,JPN,2023,Industrial League,Pitcher,24,419,0.2127475590551584,0.072126410946594,,,,91.30053491972522,0.5284593371672746,,56.04255705631584,INT-0212,source_id,Japan,0.8492731306737565,RHP,64000.0,Japan,40,Pitcher,23+,Under $100K,0.29590078727884034,2024.0,0.0
INT-0212,Santiago Sato,1999-12-25,Japan,2024,Industrial League,Pitcher,25,616,0.2172652347508998,0.0895356149791562,,,,91.70938926306154,0.509446532601991,,45.83810963157872,INT-0212,source_id,Japan,0.29590078727884034,RHP,64000.0,Japan,40,Pitcher,23+,Under $100K,0.6247523958492426,2025.0,1.0
INT-0212,Santiago Sato,1999-12-25,Japan,2025,NPB Farm,Pitcher,26,559,0.2776230871169395,0.0955945679205707,,,,93.634055435714,0.4935751534426229,,50.033025812306406,INT-0212,source_id,Japan,0.6247523958492426,RHP,64000.0,Japan,40,Pitcher,23+,Under $100K,,,
INT-0213,Seong-hyun Herrera,1999-12-12,México,2022,Mexican League,Pitcher,23,389,0.2319117637298732,0.0815078633859166,,,,90.19128224853851,0.457040111705442,,59.21026037439622,INT-0213,source_id,Mexico,0.601811038761792,LHP,623000.0,Mexico,50,Pitcher,23+,$500K-$1.49M,0.3811083236080697,2023.0,0.0
INT-0213,Seong-hyun Herrera,1999-12-12,Mexico,2023,Mexican League,Pitcher,24,265,0.2128592461461276,0.1195744330380495,,,,91.38424963682164,0.4522949640647984,,71.27051467013915,INT-0213,source_id,Mexico,0.3811083236080697,LHP,623000.0,Mexico,50,Pitcher,23+,$500K-$1.49M,0.42719817199096644,2024.0,1.0
INT-0213,Seong-hyun Herrera,1999-12-12,México,2024,Mexican Pacific League,Pitcher,25,444,0.2782744029671996,0.0984434020045357,,,,90.8509686743278,0.4484941729158602,,54.6805619094625,INT-0213,source_id,Mexico,0.42719817199096644,LHP,623000.0,Mexico,50,Pitcher,23+,$500K-$1.49M,0.6316745026555473,2025.0,1.0
INT-0213,Seong-hyun Herrera,1999-12-12,Mexico,2025,Mexican League,Pitcher,26,612,0.2904514660473019,0.1162672140138186,,,,94.25368527790836,0.4650215720292449,,60.36065785622981,INT-0213,source_id,Mexico,0.6316745026555473,LHP,623000.0,Mexico,50,Pitcher,23+,$500K-$1.49M,,,
INT-0214,Hector Lopez,2001-04-07,Japan,2022,NPB Farm,Pitcher,21,446,0.2404719077076663,0.0905300834404325,,,,89.7900690210539,0.514588418988449,,49.91643976163412,INT-0214,source_id,Japan,0.6645883034917891,RHP,291000.0,Japan,50,Pitcher,21-22,$100K-$499K,0.18937062278873984,2023.0,0.0
INT-0214,Hector Lopez,2001-04-07,Japan,2023,NPB Farm,Pitcher,22,532,0.1834598440043211,0.1026182581681763,,,,90.05931295899315,0.4861593280093929,,59.47688548322118,INT-0214,source_id,Japan,0.18937062278873984,RHP,291000.0,Japan,50,Pitcher,21-22,$100K-$499K,0.7584579313907089,2024.0,1.0
INT-0214,HECTOR LOPEZ,2001-04-07,Japan,2024,Industrial League,Pitcher,23,591,0.2533742740631896,0.0828088801521062,,,,92.25469552398836,0.5128535012369246,,54.15137308402408,INT-0214,source_id,Japan,0.7584579313907089,RHP,291000.0,Japan,50,Pitcher,23+,$100K-$499K,1.1516351658715185,2025.0,1.0
INT-0214,Hector Lopez,2001-04-07,Japan,2025,NPB Farm,Pitcher,24,292,0.3047047033559755,0.048427345995529,,,,91.52390334742115,0.506954501863353,,57.37123885196777,INT-0214,source_id,Japan,1.1516351658715185,RHP,291000.0,Japan,50,Pitcher,23+,$100K-$499K,,,
INT-0215,Marco Benitez,1999-12-11,Dominican Republic,2022,Dominican Summer League,Position Player,23,163,0.2115765500433356,0.0919765098328265,0.079857318158915,0.7197291321628889,0.3068248461189347,,,27.065004834770296,65.67533620667078,INT-0215,source_id,Dominican Republic,0.32916191665150424,IF,60000.0,Dominican Republic,35,IF,23+,Under $100K,-0.040677546052007074,2023.0,0.0
INT-0215,Marco Benitez,1999-12-11,Dominican Republic,2023,Dominican Summer League,Position Player,24,158,0.1995315886429335,0.0855062614460586,0.0756496323617775,0.699461779389387,0.3190519086710388,,,26.738128676811563,67.6770101614685,INT-0215,source_id,Dominican Republic,-0.040677546052007074,IF,60000.0,Dominican Republic,35,IF,23+,Under $100K,0.06845600979560876,2024.0,0.0
INT-0215,Marco Benitez,1999-12-11,Dominican Republic,2024,Dominican Summer League,Position Player,25,580,0.2003057654090973,0.0835261528152079,0.1226374720230459,0.696532721754857,0.2887383336666756,,,26.41932355752505,63.54105296758999,INT-0215,source_id,Dominican Republic,0.06845600979560876,IF,60000.0,Dominican Republic,35,IF,23+,Under $100K,0.1501920189967163,2025.0,0.0
INT-0215,Marco Benitez,1999-12-11,Dominican Republic,2025,Dominican Summer League,Position Player,26,422,0.214466865787344,0.130398555879996,0.0749132838404804,0.733580677866827,0.3077723409318594,,,27.638064062373815,65.24489723785346,INT-0215,source_id,Dominican Republic,0.1501920189967163,IF,60000.0,Dominican Republic,35,IF,23+,Under $100K,,,
INT-0216,Daichi Dominguez,2001-11-10,Colombia,2022,Colombian Winter League,Pitcher,21,88,0.1595342326776972,0.1108784645212918,,,,89.75682153563305,0.4825526823192125,,48.61401037368768,INT-0216,source_id,Colombia,-0.13287499381480225,RHP,237000.0,Colombia,50,Pitcher,21-22,$100K-$499K,0.6133752675189386,2023.0,1.0
INT-0216,Daichi Dominguez,2001-11-10,Colombia,2023,Colombian Winter League,Pitcher,22,270,0.275233057781747,0.1050087980547854,,,,89.36361752454054,0.4764391487688492,,60.52403925338976,INT-0216,source_id,Colombia,0.6133752675189386,RHP,237000.0,Colombia,50,Pitcher,21-22,$100K-$499K,0.5070411289375674,2024.0,1.0
INT-0216,Daichi Dominguez,2001-11-10,Colombia,2024,Complex League,Pitcher,23,555,0.2831318463255127,0.0950583452324067,,,,90.8049151664342,0.4725755731525928,,50.66960553851672,INT-0216,source_id,Colombia,0.5070411289375674,RHP,237000.0,Colombia,50,Pitcher,23+,$100K-$499K,0.19549098886240307,2025.0,0.0
INT-0216,Daichi Dominguez,2001-11-10,Colombia,2025,Complex League,Pitcher,24,206,0.2063280812626682,0.0843864497126019,,,,91.13301419226468,0.5383482269855833,,44.92355426814624,INT-0216,source_id,Colombia,0.19549098886240307,RHP,237000.0,Colombia,50,Pitcher,23+,$100K-$499K,,,
,Yun-seo Kim,2006-02-23,Colombia,2023,Colombian Winter League,Position Player,17,616,0.3157205674454023,0.0633557373867647,0.0535134595113186,0.7300525576129286,0.3264682640321088,,,26.06374989477449,52.83015197236945,INT-0217,name_birth_date,Colombia,-0.43889258065702264,IF,52000.0,Colombia,40,IF,18 and under,Under $100K,-0.2888255121886417,2024.0,0.0
INT-0217,YUN-SEO KIM,2006-02-23,COL,2024,Complex League,Position Player,18,179,0.2349538242893377,0.0663204446908842,0.0949549057478586,0.6810940540489155,0.3191559412779628,,,26.74406860463344,62.30825225158654,INT-0217,source_id,Colombia,-0.2888255121886417,IF,52000.0,Colombia,40,IF,18 and under,Under $100K,-0.5459379140093502,2025.0,0.0
INT-0217,Yun-seo Kim,2006-02-23,Colombia,2025,Colombian Winter League,Position Player,19,476,0.2685982380935636,0.0461474699523846,0.1060104586932326,0.7012404887943555,0.339879459030166,,,25.72007588978452,55.84537290944593,INT-0217,source_id,Colombia,-0.5459379140093502,IF,52000.0,Colombia,40,IF,19-20,Under $100K,,,
INT-0218,Mateo Ramirez,1999-02-13,South Korea,2022,Independent,Pitcher,23,427,0.1377129201794824,0.0873071757733755,,,,85.6972309394605,0.4631892849629718,,27.99974936974876,INT-0218,source_id,South Korea,-0.7664469512490417,RHP,15000.0,South Korea,30,Pitcher,23+,Under $100K,-0.6347199434377884,2023.0,0.0
INT-0218,Mateo Ramirez,1999-02-13,South Korea,2023,Independent,Pitcher,24,518,0.1459845379275554,0.1015750257862362,,,,85.48893251295905,0.4900669666428854,,45.72340845335872,INT-0218,source_id,South Korea,-0.6347199434377884,RHP,15000.0,South Korea,30,Pitcher,23+,Under $100K,-0.7918184260141374,2024.0,0.0
INT-0218,MATEO RAMIREZ,1999-02-13,South Korea,2024,Independent,Pitcher,25,239,0.1490298246607456,0.0789809404874108,,,,86.10593231233193,0.4737318349442377,,37.98717560168185,INT-0218,source_id,South Korea,-0.7918184260141374,RHP,15000.0,South Korea,30,Pitcher,23+,Under $100K,-1.0901523915745241,2025.0,0.0
INT-0218,Mateo Ramirez,1999-02-13,South Korea,2025,Independent,Pitcher,26,431,0.1168629755574844,0.0980426784844945,,,,85.06443998684558,0.5251298929905066,,37.6002834807742,INT-0218,source_id,South Korea,-1.0901523915745241,RHP,15000.0,South Korea,30,Pitcher,23+,Under $100K,,,
,Andres Jimenez,2002-11-16,Venezuela,2022,Complex League,Pitcher,20,132,0.2117004871492206,0.0954375572446033,,,,87.52578023354202,0.502953150631358,,59.40346468735735,INT-0219,name_birth_date,Venezuela,0.35392620814824705,RHP,301000.0,Venezuela,40,Pitcher,19-20,$100K-$499K,0.2269285243068659,2023.0,0.0
INT-0219,Andres Jimenez,2002-11-16,Venezuela,2023,Dominican Summer League,Pitcher,21,440,0.2056253247637408,0.0907533996154899,,,,88.89153708819701,0.4611434676513863,,61.10931492470066,INT-0219,source_id,Venezuela,0.2269285243068659,RHP,301000.0,Venezuela,40,Pitcher,21-22,$100K-$499K,-0.11001506278193932,2024.0,0.0
INT-0219,Andres Jimenez,2002-11-16,Venezuela,2024,Dominican Summer League,Pitcher,22,203,0.1777610403360986,0.0961381119809584,,,,89.53686779088548,0.4558343491615145,,62.81031053215688,INT-0219,source_id,Venezuela,-0.11001506278193932,RHP,301000.0,Venezuela,40,Pitcher,21-22,$100K-$499K,0.20878758614866819,2025.0,0.0
INT-0219,Andres Jimenez,2002-11-16,Venezuela,2025,Dominican Summer League,Pitcher,23,235,0.1942480553492438,0.1029731807893482,,,,90.79795992572312,0.5251658195733018,,65.02693495987143,INT-0219,source_id,Venezuela,0.20878758614866819,RHP,301000.0,Venezuela,40,Pitcher,23+,$100K-$499K,,,
INT-0220,Ren Valdez,2005-03-27,Venezuela,2022,Dominican Summer League,Pitcher,17,432,0.2810784392805175,0.0868605844760466,,,,93.05978038478646,0.530610990481626,,48.32616790908217,INT-0220,source_id,Venezuela,1.2475598145640079,LHP,245000.0,Venezuela,60,Pitcher,18 and under,$100K-$499K,1.539095533350598,2023.0,1.0
INT-0220,Ren Valdez,2005-03-27,VZ,2023,Complex League,Pitcher,18,609,0.3391685108544452,0.065437478829023,,,,92.21910732009836,0.5122757986989935,,48.645395929135645,INT-0220,source_id,Venezuela,1.539095533350598,LHP,245000.0,Venezuela,60,Pitcher,18 and under,$100K-$499K,0.379731016779908,2024.0,0.0
INT-0220,Ren Valdez,2005-03-27,Venezuela,2024,Dominican Summer League,Pitcher,19,304,0.2514761617359547,0.0959122338635106,,,,92.0729656281192,0.4735830936270049,,48.033226442841126,INT-0220,source_id,Venezuela,0.379731016779908,LHP,245000.0,Venezuela,60,Pitcher,19-20,$100K-$499K,0.6537633875177566,2025.0,1.0
INT-0220,Ren Valdez,2005-03-27,Venezuela,2025,Dominican Summer League,Pitcher,20,191,0.3004999055175562,0.0788507669693881,,,,93.33239178491532,0.4398070489943041,,50.03723966043511,INT-0220,source_id,Venezuela,0.6537633875177566,LHP,245000.0,Venezuela,60,Pitcher,19-20,$100K-$499K,,,
INT-0221,Santiago Garcia,2005-09-23,Cuba,2024,Cuban National Series,Pitcher,19,256,0.2535135004393726,0.0800098115821282,,,,89.09190515853783,0.4691907170536621,,62.00253132274517,INT-0221,source_id,Cuba,0.46272681816402766,RHP,83000.0,Cuba,45,Pitcher,19-20,Under $100K,0.3542766299915604,2025.0,0.0
INT-0221,Santiago Garcia,2005-09-23,Cuba,2025,Cuban National Series,Pitcher,20,86,0.2251303228423623,0.0773496404587144,,,,89.9000297138725,0.5178036740910734,,56.26909306507569,INT-0221,source_id,Cuba,0.3542766299915604,RHP,83000.0,Cuba,45,Pitcher,19-20,Under $100K,,,
INT-0222,Diego Choi,2001-10-11,Panama,2022,Panamanian League,Position Player,21,372,0.2296164140560741,0.100128994240375,0.0556296414858657,0.7591610235981099,0.2590472016017995,,,26.45634765646897,61.73412017111794,INT-0222,source_id,Panama,0.530137425929516,C,10000.0,Panama,35,C,21-22,Under $100K,0.0012180269609721947,2023.0,0.0
INT-0222,Diego Choi,2001-10-11,Panama,2023,Complex League,Position Player,22,290,0.1821174716432428,0.1025217034942616,0.0837994679450528,0.7438270901045001,0.2932808904219954,,,26.29386914939061,51.59463415962464,INT-0222,source_id,Panama,0.0012180269609721947,C,10000.0,Panama,35,C,21-22,Under $100K,0.8062130105695,2024.0,1.0
INT-0222,Diego Choi,2001-10-11,PAN,2024,Panamanian League,Position Player,23,105,0.1749778817907211,0.1198429021445512,0.1665730090510664,0.7664164509316912,0.2714734264206452,,,26.26655720821471,61.82766313310512,INT-0222,source_id,Panama,0.8062130105695,C,10000.0,Panama,35,C,23+,Under $100K,0.5412206620808578,2025.0,1.0
INT-0222,Diego Choi,2001-10-11,Panama,2025,Panamanian League,Position Player,24,268,0.2387541275747955,0.0929338663990187,0.1369822219219928,0.8074138971245525,0.2579291388002998,,,26.307809046601424,45.03363941363528,INT-0222,source_id,Panama,0.5412206620808578,C,10000.0,Panama,35,C,23+,Under $100K,,,
,Ren Ortega 2,2000-06-16,Venezuela,2022,Dominican Summer League,Pitcher,22,87,0.2678777091324603,0.0823615326454231,,,,90.51384536874754,0.4940169005456988,,47.82397685199607,INT-0223,name_birth_date,Venezuela,0.8248092035712525,RHP,14000.0,Venezuela,40,Pitcher,21-22,Under $100K,-0.19036706731902756,2023.0,0.0
INT-0223,Ren Ortega 2,2000-06-16,Venezuela,2023,Complex League,Pitcher,23,249,0.2143159072696132,0.1081177780273028,,,,88.24508800523525,0.4756084585524376,,39.87350734477841,INT-0223,source_id,Venezuela,-0.19036706731902756,RHP,14000.0,Venezuela,40,Pitcher,23+,Under $100K,0.35170387005194365,2024.0,0.0
INT-0223,Ren Ortega 2,2000-06-16,Venezuela,2024,Complex League,Pitcher,24,371,0.260870305359529,0.082420270180491,,,,90.28946803414084,0.5156220610646226,,36.11160827733782,INT-0223,source_id,Venezuela,0.35170387005194365,RHP,14000.0,Venezuela,40,Pitcher,23+,Under $100K,0.10550350679491233,2025.0,0.0
INT-0223,Ren Ortega 2,2000-06-16,Venezuela,2025,Complex League,Pitcher,25,408,0.2316043091248597,0.0815875065258634,,,,90.63013198810953,0.5262613836524209,,33.912161693836715,INT-0223,source_id,Venezuela,0.10550350679491233,RHP,14000.0,Venezuela,40,Pitcher,23+,Under $100K,,,
INT-0224,Marco Sanchez 2,2000-06-22,Mexico,2022,Mexican Pacific League,Position Player,22,462,0.2222446740967449,0.0837210710906302,0.1232943792287512,0.6646875224465408,0.3377669247817047,,,25.55669602159748,46.89886372416248,INT-0224,source_id,Mexico,-0.6529755654381155,C,710000.0,Mexico,50,C,21-22,$500K-$1.49M,0.026812293305637475,2023.0,0.0
INT-0224,Marco Sanchez 2,2000-06-22,Mexico,2023,Mexican League,Position Player,23,378,0.2592902232806363,0.0674884586393261,0.1871844258659231,0.7222648026011658,0.3198902213925688,,,25.77819020146971,43.25576263342238,INT-0224,source_id,Mexico,0.026812293305637475,C,710000.0,Mexico,50,C,23+,$500K-$1.49M,-0.5591961338641401,2024.0,0.0
INT-0224,Marco Sanchez 2,2000-06-22,Mexico,2024,Mexican League,Position Player,24,141,0.2602151222355843,0.0577626737781334,0.1773561030774536,0.6965978629813655,0.3239952669372775,,,24.54020080638734,40.77199167770701,INT-0224,source_id,Mexico,-0.5591961338641401,C,710000.0,Mexico,50,C,23+,$500K-$1.49M,-0.010625066177069042,2025.0,0.0
INT-0224,Marco Sanchez 2,2000-06-22,Mexico,2025,Mexican League,Position Player,25,199,0.2586656804180199,0.0924359728189468,0.1880028894453054,0.7242712750295895,0.2843382005686155,,,25.562550517747244,43.21577395068937,INT-0224,source_id,Mexico,-0.010625066177069042,C,710000.0,Mexico,50,C,23+,$500K-$1.49M,,,
INT-0225,Ji-ho Nakamura,2000-04-14,Dominican Republic,2022,Dominican Summer League,Position Player,22,525,0.2237542370154311,0.0517621597800612,0.1054935722675534,0.7093120348675819,0.2943827651139158,,,24.85389055678263,45.54653164688448,INT-0225,source_id,Dominican Republic,-0.35873629989725947,IF,71000.0,Dominican Republic,35,IF,21-22,Under $100K,0.041536957710570734,2023.0,0.0
INT-0225,Ji-ho Nakamura,2000-04-14,Dominican Republic,2023,Dominican Summer League,Position Player,23,193,0.2528147829386953,0.0576392348250428,0.109462136378369,0.7369017411197866,0.2939394103573974,,,25.989503593902164,51.50534502404488,INT-0225,source_id,Dominican Republic,0.041536957710570734,IF,71000.0,Dominican Republic,35,IF,23+,Under $100K,-0.5811705252752863,2024.0,0.0
INT-0225,Ji-ho Nakamura,2000-04-14,Dominican Republic,2024,Dominican Summer League,Position Player,24,318,0.2288494426194035,0.0676532825168548,0.0355841868810172,0.7309961942568798,0.3277606182723979,,,25.97916562604138,51.81546835585468,INT-0225,source_id,Dominican Republic,-0.5811705252752863,IF,71000.0,Dominican Republic,35,IF,23+,Under $100K,0.10210300478811236,2025.0,0.0
INT-0225,Ji-ho Nakamura,2000-04-14,DOM,2025,Complex League,Position Player,25,219,0.2291451667451988,0.071359460442831,0.1151964765692159,0.775036259246929,0.2810065342714619,,,25.44032205677724,50.474682534604966,INT-0225,source_id,Dominican Republic,0.10210300478811236,IF,71000.0,Dominican Republic,35,IF,23+,Under $100K,,,
INT-0226,Nicolas Benitez,2006-09-19,Venezuela,2024,Complex League,Position Player,18,605,0.2472846029804535,0.0719981632878326,0.0921716783154827,0.6915896116794954,0.3594041416161258,,,24.318624345849518,44.77213718469055,INT-0226,source_id,Venezuela,-1.1108025083419282,OF,178000.0,Venezuela,45,OF,18 and under,$100K-$499K,-0.7513722226358949,2025.0,0.0
INT-0226,Nicolas Benitez,2006-09-19,Venezuela,2025,Complex League,Position Player,19,616,0.2626826622314623,0.0743963574784723,0.0751138935415882,0.6894460990953603,0.2961997065357492,,,25.117045204421604,52.7087835834182,INT-0226,source_id,Venezuela,-0.7513722226358949,OF,178000.0,Venezuela,45,OF,19-20,$100K-$499K,,,
INT-0227,Nicolas Sato,2001-03-23,PAN,2022,Complex League,Pitcher,21,393,0.2451987104756838,0.1056353784798367,,,,92.05690881313028,0.5164391875350816,,52.58867111561131,INT-0227,source_id,Panama,0.79124942277563,RHP,98000.0,Panama,60,Pitcher,21-22,Under $100K,0.32210252642573806,2023.0,0.0
INT-0227,Nicolas Sato,2001-03-23,Panama,2023,Complex League,Pitcher,22,515,0.2514830210237473,0.1377625755900424,,,,92.1891676023653,0.4741987907500515,,51.75533409731519,INT-0227,source_id,Panama,0.32210252642573806,RHP,98000.0,Panama,60,Pitcher,21-22,Under $100K,0.2907432976780261,2024.0,0.0
INT-0227,Nicolas Sato,2001-03-23,Panama,2024,Panamanian League,Pitcher,23,208,0.2599118269914456,0.1198779090179325,,,,91.3265562172744,0.4798312307684321,,52.27905576959994,INT-0227,source_id,Panama,0.2907432976780261,RHP,98000.0,Panama,60,Pitcher,23+,Under $100K,0.13077479059903294,2025.0,0.0
INT-0227,Nicolas Sato,2001-03-23,Panama,2025,Complex League,Pitcher,24,425,0.2851641624903982,0.1464025170448548,,,,92.2807455748558,0.4782116223548105,,52.45502612515688,INT-0227,source_id,Panama,0.13077479059903294,RHP,98000.0,Panama,60,Pitcher,23+,Under $100K,,,
INT-0228,Daichi Lee,2002-03-07,VZ,2022,Complex League,Position Player,20,347,0.2364191806307694,0.0949119610781731,0.1022202677193328,0.7602326075181333,0.3118946622707615,,,25.641658997614616,43.66398070225848,INT-0228,source_id,Venezuela,-0.009769373456028158,C,35000.0,Venezuela,40,C,19-20,Under $100K,0.06895410979063332,2023.0,0.0
INT-0228,Daichi Lee,2002-03-07,VEN,2023,Dominican Summer League,Position Player,21,239,0.209908736998978,0.0624750343460527,0.1006810425498838,0.7587640246682662,0.2870310677047764,,,26.032650560482896,46.337981221031626,INT-0228,source_id,Venezuela,0.06895410979063332,C,35000.0,Venezuela,40,C,21-22,Under $100K,0.147300669027484,2024.0,0.0
INT-0228,Daichi Lee,2002-03-07,Venezuela,2024,Complex League,Position Player,22,495,0.2192254866357035,0.0849681399733313,0.1071717988930886,0.7503600281238599,0.2991445897041586,,,26.36829582941425,54.72335288027946,INT-0228,source_id,Venezuela,0.147300669027484,C,35000.0,Venezuela,40,C,21-22,Under $100K,0.0676286913981205,2025.0,0.0
INT-0228,Daichi Lee,2002-03-07,Venezuela,2025,Dominican Summer League,Position Player,23,478,0.2067999707167933,0.0920640707945324,0.1409213813148632,0.7486649602125074,0.293187889072075,,,26.242846770291735,48.00674275731311,INT-0228,source_id,Venezuela,0.0676286913981205,C,35000.0,Venezuela,40,C,23+,Under $100K,,,
INT-0229,Alejandro Martinez 2,2006-03-02,Dominican Republic,2024,Complex League,Position Player,18,475,0.2188723638662064,0.0776626970464624,0.1440069523561497,0.7256633318293382,0.3020530606550973,,,25.90100460560427,39.91554167959706,INT-0229,source_id,Dominican Republic,-0.24080029988305635,C,279000.0,Dominican Republic,50,C,18 and under,$100K-$499K,-0.4114287021954201,2025.0,0.0
INT-0229,Alejandro Martinez 2,2006-03-02,Dominican Republic,2025,Dominican Summer League,Position Player,19,223,0.2324455715303047,0.0788505461115756,0.1626017311228948,0.7695802875337794,0.3112268089311045,,,24.62508504413717,30.276897785628925,INT-0229,source_id,Dominican Republic,-0.4114287021954201,C,279000.0,Dominican Republic,50,C,19-20,$100K-$499K,,,
INT-0230,Marco Lee,2005-06-27,Dominican Republic,2022,Complex League,Pitcher,17,473,0.2663677946024598,0.1468799546069421,,,,92.0106032030441,0.3922176700489196,,38.49770400512534,INT-0230,source_id,Dominican Republic,-0.2506364715608867,RHP,69000.0,Dominican Republic,50,Pitcher,18 and under,Under $100K,0.16359338550252564,2023.0,0.0
INT-0230,Marco Lee,2005-06-27,Dominican Republic,2023,Complex League,Pitcher,18,190,0.260925932376008,0.1560870717582051,,,,93.60697734927264,0.4622655457078727,,42.49618647761647,INT-0230,source_id,Dominican Republic,0.16359338550252564,RHP,69000.0,Dominican Republic,50,Pitcher,18 and under,Under $100K,-0.10355980345228286,2024.0,0.0
INT-0230,Marco Lee,2005-06-27,Dominican Republic,2024,Dominican Summer League,Pitcher,19,310,0.2665065804100877,0.1466562769567807,,,,94.3387377479528,0.4060719612632461,,39.82739422361172,INT-0230,source_id,Dominican Republic,-0.10355980345228286,RHP,69000.0,Dominican Republic,50,Pitcher,19-20,Under $100K,-0.36492644018553144,2025.0,0.0
INT-0230,Marco Lee,2005-06-27,Dominican Republic,2025,Dominican Summer League,Pitcher,20,134,0.2799860327402119,0.1801213127403169,,,,95.14973295971218,0.4027697389388271,,43.86271714068584,INT-0230,source_id,Dominican Republic,-0.36492644018553144,RHP,69000.0,Dominican Republic,50,Pitcher,19-20,Under $100K,,,
INT-0231,Mateo Yamamoto,2002-08-21,Japan,2022,Industrial League,Position Player,20,419,0.2420178725068263,0.0692399197243044,0.1484814508538433,0.6844848257555882,0.3046055700995563,,,26.6099450828355,61.11377071613421,INT-0231,source_id,Japan,0.24154880871585596,IF,294000.0,Japan,50,IF,19-20,$100K-$499K,0.1443334753050472,2023.0,0.0
INT-0231,Mateo Yamamoto,2002-08-21,Japan,2023,Industrial League,Position Player,21,601,0.2770001300193078,0.0575716507143116,0.2201612837642628,0.6654335835641199,0.3625119795879086,,,26.72679410004253,59.88513885995241,INT-0231,source_id,Japan,0.1443334753050472,IF,294000.0,Japan,50,IF,21-22,$100K-$499K,0.030137785859534555,2024.0,0.0
,Mateo Yamamoto,2002-08-21,Japan,2024,Industrial League,Position Player,22,276,0.2346188135549594,0.1037118966155992,0.1739019493833812,0.7023681993430135,0.292452738980696,,,26.523164996756407,47.78662429586537,INT-0231,name_birth_date,Japan,0.030137785859534555,IF,294000.0,Japan,50,IF,21-22,$100K-$499K,0.4013024247749166,2025.0,1.0
INT-0231,Mateo Yamamoto,2002-08-21,Japan,2025,NPB Farm,Position Player,23,225,0.2354062427436193,0.0696954599216614,0.180531123940536,0.7205294239026948,0.2924205963937129,,,26.74997635324808,57.74963616338656,INT-0231,source_id,Japan,0.4013024247749166,IF,294000.0,Japan,50,IF,23+,$100K-$499K,,,
INT-0232,Seong-hyun Mendez,2000-11-05,Dominican Republic,2022,Complex League,Position Player,22,144,0.2854244912859283,0.0516181852654167,0.0791685134084681,0.6952134545013791,0.3625237042485039,,,25.992991420589533,47.49194958506812,INT-0232,source_id,Dominican Republic,-0.6761225935867042,OF,60000.0,Dominican Republic,45,OF,21-22,Under $100K,-0.7263401396631809,2023.0,0.0
INT-0232,Seong-hyun Mendez,2000-11-05,Dominican Rep.,2023,Dominican Summer League,Position Player,23,110,0.2377119531849964,0.0664620880974079,0.1113651386159389,0.6868018291749889,0.3852939028002864,,,26.09398513241311,51.63002650175489,INT-0232,source_id,Dominican Republic,-0.7263401396631809,OF,60000.0,Dominican Republic,45,OF,23+,Under $100K,-0.013595495579827144,2024.0,0.0
INT-0232,Seong-hyun Mendez,2000-11-05,DOM,2024,Complex League,Position Player,24,147,0.2289335595965197,0.0678878901360727,0.1750697434424354,0.7031319042594842,0.3258083397781803,,,25.90490150494196,56.23007069808102,INT-0232,source_id,Dominican Republic,-0.013595495579827144,OF,60000.0,Dominican Republic,45,OF,23+,Under $100K,-0.6610281590105413,2025.0,0.0
INT-0232,Seong-hyun Mendez,2000-11-05,D.R.,2025,Dominican Summer League,Position Player,25,513,0.2526149981628499,0.0726999170564958,0.1003978462490201,0.6859845032600469,0.2960542667997469,,,25.97133309718645,46.40421751187451,INT-0232,source_id,Dominican Republic,-0.6610281590105413,OF,60000.0,Dominican Republic,45,OF,23+,Under $100K,,,
INT-0233,Ji-ho Dominguez,2001-03-21,Mexico,2022,Mexican Pacific League,Pitcher,21,504,0.170615699615263,0.1160585359707708,,,,86.77679267114362,0.5013432074704574,,53.10035250685415,INT-0233,source_id,Mexico,-0.22018868571170921,LHP,34000.0,Mexico,35,Pitcher,21-22,Under $100K,-0.9317192625920804,2023.0,0.0
INT-0233,Ji-ho Dominguez,2001-03-21,Mexico,2023,Mexican League,Pitcher,22,220,0.1758758081335883,0.1493299848421692,,,,87.89531419296947,0.4447408450680718,,38.70924567639744,INT-0233,source_id,Mexico,-0.9317192625920804,LHP,34000.0,Mexico,35,Pitcher,21-22,Under $100K,0.2351764509984491,2024.0,0.0
INT-0233,JI-HO DOMINGUEZ,2001-03-21,Mexico,2024,Mexican Pacific League,Pitcher,23,140,0.253701501723697,0.1161513288424063,,,,88.77325879652656,0.5184530697169488,,53.433171338342206,INT-0233,source_id,Mexico,0.2351764509984491,LHP,34000.0,Mexico,35,Pitcher,23+,Under $100K,-0.31248372744977126,2025.0,0.0
,Ji-ho Dominguez,2001-03-21,Mexico,2025,Mexican Pacific League,Pitcher,24,149,0.1511944442447709,0.0687849272802096,,,,90.45790955415994,0.4381971848153583,,53.8313514678154,INT-0233,name_birth_date,Mexico,-0.31248372744977126,LHP,34000.0,Mexico,35,Pitcher,23+,Under $100K,,,
INT-0234,Luis Nakamura,1999-07-15,Panama,2022,Complex League,Position Player,23,469,0.2986572126509079,0.0550761604551577,0.0892947677303708,0.6837445296258982,0.317764135963425,,,25.881968428545008,46.36187953150737,INT-0234,source_id,Panama,-0.5520195193569428,OF,316000.0,Panama,40,OF,23+,$100K-$499K,-0.3233658011286642,2023.0,0.0
,Luis Nakamura,1999-07-15,Panama,2023,Panamanian League,Position Player,24,211,0.2348411583343081,0.0621561549211986,0.1579157807916502,0.68339499661987,0.3339578807419988,,,25.842465376295745,49.78284814269152,INT-0234,name_birth_date,Panama,-0.3233658011286642,OF,316000.0,Panama,40,OF,23+,$100K-$499K,-0.051126585957116624,2024.0,0.0
,Luis Nakamura,1999-07-15,Panamá,2024,Complex League,Position Player,25,478,0.3069282375505753,0.0781197758995984,0.0493741041181222,0.7464649050608897,0.3060005372839632,,,27.119630968617408,56.35341708961106,INT-0234,name_birth_date,Panama,-0.051126585957116624,OF,316000.0,Panama,40,OF,23+,$100K-$499K,-0.1330812767131532,2025.0,0.0
INT-0234,Luis Nakamura,1999-07-15,Panama,2025,Complex League,Position Player,26,113,0.27493557711124,0.0900150128924565,0.1266272341782305,0.7849750255419532,0.2971317931616907,,,24.76719907210391,42.36529835103789,INT-0234,source_id,Panama,-0.1330812767131532,OF,316000.0,Panama,40,OF,23+,$100K-$499K,,,
INT-0235,Santiago Dominguez,2004-09-22,Dominican Republic,2022,Dominican Summer League,Pitcher,18,155,0.1513077086518939,0.1164826778519773,,,,87.89642707559437,0.4767057410950353,,57.6953163558524,INT-0235,source_id,Dominican Republic,-0.28260664210293096,LHP,58000.0,Dominican Republic,45,Pitcher,18 and under,Under $100K,0.13811931048786932,2023.0,0.0
INT-0235,Santiago Dominguez,2004-09-22,Dominican Republic,2023,Dominican Summer League,Pitcher,19,306,0.2356624536263117,0.0918990406862716,,,,88.48669465715464,0.450946536840371,,49.87771395343553,INT-0235,source_id,Dominican Republic,0.13811931048786932,LHP,58000.0,Dominican Republic,45,Pitcher,19-20,Under $100K,0.2342490508447049,2024.0,0.0
,SANTIAGO DOMINGUEZ,2004-09-22,Dominican Republic,2024,Complex League,Pitcher,20,398,0.2248753748028995,0.0898044780986636,,,,89.03278647043817,0.4868767928265706,,58.83277718848564,INT-0235,name_birth_date,Dominican Republic,0.2342490508447049,LHP,58000.0,Dominican Republic,45,Pitcher,19-20,Under $100K,-0.24305149777481633,2025.0,0.0
INT-0235,Santiago Dominguez,2004-09-22,DOM,2025,Complex League,Pitcher,21,414,0.2045398578259612,0.1108146362746052,,,,87.74294410365417,0.4891549377530567,,61.24128049618196,INT-0235,source_id,Dominican Republic,-0.24305149777481633,LHP,58000.0,Dominican Republic,45,Pitcher,21-22,Under $100K,,,
INT-0236,Mateo Lopez,1999-12-21,MEX,2022,Mexican League,Position Player,23,282,0.1995071926513165,0.1008333099480194,0.1171023273821045,0.750473576382676,0.2673779697921081,,,25.446480326239747,41.60787719504212,INT-0236,source_id,Mexico,0.11461425536181721,C,29000.0,Mexico,40,C,23+,Under $100K,0.47550722024839764,2023.0,1.0
,Mateo Lopez,1999-12-21,Mexico,2023,Mexican League,Position Player,24,325,0.237523529012073,0.0904593866018106,0.1546168730813885,0.7764134292937048,0.2841825950651814,,,26.201809859459303,43.41780045357012,INT-0236,name_birth_date,Mexico,0.47550722024839764,C,29000.0,Mexico,40,C,23+,Under $100K,-0.08498744457759505,2024.0,0.0
INT-0236,  Mateo Lopez ,1999-12-21,Mexico,2024,Mexican League,Position Player,25,191,0.2252359218460071,0.0890995237919803,0.134210842673137,0.7615555338031044,0.2521340029792006,,,24.76050287559759,34.68401571810698,INT-0236,source_id,Mexico,-0.08498744457759505,C,29000.0,Mexico,40,C,23+,Under $100K,0.30842343601553984,2025.0,0.0
INT-0236,Mateo Lopez,1999-12-21,Mexico,2025,Mexican Pacific League,Position Player,26,203,0.2004566619661222,0.0758746292443095,0.1645186005582934,0.8156039816671808,0.3052374576066003,,,25.622682930713143,40.0209362350721,INT-0236,source_id,Mexico,0.30842343601553984,C,29000.0,Mexico,40,C,23+,Under $100K,,,
INT-0237,Seong-hyun Park 2,2006-06-15,Japan,2023,NPB Farm,Pitcher,17,581,0.2329398271617659,0.1224960384321164,,,,89.85793506319895,0.4857132922285941,,50.36019915629442,INT-0237,source_id,Japan,0.15276718624503102,RHP,109000.0,Japan,55,Pitcher,18 and under,$100K-$499K,0.44047858128550244,2024.0,1.0
INT-0237,Seong-hyun Park 2,2006-06-15,Japan,2024,NPB Farm,Pitcher,18,608,0.3030330823646593,0.1251178604792463,,,,91.63197434852076,0.4832122443625153,,45.48616378359728,INT-0237,source_id,Japan,0.44047858128550244,RHP,109000.0,Japan,55,Pitcher,18 and under,$100K-$499K,0.43903741715046307,2025.0,1.0
INT-0237,Seong-hyun Park 2,2006-06-15,Japan,2025,NPB Farm,Pitcher,19,80,0.2567120602135829,0.0833610687609172,,,,91.57514719056552,0.4843815121131797,,52.7363521732478,INT-0237,source_id,Japan,0.43903741715046307,RHP,109000.0,Japan,55,Pitcher,19-20,$100K-$499K,,,
INT-0238,Emilio Lee,2005-03-21,VEN,2022,Complex League,Position Player,17,558,0.1904915953519406,0.0773076922871102,0.1238906090977857,0.7741295580323541,0.2619544415151304,,,26.70297040147989,41.23854225933395,INT-0238,source_id,Venezuela,0.5231807421107957,C,94000.0,Venezuela,45,C,18 and under,Under $100K,0.32484699787124127,2023.0,0.0
INT-0238,Emilio Lee,2005-03-21,Venezuela,2023,Complex League,Position Player,18,103,0.1321499951797162,0.0802547020007388,0.1772414381797267,0.7475843715711726,0.2600948830956204,,,24.79213691379033,45.36395938807713,INT-0238,source_id,Venezuela,0.32484699787124127,C,94000.0,Venezuela,45,C,18 and under,Under $100K,0.5172322581130173,2024.0,1.0
INT-0238,Emilio Lee,2005-03-21,VEN,2024,Dominican Summer League,Position Player,19,150,0.1724473659525027,0.0680095733042136,0.142365626581406,0.7819646547979093,0.2816649251388998,,,26.87671913596639,46.19036204474082,INT-0238,source_id,Venezuela,0.5172322581130173,C,94000.0,Venezuela,45,C,19-20,Under $100K,0.28371944379766134,2025.0,0.0
INT-0238,  Emilio Lee ,2005-03-21,Venezuela,2025,Complex League,Position Player,20,555,0.1214057979010315,0.1181391668654777,0.1671876459334144,0.7360421960551657,0.2738567834704699,,,26.01706671081304,52.30328677155129,INT-0238,source_id,Venezuela,0.28371944379766134,C,94000.0,Venezuela,45,C,19-20,Under $100K,,,
INT-0239,Gabriel Park 2,2001-12-13,VEN,2022,Dominican Summer League,Position Player,21,133,0.2194226744210828,0.0984942414021237,0.1301474392947866,0.7351863365129399,0.2927795358134523,,,25.44636790098436,55.58812865969913,INT-0239,source_id,Venezuela,0.2710861322413707,IF,111000.0,Venezuela,55,IF,21-22,$100K-$499K,0.6028438556380599,2023.0,1.0
INT-0239,Gabriel Park 2,2001-12-13,Venezuela,2023,Complex League,Position Player,22,520,0.2150249492915425,0.0730882811917595,0.1599227372202069,0.6945081739068684,0.2417758473610003,,,27.221135188331925,56.76789930589086,INT-0239,source_id,Venezuela,0.6028438556380599,IF,111000.0,Venezuela,55,IF,21-22,$100K-$499K,0.687245359933383,2024.0,1.0
INT-0239,Gabriel Park 2,2001-12-13,Venezuela,2024,Complex League,Position Player,23,393,0.2171137280481011,0.0882327949540885,0.2230456252405075,0.7532710728288532,0.2769246663764947,,,25.545736088349813,53.55913729997236,INT-0239,source_id,Venezuela,0.687245359933383,IF,111000.0,Venezuela,55,IF,23+,$100K-$499K,1.0036199331710602,2025.0,1.0
INT-0239,Gabriel Park 2,2001-12-13,Venezuela,2025,Complex League,Position Player,24,563,0.2102340684285837,0.1131900738500708,0.1983690570375602,0.7904990001958082,0.2553736559867156,,,26.313760470845946,54.788765572034734,INT-0239,source_id,Venezuela,1.0036199331710602,IF,111000.0,Venezuela,55,IF,23+,$100K-$499K,,,
INT-0240,  Seong-hyun Dominguez ,2001-12-07,Venezuela,2022,Complex League,Position Player,21,344,0.3100235679342029,0.07225035965916,0.199127005220796,0.6854651154753055,0.359975516928442,,,25.641563449251382,53.21847483836508,INT-0240,source_id,Venezuela,-0.08255671247366578,IF,73000.0,Venezuela,50,IF,21-22,Under $100K,0.06367802141586631,2023.0,0.0
INT-0240,Seong-hyun Dominguez,2001-12-07,Venezuela,2023,Dominican Summer League,Position Player,22,137,0.2833831530936323,0.0486921722568799,0.1860040244651439,0.6892747956491806,0.3167978926343468,,,26.59184974989222,48.84588100003287,INT-0240,source_id,Venezuela,0.06367802141586631,IF,73000.0,Venezuela,50,IF,21-22,Under $100K,-0.43732220352033613,2024.0,0.0
INT-0240,Seong-hyun Dominguez,2001-12-07,Venezuela,2024,Complex League,Position Player,23,92,0.2522805849563805,0.0795069249968465,0.1764943253732869,0.6590167756925259,0.353805252296512,,,25.95254332460065,56.37376107216079,INT-0240,source_id,Venezuela,-0.43732220352033613,IF,73000.0,Venezuela,50,IF,23+,Under $100K,0.5005096577241024,2025.0,1.0
INT-0240,Seong-hyun Dominguez,2001-12-07,Venezuela,2025,Complex League,Position Player,24,225,0.2649903789966259,0.0988508209554938,0.2614447195670103,0.730828142573123,0.3077693350996701,,,25.782281770805625,49.40386334086176,INT-0240,source_id,Venezuela,0.5005096577241024,IF,73000.0,Venezuela,50,IF,23+,Under $100K,,,
INT-0241,HECTOR TORRES,2000-02-09,D.R.,2022,Complex League,Pitcher,22,242,0.1756557684305105,0.0907704872024364,,,,89.26478547660514,0.4837189847366087,,34.742020560091284,INT-0241,source_id,Dominican Republic,-0.09716988707095012,RHP,134000.0,Dominican Republic,40,Pitcher,21-22,$100K-$499K,0.4939849622033044,2023.0,1.0
INT-0241,HECTOR TORRES,2000-02-09,DOM,2023,Dominican Summer League,Pitcher,23,490,0.2676347529380796,0.082151280020755,,,,90.46263527644716,0.4767103874579922,,36.90713672755393,INT-0241,source_id,Dominican Republic,0.4939849622033044,RHP,134000.0,Dominican Republic,40,Pitcher,23+,$100K-$499K,0.7272963585249482,2024.0,1.0
INT-0241,Hector Torres,2000-02-09,Dominican Republic,2024,Complex League,Pitcher,24,461,0.2636108126740361,0.0710009725119135,,,,93.04195953038446,0.4873103638344175,,45.54341392277503,INT-0241,source_id,Dominican Republic,0.7272963585249482,RHP,134000.0,Dominican Republic,40,Pitcher,23+,$100K-$499K,0.2517128908738583,2025.0,0.0
INT-0241,Hector Torres,2000-02-09,Dominican Republic,2025,Dominican Summer League,Pitcher,25,525,0.254159331798369,0.0825696337728841,,,,94.25321067747124,0.46973127733201,,30.805373863979657,INT-0241,source_id,Dominican Republic,0.2517128908738583,RHP,134000.0,Dominican Republic,40,Pitcher,23+,$100K-$499K,,,
INT-0242,EMILIO ESTRADA,2004-08-15,PAN,2023,Panamanian League,Position Player,19,407,0.2658429234718633,0.1074503534146147,0.0957088580720558,0.7884951557370097,0.2918977860526683,,,26.477352849183305,52.040954961665534,INT-0242,source_id,Panama,0.4356250156226613,IF,14000.0,Panama,35,IF,19-20,Under $100K,0.6902508214907352,2024.0,1.0
INT-0242,Emilio Estrada,2004-08-15,Panama,2024,Complex League,Position Player,20,241,0.2106977118805504,0.1026211412051267,0.1476051306473559,0.7646581707443174,0.2508461156186036,,,25.59464678535003,61.63903863747175,INT-0242,source_id,Panama,0.6902508214907352,IF,14000.0,Panama,35,IF,19-20,Under $100K,0.09672591917514933,2025.0,0.0
INT-0242,Emilio Estrada,2004-08-15,Panama,2025,Panamanian League,Position Player,21,340,0.2367987279002979,0.1123336694111333,0.0249938194677677,0.744175531238343,0.236740674881036,,,27.116655675536567,60.71061696433733,INT-0242,source_id,Panama,0.09672591917514933,IF,14000.0,Panama,35,IF,21-22,Under $100K,,,
INT-0243,Gabriel Estrada,2005-08-09,Panama,2024,Complex League,Pitcher,19,143,0.2397598720141816,0.0852574725412872,,,,88.94810239691344,0.4878689392607601,,44.943773878106846,INT-0243,source_id,Panama,0.12394356051217113,LHP,40000.0,Panama,40,Pitcher,19-20,Under $100K,-0.26720674399588973,2025.0,0.0
INT-0243,Gabriel Estrada,2005-08-09,Panama,2025,Panamanian League,Pitcher,20,113,0.1854769584728465,0.0964543249517517,,,,90.83248699147018,0.5062186227500187,,38.80104988051658,INT-0243,source_id,Panama,-0.26720674399588973,LHP,40000.0,Panama,40,Pitcher,19-20,Under $100K,,,
,Daniel Tanaka,2006-03-07,Venezuela,2025,Dominican Summer League,Pitcher,19,340,0.1782120911292616,0.1391828132755552,,,,88.1890139859645,0.5059868263312257,,59.53698849598767,INT-0244,name_birth_date,Venezuela,-0.5449349296959038,RHP,68000.0,Venezuela,45,Pitcher,19-20,Under $100K,,,
INT-0245,Diego Vargas,2003-05-10,JPN,2022,Industrial League,Position Player,19,216,0.2437984605270595,0.1026330920922295,0.0539300893575972,0.7448736772115813,0.3199866626564561,,,26.765034707056515,65.09721313733037,INT-0245,source_id,Japan,0.26876183390440667,IF,25000.0,Japan,30,IF,19-20,Under $100K,0.7399100249518895,2023.0,1.0
INT-0245,Diego Vargas,2003-05-10,Japan,2023,NPB Farm,Position Player,20,149,0.2253698384115816,0.0872208046066793,0.1337373716184504,0.773502356810745,0.2911864607188417,,,26.72740576440616,58.55439237224859,INT-0245,source_id,Japan,0.7399100249518895,IF,25000.0,Japan,30,IF,19-20,Under $100K,0.03366941671629245,2024.0,0.0
INT-0245,Diego Vargas,2003-05-10,Japan,2024,NPB Farm,Position Player,21,327,0.1911914379952299,0.0796282150022639,0.067263938295011,0.7360161461628916,0.3122899580860275,,,27.217518887416627,60.49550232600031,INT-0245,source_id,Japan,0.03366941671629245,IF,25000.0,Japan,30,IF,21-22,Under $100K,0.2509285463900669,2025.0,0.0
INT-0245,Diego Vargas,2003-05-10,Japan,2025,NPB Farm,Position Player,22,313,0.2400291229125743,0.0939073794907779,0.0924111810643415,0.7419281097787147,0.2435606949936689,,,26.14011402489383,59.74062448698943,INT-0245,source_id,Japan,0.2509285463900669,IF,25000.0,Japan,30,IF,21-22,Under $100K,,,
INT-0246,Ren Castillo,2000-12-23,Dominican Republic,2022,Dominican Summer League,Pitcher,22,93,0.1637337364762138,0.1176430726987496,,,,89.11102064783407,0.4804492150535103,,63.19858054460315,INT-0246,source_id,Dominican Republic,-0.026099682494985788,RHP,51000.0,Dominican Republic,40,Pitcher,21-22,Under $100K,-0.284234578686404,2023.0,0.0
INT-0246,Ren Castillo,2000-12-23,Dominican Rep.,2023,Complex League,Pitcher,23,189,0.1929752493234151,0.1444288208277817,,,,89.58515236929105,0.4812432697651976,,51.551909974188064,INT-0246,source_id,Dominican Republic,-0.284234578686404,RHP,51000.0,Dominican Republic,40,Pitcher,23+,Under $100K,-0.1440199846536589,2024.0,0.0
INT-0246,Ren Castillo,2000-12-23,D.R.,2024,Dominican Summer League,Pitcher,24,162,0.2412870170304952,0.1006965274056705,,,,86.59013167042549,0.4854020979235634,,47.65846685207656,INT-0246,source_id,Dominican Republic,-0.1440199846536589,RHP,51000.0,Dominican Republic,40,Pitcher,23+,Under $100K,-0.06372986916841528,2025.0,0.0
INT-0246,Ren Castillo,2000-12-23,D.R.,2025,Dominican Summer League,Pitcher,25,602,0.2247725176990671,0.0938496129701025,,,,89.61098530129301,0.4280791048499704,,62.30195650992069,INT-0246,source_id,Dominican Republic,-0.06372986916841528,RHP,51000.0,Dominican Republic,40,Pitcher,23+,Under $100K,,,
,TAKESHI HAN,2000-02-13,Dominican Republic,2022,Dominican Summer League,Position Player,22,466,0.247220007495349,0.0873529930922247,0.1113060468568059,0.697988296811036,0.314646736513908,,,27.13009876101422,57.91728905570097,INT-0247,name_birth_date,Dominican Republic,0.12138270948936222,OF,43000.0,Dominican Republic,45,OF,21-22,Under $100K,0.2827705214800304,2023.0,0.0
INT-0247,Takeshi Han,2000-02-13,Dominican Republic,2023,Dominican Summer League,Position Player,23,113,0.2736671246909147,0.0594661871172444,0.15669844838308,0.7282972689479914,0.2848481734971162,,,25.99339360797665,51.08063156663552,INT-0247,source_id,Dominican Republic,0.2827705214800304,OF,43000.0,Dominican Republic,45,OF,23+,Under $100K,0.2055212500780923,2024.0,0.0
INT-0247,Takeshi Han,2000-02-13,Dominican Republic,2024,Dominican Summer League,Position Player,24,425,0.2565948815723532,0.0770523625781159,0.1282401263617241,0.7050880613536249,0.3129060937076378,,,27.98732208116764,60.12577024301436,INT-0247,source_id,Dominican Republic,0.2055212500780923,OF,43000.0,Dominican Republic,45,OF,23+,Under $100K,0.07326026679348382,2025.0,0.0
INT-0247,Takeshi Han,2000-02-13,DOM,2025,Dominican Summer League,Position Player,25,602,0.2081462678863209,0.0607802875721945,0.1420184364848878,0.723827521700188,0.3207560852034412,,,26.393481503867186,59.52672879986106,INT-0247,source_id,Dominican Republic,0.07326026679348382,OF,43000.0,Dominican Republic,45,OF,23+,Under $100K,,,
INT-0248,Takeshi Mendez,2000-04-26,Dominican Republic,2022,Dominican Summer League,Position Player,22,610,0.2537398128448237,0.0894681460559711,0.2091177116484415,0.7118828851954687,0.2970403722182717,,,23.60406994462264,43.06581380426796,INT-0248,source_id,Dominican Republic,-0.10023228115455693,IF,249000.0,Dominican Republic,50,IF,21-22,$100K-$499K,-0.19947205574446708,2023.0,0.0
INT-0248,  Takeshi Mendez ,2000-04-26,Dominican Republic,2023,Complex League,Position Player,23,554,0.2228046102618251,0.0793967711121213,0.1779974896653369,0.7158574749422261,0.3284394415792837,,,25.40517165196684,42.1696874868728,INT-0248,source_id,Dominican Republic,-0.19947205574446708,IF,249000.0,Dominican Republic,50,IF,23+,$100K-$499K,-0.3606736689704199,2024.0,0.0
INT-0248,  Takeshi Mendez ,2000-04-26,Dominican Republic,2024,Complex League,Position Player,24,243,0.2472421031446429,0.0771025953103153,0.1133172587585972,0.7186636199878468,0.2948537151446187,,,26.129360945160936,40.728586714788975,INT-0248,source_id,Dominican Republic,-0.3606736689704199,IF,249000.0,Dominican Republic,50,IF,23+,$100K-$499K,0.1274683929110203,2025.0,0.0
INT-0248,Takeshi Mendez,2000-04-26,Dominican Republic,2025,Complex League,Position Player,25,373,0.2291212169951615,0.0654000455457354,0.1689460464733182,0.7591182387957021,0.3211283265273418,,,25.90582267845057,48.707792273672695,INT-0248,source_id,Dominican Republic,0.1274683929110203,IF,249000.0,Dominican Republic,50,IF,23+,$100K-$499K,,,
INT-0249,Felix Quintero,2000-08-19,Venezuela,2022,Complex League,Position Player,22,602,0.227798484753849,0.0767376018571134,0.1944673130867076,0.6928389807498913,0.2685530473181013,,,24.212814135926287,38.11344569758301,INT-0249,source_id,Venezuela,-0.20092979602890781,OF,328000.0,Venezuela,55,OF,21-22,$100K-$499K,-0.7838052440119654,2023.0,0.0
INT-0249,Felix Quintero,2000-08-19,VZ,2023,Complex League,Position Player,23,377,0.2058420701561542,0.0568966849391436,0.1384088106135625,0.7114416514387064,0.2892134154790998,,,23.5,33.488256204548854,INT-0249,source_id,Venezuela,-0.7838052440119654,OF,328000.0,Venezuela,55,OF,23+,$100K-$499K,-0.39789091285567574,2024.0,0.0
INT-0249,Felix Quintero,2000-08-19,Venezuela,2024,Dominican Summer League,Position Player,24,95,0.2032640579518685,0.0866953492977372,0.2234131418277664,0.7433842940139985,0.3249562060044495,,,23.5,28.788548952797072,INT-0249,source_id,Venezuela,-0.39789091285567574,OF,328000.0,Venezuela,55,OF,23+,$100K-$499K,0.025830950241973738,2025.0,0.0
INT-0249,Felix Quintero,2000-08-19,Venezuela,2025,Complex League,Position Player,25,182,0.2434182596180177,0.1038721157723166,0.1811228331873805,0.8122029348973334,0.290413357985505,,,23.5,35.34607600647944,INT-0249,source_id,Venezuela,0.025830950241973738,OF,328000.0,Venezuela,55,OF,23+,$100K-$499K,,,
INT-0250,Kaito Herrera 2,2007-02-06,D.R.,2025,Dominican Summer League,Position Player,18,532,0.2362081677420378,0.0696043634232239,0.1105361359058477,0.7039872509965941,0.3065174422458182,,,26.74271549248601,51.85944932095399,INT-0250,source_id,Dominican Republic,-0.2937572197560589,IF,70000.0,Dominican Republic,40,IF,18 and under,Under $100K,,,
INT-0251,Daniel Garcia,2004-10-18,Panama,2022,Complex League,Pitcher,18,439,0.08,0.1049168317052666,,,,82.0,0.4364848318997308,,60.2614749993573,INT-0251,source_id,Panama,-1.2141658061074192,RHP,10000.0,Panama,25,Pitcher,18 and under,Under $100K,-1.6571776156524252,2023.0,0.0
INT-0251,Daniel Garcia,2004-10-18,Panama,2023,Complex League,Pitcher,19,419,0.1154146016334429,0.1502169703846074,,,,83.40631661328224,0.3850197203987363,,58.029791329326585,INT-0251,source_id,Panama,-1.6571776156524252,RHP,10000.0,Panama,25,Pitcher,19-20,Under $100K,-1.4141734012799168,2024.0,0.0
INT-0251,Daniel Garcia,2004-10-18,Panama,2024,Complex League,Pitcher,20,567,0.08,0.128834808821489,,,,82.59653739051491,0.4679109789227864,,66.62673104141479,INT-0251,source_id,Panama,-1.4141734012799168,RHP,10000.0,Panama,25,Pitcher,19-20,Under $100K,-0.8365571730015088,2025.0,0.0
INT-0251,Daniel Garcia,2004-10-18,Panama,2025,Complex League,Pitcher,21,503,0.128566493100033,0.084979321382146,,,,85.17876561395651,0.4277835010275087,,67.18387494794096,INT-0251,source_id,Panama,-0.8365571730015088,RHP,10000.0,Panama,25,Pitcher,21-22,Under $100K,,,
INT-0252,Min-jun Kim 2,2003-10-13,Dominican Republic,2022,Dominican Summer League,Position Player,19,296,0.2362374954718541,0.1111518377937956,0.1442724744848034,0.7487231873378402,0.3127265501278445,,,28.393197557589485,63.929514643401816,INT-0252,source_id,Dominican Republic,0.9812263703125763,OF,32000.0,Dominican Republic,50,OF,19-20,Under $100K,0.481278406590004,2023.0,1.0
INT-0252,Min-jun Kim 2,2003-10-13,Dominican Republic,2023,Dominican Summer League,Position Player,20,486,0.1976229398161106,0.1086759358201101,0.1330813668537828,0.7166402465725104,0.2744794176834762,,,26.580011795316093,62.68204746464967,INT-0252,source_id,Dominican Republic,0.481278406590004,OF,32000.0,Dominican Republic,50,OF,19-20,Under $100K,0.5311403652851194,2024.0,1.0
,Min-jun Kim 2,2003-10-13,Dominican Republic,2024,Dominican Summer League,Position Player,21,391,0.2167733907757243,0.0934563523722593,0.1698109767399546,0.744713850302956,0.2775988501411348,,,26.82122545269725,52.928989286611774,INT-0252,name_birth_date,Dominican Republic,0.5311403652851194,OF,32000.0,Dominican Republic,50,OF,21-22,Under $100K,0.5834527311696466,2025.0,1.0
INT-0252,MIN-JUN KIM 2,2003-10-13,D.R.,2025,Dominican Summer League,Position Player,22,407,0.184130021910322,0.0915839751695293,0.1261084654757095,0.7438962111310037,0.2546431376818946,,,26.80772340342626,63.60351915694889,INT-0252,source_id,Dominican Republic,0.5834527311696466,OF,32000.0,Dominican Republic,50,OF,21-22,Under $100K,,,
INT-0253,Isaac Nakamura 2,2000-04-12,Venezuela,2022,Dominican Summer League,Position Player,22,246,0.2218291852308217,0.1083153979811844,0.1159768991487646,0.7877255881791501,0.2564349734902547,,,25.339029433525063,40.78386069677734,INT-0253,source_id,Venezuela,0.39197536494843793,IF,67000.0,Venezuela,40,IF,21-22,Under $100K,0.6665836943429244,2023.0,1.0
INT-0253,Isaac Nakamura 2,2000-04-12,Venezuela,2023,Dominican Summer League,Position Player,23,515,0.1977682894897257,0.1008363586249001,0.1649574214388549,0.7893946286130816,0.2563303145653449,,,24.89495636171611,48.70506164232049,INT-0253,source_id,Venezuela,0.6665836943429244,IF,67000.0,Venezuela,40,IF,23+,Under $100K,0.1576892877146447,2024.0,0.0
INT-0253,Isaac Nakamura 2,2000-04-12,Venezuela,2024,Complex League,Position Player,24,102,0.1684755233896746,0.1009372723098826,0.1390481018133318,0.7585045974506887,0.1913181117283362,,,25.28223593241745,30.15949455010296,INT-0253,source_id,Venezuela,0.1576892877146447,IF,67000.0,Venezuela,40,IF,23+,Under $100K,-0.3810312778162487,2025.0,0.0
INT-0253,Isaac Nakamura 2,2000-04-12,Venezuela,2025,Complex League,Position Player,25,482,0.2147074419097794,0.1044880540105421,0.0617819714210589,0.7932757934645048,0.2852583232161612,,,25.332457706973425,38.590666938432285,INT-0253,source_id,Venezuela,-0.3810312778162487,IF,67000.0,Venezuela,40,IF,23+,Under $100K,,,
INT-0254,Javier Herrera,2005-08-25,Panama,2022,Panamanian League,Position Player,17,573,0.2663953397758976,0.0907894241193331,0.1264879149245394,0.7180564215915293,0.3266251293047895,,,26.06951706113433,51.44440797555213,INT-0254,source_id,Panama,-0.022063023661080802,IF,81000.0,Panama,45,IF,18 and under,Under $100K,-0.15048604802372254,2023.0,0.0
INT-0254,Javier Herrera,2005-08-25,Panama,2023,Panamanian League,Position Player,18,273,0.2256021290466726,0.073121828013854,0.1502158811816025,0.7225623488172637,0.3508459021438854,,,26.56812090793991,45.35170472205725,INT-0254,source_id,Panama,-0.15048604802372254,IF,81000.0,Panama,45,IF,18 and under,Under $100K,0.460053066065889,2024.0,1.0
INT-0254,Javier Herrera,2005-08-25,Panama,2024,Panamanian League,Position Player,19,338,0.2244069255512546,0.0760403578075986,0.1735596775730161,0.7489186703568572,0.2895611789844965,,,25.895034190375235,55.959706205092985,INT-0254,source_id,Panama,0.460053066065889,IF,81000.0,Panama,45,IF,19-20,Under $100K,-0.06093549883203375,2025.0,0.0
INT-0254,Javier Herrera,2005-08-25,Panama,2025,Panamanian League,Position Player,20,172,0.2119713591006362,0.0586453792429402,0.123894066697748,0.7334917808982271,0.2839432420189517,,,25.61425098544492,52.82976922714481,INT-0254,source_id,Panama,-0.06093549883203375,IF,81000.0,Panama,45,IF,19-20,Under $100K,,,
INT-0255,Emilio Mendez,2005-12-22,Venezuela,2022,Complex League,Position Player,17,302,0.2074620928002813,0.0699677159480514,0.0602505884776427,0.7539116580929847,0.2943776534721055,,,25.33734321604529,44.35451897971075,INT-0255,source_id,Venezuela,-0.20821144854565424,IF,69000.0,Venezuela,40,IF,18 and under,Under $100K,0.5904862762955216,2023.0,1.0
INT-0255,Emilio Mendez,2005-12-22,Venezuela,2023,Complex League,Position Player,18,487,0.198708820768038,0.095156092754702,0.1349584277283846,0.8050047427850169,0.3027564850865399,,,25.348029446432324,54.37899723504455,INT-0255,source_id,Venezuela,0.5904862762955216,IF,69000.0,Venezuela,40,IF,18 and under,Under $100K,0.5428468449247408,2024.0,1.0
INT-0255,Emilio Mendez,2005-12-22,Venezuela,2024,Dominican Summer League,Position Player,19,394,0.2142365088589932,0.127308594278287,0.1342085874938604,0.7769579381015451,0.1948285531628205,,,24.79618278565688,47.34376332762153,INT-0255,source_id,Venezuela,0.5428468449247408,IF,69000.0,Venezuela,40,IF,19-20,Under $100K,0.5453543066388967,2025.0,1.0
INT-0255,  Emilio Mendez ,2005-12-22,Venezuela,2025,Dominican Summer League,Position Player,20,111,0.2149877732925721,0.097339204585064,0.1507938471847729,0.7900234569804819,0.2740671047988577,,,26.39614191922956,49.58782078919077,INT-0255,source_id,Venezuela,0.5453543066388967,IF,69000.0,Venezuela,40,IF,19-20,Under $100K,,,
INT-0256,Emilio Estrada 2,2001-08-22,Dominican Republic,2022,Complex League,Pitcher,21,202,0.3131645994202123,0.1063079094411608,,,,91.31294599550128,0.4570682485988315,,78.76449495504858,INT-0256,source_id,Dominican Republic,1.195672457143374,RHP,138000.0,Dominican Republic,50,Pitcher,21-22,$100K-$499K,1.044230710173402,2023.0,1.0
INT-0256,Emilio Estrada 2,2001-08-22,Dominican Republic,2023,Complex League,Pitcher,22,307,0.2895868410915126,0.0989707269519509,,,,92.2921495193674,0.4649222047547872,,65.59160575183908,INT-0256,source_id,Dominican Republic,1.044230710173402,RHP,138000.0,Dominican Republic,50,Pitcher,21-22,$100K-$499K,1.1321773314405885,2024.0,1.0
INT-0256,Emilio Estrada 2,2001-08-22,Dominican Republic,2024,Dominican Summer League,Pitcher,23,220,0.286621511826116,0.0886229913868648,,,,94.45062059601656,0.4549183976456525,,69.88832403552077,INT-0256,source_id,Dominican Republic,1.1321773314405885,RHP,138000.0,Dominican Republic,50,Pitcher,23+,$100K-$499K,1.1845790954651467,2025.0,1.0
INT-0256,Emilio Estrada 2,2001-08-22,Dominican Republic,2025,Dominican Summer League,Pitcher,24,111,0.30252459230939,0.1142532931503437,,,,96.0286493008914,0.4873621766659538,,75.53786084509242,INT-0256,source_id,Dominican Republic,1.1845790954651467,RHP,138000.0,Dominican Republic,50,Pitcher,23+,$100K-$499K,,,
INT-0257,Andres Ramirez 2,1999-10-15,Dominican Republic,2022,Complex League,Position Player,23,228,0.2812032754933006,0.0848677931391627,0.0266654033704455,0.7311659563376174,0.3591606989150468,,,26.62815707040719,43.73626364778515,INT-0257,source_id,Dominican Republic,-0.6431566194652061,OF,10000.0,Dominican Republic,35,OF,23+,Under $100K,-0.26867388612966897,2023.0,0.0
INT-0257,Andres Ramirez 2,1999-10-15,Dominican Republic,2023,Complex League,Position Player,24,598,0.1988279626696457,0.0863358075315876,0.0622576672237452,0.7297937006928453,0.30722149773943,,,26.40915674627553,51.6287937461875,INT-0257,source_id,Dominican Republic,-0.26867388612966897,OF,10000.0,Dominican Republic,35,OF,23+,Under $100K,-0.33775275834053464,2024.0,0.0
INT-0257,Andres Ramirez 2,1999-10-15,Dominican Republic,2024,Complex League,Position Player,25,458,0.1935878534851914,0.0804551210862126,0.1407922558186715,0.6915649124483999,0.2955563775414119,,,25.59349309832945,48.618506287279,INT-0257,source_id,Dominican Republic,-0.33775275834053464,OF,10000.0,Dominican Republic,35,OF,23+,Under $100K,-0.6559503917127562,2025.0,0.0
INT-0257,Andres Ramirez 2,1999-10-15,Dominican Republic,2025,Dominican Summer League,Position Player,26,208,0.217644947916527,0.1163051676794235,0.0582269028669271,0.7484259872409168,0.3179132142985512,,,26.290201014382248,40.96194714323899,INT-0257,source_id,Dominican Republic,-0.6559503917127562,OF,10000.0,Dominican Republic,35,OF,23+,Under $100K,,,
INT-0258,Esteban Dominguez,2006-10-15,Japan,2023,Industrial League,Position Player,17,520,0.2662634004633284,0.0817233342446401,0.1189739342647405,0.6930670634508267,0.3005799517135467,,,26.98582719606437,64.76907072507234,INT-0258,source_id,Japan,0.2224658611434192,OF,53000.0,Japan,45,OF,18 and under,Under $100K,-0.735084797654693,2024.0,0.0
INT-0258,Esteban Dominguez,2006-10-15,Japan,2024,Industrial League,Position Player,18,581,0.2510214701299932,0.0763474668130656,0.0503542329343226,0.6659569133293826,0.3403387854328059,,,26.896489255463667,59.92965477686402,INT-0258,source_id,Japan,-0.735084797654693,OF,53000.0,Japan,45,OF,18 and under,Under $100K,0.550820466742911,2025.0,1.0
INT-0258,Esteban Dominguez,2006-10-15,Japan,2025,NPB Farm,Position Player,19,98,0.2615611221373796,0.0805588348246385,0.1063465312114243,0.7715249355761546,0.2928711139863381,,,27.65221463025446,61.24463074714118,INT-0258,source_id,Japan,0.550820466742911,OF,53000.0,Japan,45,OF,19-20,Under $100K,,,
INT-0259,Javier Rojas,2001-02-09,VZ,2022,Complex League,Pitcher,21,125,0.2443198291580914,0.1133921392957268,,,,84.36243180293991,0.4993977496504643,,40.19447880647954,INT-0259,source_id,Venezuela,-0.19221695287725454,RHP,31000.0,Venezuela,50,Pitcher,21-22,Under $100K,0.5319188016649106,2023.0,1.0
INT-0259,Javier Rojas,2001-02-09,Venezuela,2023,Complex League,Pitcher,22,285,0.2629319723322524,0.1018177949668679,,,,90.14082892150132,0.5062359648496757,,45.3602993785975,INT-0259,source_id,Venezuela,0.5319188016649106,RHP,31000.0,Venezuela,50,Pitcher,21-22,Under $100K,0.4612163216840189,2024.0,1.0
INT-0259,Javier Rojas,2001-02-09,Venezuela,2024,Dominican Summer League,Pitcher,23,253,0.2588161236627189,0.0725758317808465,,,,92.74864984022382,0.4468423381072584,,43.2006665444749,INT-0259,source_id,Venezuela,0.4612163216840189,RHP,31000.0,Venezuela,50,Pitcher,23+,Under $100K,-0.0756904979925703,2025.0,0.0
INT-0259,JAVIER ROJAS,2001-02-09,Venezuela,2025,Dominican Summer League,Pitcher,24,114,0.2053080492227794,0.0743728139006956,,,,90.0194198738161,0.4861144372894777,,41.804211899042805,INT-0259,source_id,Venezuela,-0.0756904979925703,RHP,31000.0,Venezuela,50,Pitcher,23+,Under $100K,,,
INT-0260,Rafael Martinez,1999-12-08,Japan,2022,NPB Farm,Pitcher,23,587,0.2212428245531745,0.1299484596185813,,,,90.68590456549585,0.474055418353994,,62.82315224255957,INT-0260,source_id,Japan,0.2739045789465008,RHP,153000.0,Japan,40,Pitcher,23+,$100K-$499K,-0.4120390756330259,2023.0,0.0
INT-0260,Rafael Martinez,1999-12-08,Japan,2023,Industrial League,Pitcher,24,339,0.202929262569331,0.1287317687789267,,,,88.93635394413342,0.4372799520953593,,47.14955696122647,INT-0260,source_id,Japan,-0.4120390756330259,RHP,153000.0,Japan,40,Pitcher,23+,$100K-$499K,-0.5384603366903304,2024.0,0.0
INT-0260,Rafael Martinez,1999-12-08,Japan,2024,Industrial League,Pitcher,25,532,0.2085273639704497,0.132208110661504,,,,88.6192369559294,0.4317196272690752,,51.82715643057341,INT-0260,source_id,Japan,-0.5384603366903304,RHP,153000.0,Japan,40,Pitcher,23+,$100K-$499K,0.5809280722699127,2025.0,1.0
INT-0260,Rafael Martinez,1999-12-08,Japan,2025,Industrial League,Pitcher,26,501,0.277440761430123,0.065268941653874,,,,91.47597915467308,0.444184651902502,,55.62437467034239,INT-0260,source_id,Japan,0.5809280722699127,RHP,153000.0,Japan,40,Pitcher,23+,$100K-$499K,,,
INT-0261,Ji-ho Jimenez 2,2007-04-22,Dominican Republic,2024,Complex League,Pitcher,17,378,0.2602823533711572,0.1250599721919625,,,,91.52649981844516,0.5321905857044791,,34.39762445425231,INT-0261,source_id,Dominican Republic,0.18831506288209238,RHP,85000.0,Dominican Republic,50,Pitcher,18 and under,Under $100K,0.5513452810217433,2025.0,1.0
INT-0261,Ji-ho Jimenez 2,2007-04-22,Dominican Republic,2025,Complex League,Pitcher,18,376,0.2281056383366018,0.0648866224724682,,,,93.57233524469116,0.5205216552007159,,41.46409032201072,INT-0261,source_id,Dominican Republic,0.5513452810217433,RHP,85000.0,Dominican Republic,50,Pitcher,18 and under,Under $100K,,,
INT-0262,Carlos Perez,2005-01-08,COL,2023,Colombian Winter League,Pitcher,18,161,0.2220038417466739,0.0555648239557997,,,,89.89561344467826,0.5343475857282538,,53.8511629619399,INT-0262,source_id,Colombia,0.9007181492607981,RHP,55000.0,Colombia,45,Pitcher,18 and under,Under $100K,0.41580244565334945,2024.0,0.0
INT-0262,Carlos Perez,2005-01-08,Colombia,2024,Complex League,Pitcher,19,418,0.2150185357468741,0.0725914228237363,,,,89.95869644019923,0.5085966948400215,,55.905146262573496,INT-0262,source_id,Colombia,0.41580244565334945,RHP,55000.0,Colombia,45,Pitcher,19-20,Under $100K,0.47565802908751664,2025.0,1.0
INT-0262,Carlos Perez,2005-01-08,Colombia,2025,Complex League,Pitcher,20,224,0.203940625177586,0.0618071448853025,,,,90.4105558457698,0.5273628781160817,,58.93496333838879,INT-0262,source_id,Colombia,0.47565802908751664,RHP,55000.0,Colombia,45,Pitcher,19-20,Under $100K,,,
INT-0263,Luis Mendez,2002-08-01,Dominican Republic,2022,Complex League,Position Player,20,87,0.2007429559546572,0.0737659259165886,0.1492086318901078,0.7890551969155322,0.2809701521471462,,,23.5,47.4928995439129,INT-0263,source_id,Dominican Republic,0.3261523844629429,OF,106000.0,Dominican Republic,50,OF,19-20,$100K-$499K,0.5639801651051175,2023.0,1.0
INT-0263,Luis Mendez,2002-08-01,Dominican Republic,2023,Complex League,Position Player,21,197,0.2345919388853445,0.0788393288830551,0.1476708938869539,0.7632655312007955,0.2466363278575945,,,25.51172489094988,50.134433267645846,INT-0263,source_id,Dominican Republic,0.5639801651051175,OF,106000.0,Dominican Republic,50,OF,21-22,$100K-$499K,0.7211394215894451,2024.0,1.0
INT-0263,Luis Mendez,2002-08-01,Dominican Republic,2024,Complex League,Position Player,22,207,0.1964535349528138,0.0930202853171721,0.2240607692842358,0.7753370928493761,0.2759926001920845,,,25.956389899594544,44.29738101814286,INT-0263,source_id,Dominican Republic,0.7211394215894451,OF,106000.0,Dominican Republic,50,OF,21-22,$100K-$499K,0.49362116303264825,2025.0,1.0
INT-0263,Luis Mendez,2002-08-01,Dominican Republic,2025,Complex League,Position Player,23,327,0.2118615578353685,0.0949692040388679,0.1348387842498994,0.8128128515351627,0.2666344745457855,,,26.231030556578677,44.16184201587278,INT-0263,source_id,Dominican Republic,0.49362116303264825,OF,106000.0,Dominican Republic,50,OF,23+,$100K-$499K,,,
INT-0264,Javier Fernandez,2006-01-22,Venezuela,2025,Dominican Summer League,Pitcher,19,370,0.2505634099858242,0.1396136778950616,,,,91.74077809404368,0.4576202883559164,,42.11602761603022,INT-0264,source_id,Venezuela,-0.30052412266872164,RHP,118000.0,Venezuela,55,Pitcher,19-20,$100K-$499K,,,
INT-0265,Esteban Dominguez 2,2006-08-09,Dominican Republic,2025,Complex League,Pitcher,19,311,0.1828233627968903,0.0757433940377754,,,,88.55085739587764,0.4916026166815044,,49.09569996892588,INT-0265,source_id,Dominican Republic,-0.20195991228792243,RHP,16000.0,Dominican Republic,40,Pitcher,19-20,Under $100K,,,
INT-0266,Ren Alvarez,2005-04-23,Venezuela,2022,Dominican Summer League,Position Player,17,281,0.2224008201376222,0.0850618127333001,0.0831992470525129,0.7654340028307165,0.3451518382289747,,,27.269078654467407,56.240706725150375,INT-0266,source_id,Venezuela,0.3190217339530986,OF,119000.0,Venezuela,35,OF,18 and under,$100K-$499K,0.7266971909569412,2023.0,1.0
INT-0266,Ren Alvarez,2005-04-23,Venezuela,2023,Complex League,Position Player,18,434,0.2241772261393626,0.0975228852003017,0.1121318044518689,0.787017402152004,0.3068458130968252,,,27.24817763416369,58.63270750461868,INT-0266,source_id,Venezuela,0.7266971909569412,OF,119000.0,Venezuela,35,OF,18 and under,$100K-$499K,0.7432609380384765,2024.0,1.0
INT-0266,REN ALVAREZ,2005-04-23,Venezuela,2024,Dominican Summer League,Position Player,19,340,0.2631772454553577,0.0936304425122048,0.0887675742005153,0.7568399941322921,0.236312248107429,,,27.15574944889873,66.99132064771896,INT-0266,source_id,Venezuela,0.7432609380384765,OF,119000.0,Venezuela,35,OF,19-20,$100K-$499K,0.3285076786017503,2025.0,0.0
INT-0266,Ren Alvarez,2005-04-23,VEN,2025,Complex League,Position Player,20,322,0.2768127309008051,0.071934311574143,0.1011435487811311,0.7264433485624865,0.2544073108778233,,,26.6784877079703,64.22461013121193,INT-0266,source_id,Venezuela,0.3285076786017503,OF,119000.0,Venezuela,35,OF,19-20,$100K-$499K,,,
INT-0267,Gabriel Garcia,2003-09-06,Dominican Republic,2022,Dominican Summer League,Position Player,19,398,0.2288180962761109,0.0923879270077091,0.1175531401084371,0.7496450834766223,0.2803303671252125,,,27.132547887288087,65.51119215066896,INT-0267,source_id,Dominican Republic,0.850895214175639,IF,84000.0,Dominican Republic,45,IF,19-20,Under $100K,0.8491921958514124,2023.0,1.0
,Gabriel Garcia,2003-09-06,D.R.,2023,Dominican Summer League,Position Player,20,583,0.2283380981143029,0.0845847766934677,0.1607653043969528,0.75316605632136,0.2557802293789423,,,26.66543235423888,55.99385716413621,INT-0267,name_birth_date,Dominican Republic,0.8491921958514124,IF,84000.0,Dominican Republic,45,IF,19-20,Under $100K,0.5971638214104413,2024.0,1.0
INT-0267,Gabriel Garcia,2003-09-06,Dominican Republic,2024,Dominican Summer League,Position Player,21,602,0.220891409878991,0.1007881454805838,0.1474423930152301,0.7559222635259311,0.3001120708413823,,,25.99859323355333,67.6459119079137,INT-0267,source_id,Dominican Republic,0.5971638214104413,IF,84000.0,Dominican Republic,45,IF,21-22,Under $100K,0.5051767005626311,2025.0,1.0
INT-0267,Gabriel Garcia,2003-09-06,Dominican Republic,2025,Dominican Summer League,Position Player,22,171,0.1689300866978569,0.0805858706901247,0.1635662187825603,0.719825900298516,0.2341180310446511,,,26.78583205022101,54.57614856290543,INT-0267,source_id,Dominican Republic,0.5051767005626311,IF,84000.0,Dominican Republic,45,IF,21-22,Under $100K,,,
INT-0268,Seong-hyun Quintero,2006-06-03,Japan,2022,Industrial League,Position Player,16,368,0.2397688627983061,0.0788836966906142,0.0841919484220748,0.6992209998462388,0.2618471867052563,,,25.33888331573236,41.39552999722477,INT-0268,source_id,Japan,-0.40903768729811496,OF,103000.0,Japan,50,OF,18 and under,$100K-$499K,-0.2940963824381391,2023.0,0.0
INT-0268,Seong-hyun Quintero,2006-06-03,Japan,2023,Industrial League,Position Player,17,184,0.2886143054252066,0.086893537180882,0.0971190040243809,0.7407943014895112,0.3079597042831314,,,25.129431806358,47.92238414573787,INT-0268,source_id,Japan,-0.2940963824381391,OF,103000.0,Japan,50,OF,18 and under,$100K-$499K,-0.6829999587497354,2024.0,0.0
,SEONG-HYUN QUINTERO,2006-06-03,JPN,2024,NPB Farm,Position Player,18,618,0.1854039938580601,0.1101046374882178,0.1193718259067508,0.7132355041099406,0.3106395695516005,,,24.4840683260211,40.22455877220143,INT-0268,name_birth_date,Japan,-0.6829999587497354,OF,103000.0,Japan,50,OF,18 and under,$100K-$499K,-0.7287144534183642,2025.0,0.0
INT-0268,Seong-hyun Quintero,2006-06-03,JPN,2025,Industrial League,Position Player,19,147,0.230145215336665,0.0969212361008685,0.0817330435206213,0.7467096353821691,0.3209793320694848,,,25.11083331130312,40.82772909757741,INT-0268,source_id,Japan,-0.7287144534183642,OF,103000.0,Japan,50,OF,19-20,$100K-$499K,,,
INT-0269,Haruto Estrada,2004-01-23,South Korea,2022,Independent,Pitcher,18,497,0.1067952806556157,0.0904316582594324,,,,88.16965734726296,0.4908845880120712,,48.04834673457972,INT-0269,source_id,South Korea,-0.33813962065216235,LHP,41000.0,South Korea,40,Pitcher,18 and under,Under $100K,0.12185311591534656,2023.0,0.0
INT-0269,Haruto Estrada,2004-01-23,South Korea,2023,Independent,Pitcher,19,261,0.2056666063886181,0.0795322815625715,,,,88.91661715134643,0.460339954932845,,48.403918786169854,INT-0269,source_id,South Korea,0.12185311591534656,LHP,41000.0,South Korea,40,Pitcher,19-20,Under $100K,0.045221402737015026,2024.0,0.0
INT-0269,Haruto Estrada,2004-01-23,South Korea,2024,Independent,Pitcher,20,197,0.222603545466196,0.1110207744883581,,,,88.38823516773851,0.491574802505997,,59.57591400307262,INT-0269,source_id,South Korea,0.045221402737015026,LHP,41000.0,South Korea,40,Pitcher,19-20,Under $100K,0.18424356573568543,2025.0,0.0
INT-0269,Haruto Estrada,2004-01-23,South Korea,2025,Independent,Pitcher,21,438,0.2318189445463376,0.0920109775502869,,,,89.30669614651677,0.5070460676428097,,56.18021710442508,INT-0269,source_id,South Korea,0.18424356573568543,LHP,41000.0,South Korea,40,Pitcher,21-22,Under $100K,,,
INT-0270,  Ji-ho Lee ,2001-08-10,Japan,2022,NPB Farm,Pitcher,21,510,0.1586545797017076,0.0469721574137273,,,,89.19954667474715,0.5447059773487722,,47.96518316630379,INT-0270,source_id,Japan,0.6765075993965068,RHP,10000.0,Japan,40,Pitcher,21-22,Under $100K,-0.08678208539634075,2023.0,0.0
INT-0270,Ji-ho Lee,2001-08-10,Japan,2023,NPB Farm,Pitcher,22,611,0.0873379853135791,0.0501083854166221,,,,87.98202728754559,0.5338041805993882,,49.134000327016736,INT-0270,source_id,Japan,-0.08678208539634075,RHP,10000.0,Japan,40,Pitcher,21-22,Under $100K,0.41084833883753796,2024.0,0.0
INT-0270,Ji-ho Lee,2001-08-10,Japan,2024,Industrial League,Pitcher,23,209,0.1553345392799408,0.03,,,,88.00225473585081,0.5967415659428134,,47.68630202524721,INT-0270,source_id,Japan,0.41084833883753796,RHP,10000.0,Japan,40,Pitcher,23+,Under $100K,0.4511160970496759,2025.0,1.0
INT-0270,JI-HO LEE,2001-08-10,Japan,2025,NPB Farm,Pitcher,24,262,0.2112747019012368,0.0502235228725758,,,,88.58886755980747,0.5446424668757406,,53.79803642472603,INT-0270,source_id,Japan,0.4511160970496759,RHP,10000.0,Japan,40,Pitcher,23+,Under $100K,,,
INT-0271,ESTEBAN LOPEZ,2004-11-26,Venezuela,2022,Complex League,Pitcher,18,555,0.1886374686724641,0.1040851329260685,,,,88.30952409713335,0.4307997031795614,,40.66002943495123,INT-0271,source_id,Venezuela,-0.3880630100643253,LHP,88000.0,Venezuela,40,Pitcher,18 and under,Under $100K,-0.7120268046961803,2023.0,0.0
INT-0271,Esteban Lopez,2004-11-26,VZ,2023,Dominican Summer League,Pitcher,19,194,0.1446326903063241,0.1224327225257806,,,,88.57257428794551,0.435696151152816,,48.88946657812403,INT-0271,source_id,Venezuela,-0.7120268046961803,LHP,88000.0,Venezuela,40,Pitcher,19-20,Under $100K,-0.29463914524837137,2024.0,0.0
INT-0271,Esteban Lopez,2004-11-26,Venezuela,2024,Dominican Summer League,Pitcher,20,274,0.2358815780449816,0.1313201750549126,,,,88.66483315187224,0.4750049146597238,,45.487765294936594,INT-0271,source_id,Venezuela,-0.29463914524837137,LHP,88000.0,Venezuela,40,Pitcher,19-20,Under $100K,-0.7997487476319415,2025.0,0.0
,  ESTEBAN LOPEZ ,2004-11-26,Venezuela,2025,Complex League,Pitcher,21,351,0.1780962242572573,0.1044440576306557,,,,88.2367526008143,0.4267297613216022,,45.19264896795905,INT-0271,name_birth_date,Venezuela,-0.7997487476319415,LHP,88000.0,Venezuela,40,Pitcher,21-22,Under $100K,,,
INT-0272,Santiago Han 3,2003-07-12,Venezuela,2022,Complex League,Position Player,19,97,0.2034513563075932,0.0642503660486671,0.1551391933664076,0.7011515321694998,0.2858229000945639,,,24.998405705627643,41.48713717257098,INT-0272,source_id,Venezuela,-0.21173996688338115,OF,29000.0,Venezuela,50,OF,19-20,Under $100K,0.32201248350603173,2023.0,0.0
INT-0272,Santiago Han 3,2003-07-12,Venezuela,2023,Dominican Summer League,Position Player,20,225,0.2598421962442176,0.056557239480526,0.2299226483364385,0.7352563867392865,0.3190590639402563,,,25.915057291587555,40.36111330718287,INT-0272,source_id,Venezuela,0.32201248350603173,OF,29000.0,Venezuela,50,OF,19-20,Under $100K,0.17966989659354704,2024.0,0.0
INT-0272,Santiago Han 3,2003-07-12,Venezuela,2024,Complex League,Position Player,21,499,0.2329313178226884,0.0763826329674971,0.1408344557939007,0.7531782290980201,0.2658987501893988,,,24.89084923377253,50.65847476940221,INT-0272,source_id,Venezuela,0.17966989659354704,OF,29000.0,Venezuela,50,OF,21-22,Under $100K,0.6346246155604995,2025.0,1.0
INT-0272,Santiago Han 3,2003-07-12,Venezuela,2025,Complex League,Position Player,22,554,0.2203949222752656,0.0656504488274715,0.2228477821245274,0.7925209214952954,0.2571054141023096,,,24.48077862686726,44.56381624883112,INT-0272,source_id,Venezuela,0.6346246155604995,OF,29000.0,Venezuela,50,OF,21-22,Under $100K,,,
INT-0273,Adrian Castillo,1999-06-23,Japan,2022,NPB Farm,Pitcher,23,477,0.1320805975288588,0.1426028622537285,,,,85.62580391553912,0.4562564111692046,,56.15332446799011,INT-0273,source_id,Japan,-0.9347840031505954,RHP,10000.0,Japan,30,Pitcher,23+,Under $100K,-0.6567679001876743,2023.0,0.0
,Adrian Castillo,1999-06-23,Japan,2023,Industrial League,Pitcher,24,351,0.1830658815815322,0.1109002303936493,,,,84.75880658198507,0.3961353099327717,,65.46984336155855,INT-0273,name_birth_date,Japan,-0.6567679001876743,RHP,10000.0,Japan,30,Pitcher,23+,Under $100K,-0.705070704971434,2024.0,0.0
INT-0273,Adrian Castillo,1999-06-23,Japan,2024,NPB Farm,Pitcher,25,440,0.2168242250033875,0.1237232864806758,,,,86.0213741019522,0.4297837343877301,,48.991560145077216,INT-0273,source_id,Japan,-0.705070704971434,RHP,10000.0,Japan,30,Pitcher,23+,Under $100K,-0.3006708215913424,2025.0,0.0
INT-0273,Adrian Castillo,1999-06-23,Japan,2025,NPB Farm,Pitcher,26,313,0.1749595169169241,0.0848631969387632,,,,87.88228993244886,0.4961770163966004,,52.70338710605386,INT-0273,source_id,Japan,-0.3006708215913424,RHP,10000.0,Japan,30,Pitcher,23+,Under $100K,,,
INT-0274,Diego Sato,2003-10-05,Japan,2022,Industrial League,Position Player,19,613,0.1899718097482238,0.1223494425678812,0.132012709576786,0.7127929421564281,0.2313945454827885,,,25.70355684114428,61.29765016281395,INT-0274,source_id,Japan,0.5625127663235177,IF,36000.0,Japan,50,IF,19-20,Under $100K,0.6859167541221182,2023.0,1.0
INT-0274,Diego Sato,2003-10-05,Japan,2023,Industrial League,Position Player,20,275,0.2156297224927807,0.0929514177987115,0.1037694005691306,0.8035636466564602,0.2677024693738634,,,27.208310251532755,45.93134982330452,INT-0274,source_id,Japan,0.6859167541221182,IF,36000.0,Japan,50,IF,19-20,Under $100K,0.3521755396015474,2024.0,0.0
INT-0274,Diego Sato,2003-10-05,Japan,2024,NPB Farm,Position Player,21,251,0.2218633766213371,0.1115989879511853,0.0947228696993939,0.7510798700255918,0.2671537800325961,,,26.26810124690629,61.27737360826527,INT-0274,source_id,Japan,0.3521755396015474,IF,36000.0,Japan,50,IF,21-22,Under $100K,0.6039474335222368,2025.0,1.0
INT-0274,Diego Sato,2003-10-05,Japan,2025,NPB Farm,Position Player,22,547,0.203083149577833,0.1179044228308535,0.1343748539489486,0.8105683506295805,0.2828796058961091,,,26.025758187255388,54.05156989924875,INT-0274,source_id,Japan,0.6039474335222368,IF,36000.0,Japan,50,IF,21-22,Under $100K,,,
INT-0275,Diego Garcia,2000-06-02,Mexico,2022,Mexican Pacific League,Position Player,22,157,0.246727951035866,0.0808942404241284,0.1317362200456012,0.7397561868930104,0.3100407298318802,,,24.62155874270054,34.119993476389965,INT-0275,source_id,Mexico,-0.37861680092401784,IF,338000.0,Mexico,55,IF,21-22,$100K-$499K,-0.14314703350548486,2023.0,0.0
INT-0275,Diego Garcia,2000-06-02,Mexico,2023,Mexican Pacific League,Position Player,23,404,0.2507160815859032,0.0773747518379227,0.1747535755414303,0.7332210012781718,0.2735476129163049,,,24.0283346806937,38.474033501603735,INT-0275,source_id,Mexico,-0.14314703350548486,IF,338000.0,Mexico,55,IF,23+,$100K-$499K,0.5103990863418788,2024.0,1.0
INT-0275,Diego Garcia,2000-06-02,Mexico,2024,Mexican Pacific League,Position Player,24,260,0.225470799521777,0.0785149077220467,0.1821566177779256,0.8073878712494125,0.2955723260033981,,,23.5,53.606057850871146,INT-0275,source_id,Mexico,0.5103990863418788,IF,338000.0,Mexico,55,IF,23+,$100K-$499K,0.21848032628692893,2025.0,0.0
INT-0275,Diego Garcia,2000-06-02,Mexico,2025,Mexican Pacific League,Position Player,25,197,0.1600661929757743,0.0921622614837011,0.2138511814842726,0.7370772111895716,0.2404636405136969,,,24.85591162469241,39.09289196067955,INT-0275,source_id,Mexico,0.21848032628692893,IF,338000.0,Mexico,55,IF,23+,$100K-$499K,,,
INT-0276,Isaac Kim,2000-01-04,Venezuela,2022,Dominican Summer League,Position Player,22,374,0.2183873259841228,0.0812944197024617,0.0492158222254743,0.7328978824682029,0.3380815902627124,,,26.453583487490626,48.85660046569409,INT-0276,source_id,Venezuela,-0.33784794173301536,C,10000.0,Venezuela,40,C,21-22,Under $100K,0.4958005037664855,2023.0,1.0
INT-0276,  Isaac Kim ,2000-01-04,Venezuela,2023,Complex League,Position Player,23,513,0.2369562212360494,0.0809768350417366,0.1629137824251114,0.7639451828734655,0.3173790799989401,,,26.57775209511116,50.33596612341543,INT-0276,source_id,Venezuela,0.4958005037664855,C,10000.0,Venezuela,40,C,23+,Under $100K,-0.1506464422376454,2024.0,0.0
INT-0276,Isaac Kim,2000-01-04,Venezuela,2024,Complex League,Position Player,24,252,0.2570018931738634,0.0947725960392026,0.1047469664120349,0.7383616935601514,0.2746837051160647,,,25.107921011845992,48.740047819589975,INT-0276,source_id,Venezuela,-0.1506464422376454,C,10000.0,Venezuela,40,C,23+,Under $100K,-0.021556850705685887,2025.0,0.0
INT-0276,Isaac Kim,2000-01-04,Venezuela,2025,Complex League,Position Player,25,520,0.2602915904772527,0.0754235739985764,0.1013460308223529,0.7436566534188431,0.3141650852681713,,,26.56129483364245,56.91252687568095,INT-0276,source_id,Venezuela,-0.021556850705685887,C,10000.0,Venezuela,40,C,23+,Under $100K,,,
INT-0278,Ji-ho Yamamoto,2000-11-26,South Korea,2022,Independent,Position Player,22,225,0.2262967551227048,0.068306820174421,0.123583506844066,0.7496241920385571,0.2777472490005701,,,25.407310725372568,41.487136830189385,INT-0278,source_id,South Korea,0.08440884900466208,IF,307000.0,South Korea,45,IF,21-22,$100K-$499K,0.1894879552280719,2023.0,0.0
INT-0278,Ji-ho Yamamoto,2000-11-26,South Korea,2023,KBO Futures,Position Player,23,308,0.1837816644382293,0.1059813993270697,0.1969556270812232,0.7236763845599773,0.2720261104210981,,,23.85597512796348,51.27591592363627,INT-0278,source_id,South Korea,0.1894879552280719,IF,307000.0,South Korea,45,IF,23+,$100K-$499K,-0.21362961753208087,2024.0,0.0
INT-0278,Ji-ho Yamamoto,2000-11-26,South Korea,2024,KBO Futures,Position Player,24,247,0.2549925532087084,0.0917063637120362,0.1571052408426452,0.7403393434685878,0.280242361297133,,,24.83556993536856,35.82962820178606,INT-0278,source_id,South Korea,-0.21362961753208087,IF,307000.0,South Korea,45,IF,23+,$100K-$499K,0.3384057680036458,2025.0,0.0
INT-0278,Ji-ho Yamamoto,2000-11-26,South Korea,2025,Independent,Position Player,25,606,0.2013092416449229,0.069467297901607,0.172823506923952,0.799263866602542,0.2607714944597194,,,24.771072658150807,40.52228718317263,INT-0278,source_id,South Korea,0.3384057680036458,IF,307000.0,South Korea,45,IF,23+,$100K-$499K,,,
INT-0279,LUIS NAVARRO 2,2004-11-22,Venezuela,2022,Complex League,Position Player,18,300,0.214436736804971,0.1127521505566996,0.182022387654658,0.8035738611063956,0.322658068485613,,,26.398902104359703,42.72906883181278,INT-0279,source_id,Venezuela,0.7300684100837274,IF,105000.0,Venezuela,40,IF,18 and under,$100K-$499K,0.3917812154856583,2023.0,0.0
INT-0279,Luis Navarro 2,2004-11-22,VZ,2023,Complex League,Position Player,19,139,0.2081510150981361,0.0917668705581055,0.1522072621440705,0.7704290953216942,0.2716846896004874,,,24.690910450492105,50.4824351222298,INT-0279,source_id,Venezuela,0.3917812154856583,IF,105000.0,Venezuela,40,IF,19-20,$100K-$499K,1.0535405559790805,2024.0,1.0
INT-0279,Luis Navarro 2,2004-11-22,Venezuela,2024,Complex League,Position Player,20,427,0.1912090055392941,0.1075935131332208,0.2197313201630631,0.782892939247031,0.2406759745085086,,,26.82371708848573,45.41785888725551,INT-0279,source_id,Venezuela,1.0535405559790805,IF,105000.0,Venezuela,40,IF,19-20,$100K-$499K,1.0306760912850472,2025.0,1.0
INT-0279,Luis Navarro 2,2004-11-22,Venezuela,2025,Dominican Summer League,Position Player,21,214,0.1814468389314769,0.1249708444565434,0.1716972399227381,0.801393619639904,0.2276877193657722,,,26.182836891721703,54.35246689644399,INT-0279,source_id,Venezuela,1.0306760912850472,IF,105000.0,Venezuela,40,IF,21-22,$100K-$499K,,,
INT-0280,Seong-hyun Lee,2001-05-25,MEX,2022,Mexican Pacific League,Position Player,21,409,0.2534407290427369,0.0639862398792588,0.0331967194627817,0.6926890976690686,0.3411032782740446,,,26.950526461481896,62.70843091881857,INT-0280,source_id,Mexico,-0.3280402372577031,OF,10000.0,Mexico,30,OF,21-22,Under $100K,-0.03573440208739137,2023.0,0.0
INT-0280,Seong-hyun Lee,2001-05-25,Mexico,2023,Mexican Pacific League,Position Player,22,215,0.3076675032872887,0.0983796565937908,0.0848924865038528,0.7101694339189164,0.2860223961940832,,,26.911880187620728,54.17871140677646,INT-0280,source_id,Mexico,-0.03573440208739137,OF,10000.0,Mexico,30,OF,21-22,Under $100K,0.05493163791547867,2024.0,0.0
INT-0280,Seong-hyun Lee,2001-05-25,Mexico,2024,Mexican League,Position Player,23,337,0.2739513657597004,0.0870256930508079,0.0611872874556169,0.7317307527526141,0.2986619492163905,,,26.92847473899877,63.579784961151056,INT-0280,source_id,Mexico,0.05493163791547867,OF,10000.0,Mexico,30,OF,23+,Under $100K,-0.8685850457983229,2025.0,0.0
INT-0280,Seong-hyun Lee,2001-05-25,Mexico,2025,Mexican Pacific League,Position Player,24,189,0.2281917826517377,0.0833599941162525,0.0556414186792594,0.6818738840893338,0.3441541683577409,,,26.054134601774237,58.011597822363534,INT-0280,source_id,Mexico,-0.8685850457983229,OF,10000.0,Mexico,30,OF,23+,Under $100K,,,
INT-0281,RAFAEL TANAKA,2000-05-08,Japan,2022,Industrial League,Pitcher,22,485,0.1732783997658455,0.0747163312200441,,,,88.70598390750072,0.4492152261571303,,38.82525629662064,INT-0281,source_id,Japan,-0.11163232463243067,LHP,10000.0,Japan,30,Pitcher,21-22,Under $100K,0.19481242222154174,2023.0,0.0
INT-0281,Rafael Tanaka,2000-05-08,Japan,2023,Industrial League,Pitcher,23,267,0.1592423941486525,0.0643350781785432,,,,87.59018686964902,0.5188484010831846,,54.33308656993127,INT-0281,source_id,Japan,0.19481242222154174,LHP,10000.0,Japan,30,Pitcher,23+,Under $100K,-0.20036525073738196,2024.0,0.0
INT-0281,Rafael Tanaka,2000-05-08,JPN,2024,Industrial League,Pitcher,24,566,0.1496648365087343,0.0700101027244689,,,,87.98751792939949,0.5139429357764281,,50.19713829257277,INT-0281,source_id,Japan,-0.20036525073738196,LHP,10000.0,Japan,30,Pitcher,23+,Under $100K,0.09409796537786663,2025.0,0.0
INT-0281,Rafael Tanaka,2000-05-08,Japan,2025,NPB Farm,Pitcher,25,510,0.2331011699956321,0.0691323657673578,,,,84.98163979412489,0.5482087342277485,,50.31722770636223,INT-0281,source_id,Japan,0.09409796537786663,LHP,10000.0,Japan,30,Pitcher,23+,Under $100K,,,
INT-0282,Isaac Ramirez 2,2006-11-01,Colombia,2022,Colombian Winter League,Pitcher,16,288,0.1364371725162913,0.1188442022217214,,,,90.31946762755516,0.4628763088996886,,46.70435900514556,INT-0282,source_id,Colombia,-0.4026096515812636,RHP,89000.0,Colombia,40,Pitcher,18 and under,Under $100K,-0.18709594283739517,2023.0,0.0
INT-0282,Isaac Ramirez 2,2006-11-01,Colombia,2023,Colombian Winter League,Pitcher,17,549,0.2206031499426991,0.111523543762911,,,,88.79538702485334,0.4389552732886309,,46.33285186725775,INT-0282,source_id,Colombia,-0.18709594283739517,RHP,89000.0,Colombia,40,Pitcher,18 and under,Under $100K,-0.22194810644079685,2024.0,0.0
INT-0282,Isaac Ramirez 2,2006-11-01,COL,2024,Colombian Winter League,Pitcher,18,454,0.2098544351313157,0.1259932941202378,,,,91.49356978649628,0.4394131424968575,,51.051032200583215,INT-0282,source_id,Colombia,-0.22194810644079685,RHP,89000.0,Colombia,40,Pitcher,18 and under,Under $100K,-0.1627918677530858,2025.0,0.0
INT-0282,Isaac Ramirez 2,2006-11-01,Colombia,2025,Colombian Winter League,Pitcher,19,275,0.2290107331118885,0.1198643811223503,,,,91.20399600209888,0.4438663411267322,,55.282196149258006,INT-0282,source_id,Colombia,-0.1627918677530858,RHP,89000.0,Colombia,40,Pitcher,19-20,Under $100K,,,
INT-0283,Daniel Choi,2003-03-16,Colombia,2022,Complex League,Position Player,19,535,0.2578729408626561,0.0600932100790407,0.0880590428346695,0.7212083495608859,0.2971698291409145,,,26.51983131465708,46.43124858173925,INT-0283,source_id,Colombia,-0.0976412437298842,IF,37000.0,Colombia,35,IF,19-20,Under $100K,0.27767085053048446,2023.0,0.0
INT-0283,Daniel Choi,2003-03-16,Colombia,2023,Complex League,Position Player,20,375,0.2611065204853994,0.0797262545017277,0.1373911227696047,0.7443682282401094,0.3111566756185697,,,26.352851940558068,53.5352038246802,INT-0283,source_id,Colombia,0.27767085053048446,IF,37000.0,Colombia,35,IF,19-20,Under $100K,0.9305112845057713,2024.0,1.0
INT-0283,Daniel Choi,2003-03-16,Colombia,2024,Complex League,Position Player,21,509,0.2511715058802248,0.1152826108095515,0.1727071802929886,0.770310999442397,0.2815153824080599,,,27.94300980817724,55.64982784715672,INT-0283,source_id,Colombia,0.9305112845057713,IF,37000.0,Colombia,35,IF,21-22,Under $100K,0.6310494464046726,2025.0,1.0
INT-0283,DANIEL CHOI,2003-03-16,Colombia,2025,Colombian Winter League,Position Player,22,290,0.207115103336366,0.108811466366614,0.141868531426029,0.7908425577264311,0.2710401230799185,,,27.525057690835837,47.48734973259237,INT-0283,source_id,Colombia,0.6310494464046726,IF,37000.0,Colombia,35,IF,21-22,Under $100K,,,
,Takeshi Alvarez,2006-01-20,South Korea,2022,Independent,Position Player,16,572,0.2043699057833136,0.0753497834402291,0.1081006060432506,0.7632302454660694,0.3037424197511575,,,27.381314904538176,48.839753377182745,INT-0284,name_birth_date,South Korea,0.4567465074271193,OF,98000.0,South Korea,40,OF,18 and under,Under $100K,0.28746538111311637,2023.0,0.0
INT-0284,Takeshi Alvarez,2006-01-20,South Korea,2023,Independent,Position Player,17,385,0.2170802839007689,0.0729657321232953,0.1287827837555984,0.739792120683775,0.2784458514599159,,,26.26109923228621,51.32165373793475,INT-0284,source_id,South Korea,0.28746538111311637,OF,98000.0,South Korea,40,OF,18 and under,Under $100K,-0.1351696207635168,2024.0,0.0
INT-0284,Takeshi Alvarez,2006-01-20,South Korea,2024,Independent,Position Player,18,214,0.2488269654690145,0.0950072136093216,0.0980109948941965,0.703909354680813,0.2635073007180363,,,26.18676049648344,53.367723385509954,INT-0284,source_id,South Korea,-0.1351696207635168,OF,98000.0,South Korea,40,OF,18 and under,Under $100K,0.24293840857012758,2025.0,0.0
,Takeshi Alvarez,2006-01-20,South Korea,2025,KBO Futures,Position Player,19,381,0.2135555194986093,0.0970095164983046,0.1705652758581525,0.7491647709838626,0.2784288654052652,,,26.21529444997048,45.750445143653096,INT-0284,name_birth_date,South Korea,0.24293840857012758,OF,98000.0,South Korea,40,OF,19-20,Under $100K,,,
INT-0285,Seong-hyun Park 3,2006-07-20,Mexico,2022,Mexican Pacific League,Pitcher,16,334,0.2103260461229972,0.1126930859190846,,,,87.6850531426115,0.4698223850061173,,41.79793459398318,INT-0285,source_id,Mexico,-0.20418490788766885,RHP,36000.0,Mexico,45,Pitcher,18 and under,Under $100K,-0.4835671791439866,2023.0,0.0
,Seong-hyun Park 3,2006-07-20,México,2023,Mexican League,Pitcher,17,383,0.1388462103059429,0.1172600289928226,,,,89.4537470929831,0.4635211712454554,,50.23459106040459,INT-0285,name_birth_date,Mexico,-0.4835671791439866,RHP,36000.0,Mexico,45,Pitcher,18 and under,Under $100K,-0.5685937658176996,2024.0,0.0
INT-0285,SEONG-HYUN PARK 3,2006-07-20,Mexico,2024,Mexican League,Pitcher,18,608,0.1910028394747467,0.1223900066435641,,,,88.21515050207854,0.4674969450019949,,45.5444845741628,INT-0285,source_id,Mexico,-0.5685937658176996,RHP,36000.0,Mexico,45,Pitcher,18 and under,Under $100K,-0.49905259959737086,2025.0,0.0
INT-0285,Seong-hyun Park 3,2006-07-20,MEX,2025,Mexican Pacific League,Pitcher,19,346,0.170738264978925,0.1207258893372436,,,,91.22089947423196,0.4776130411060875,,47.09373699719505,INT-0285,source_id,Mexico,-0.49905259959737086,RHP,36000.0,Mexico,45,Pitcher,19-20,Under $100K,,,
INT-0286,Andres Lee,2001-11-14,Dominican Republic,2022,Complex League,Position Player,21,206,0.2909217735561083,0.0791868597155324,0.1091635763244146,0.7207599236917022,0.2876788051389105,,,25.90945212123014,51.40607680626243,INT-0286,source_id,Dominican Republic,0.06400585482556642,OF,77000.0,Dominican Republic,40,OF,21-22,Under $100K,0.40431776728664415,2023.0,0.0
INT-0286,Andres Lee,2001-11-14,Dominican Republic,2023,Dominican Summer League,Position Player,22,618,0.233865454350609,0.0821000273327292,0.1496760573236307,0.7499814202649363,0.2855621722533839,,,26.019931306080515,51.31453222915375,INT-0286,source_id,Dominican Republic,0.40431776728664415,OF,77000.0,Dominican Republic,40,OF,21-22,Under $100K,-0.3803190376191419,2024.0,0.0
INT-0286,  Andres Lee ,2001-11-14,Dominican Republic,2024,Complex League,Position Player,23,411,0.2671805614204804,0.0793051669133069,0.1455925020021367,0.6996874266199712,0.3054001202417535,,,25.1952945187842,47.37907341752732,INT-0286,source_id,Dominican Republic,-0.3803190376191419,OF,77000.0,Dominican Republic,40,OF,23+,Under $100K,0.1117779054034167,2025.0,0.0
INT-0286,Andres Lee,2001-11-14,Dominican Republic,2025,Complex League,Position Player,24,242,0.1937618805625181,0.0901872896096403,0.1167141766629362,0.7734131288102636,0.3010320874682774,,,24.9491397252054,57.96627602921031,INT-0286,source_id,Dominican Republic,0.1117779054034167,OF,77000.0,Dominican Republic,40,OF,23+,Under $100K,,,
INT-0287,Jorge Park,2007-12-13,Mexico,2023,Mexican Pacific League,Position Player,16,193,0.2562895113564019,0.0668093055196521,0.150969102633744,0.6801638787447735,0.3477612097994744,,,25.387706413403844,36.59883440317122,INT-0287,source_id,Mexico,-0.8330394280958235,IF,176000.0,Mexico,40,IF,18 and under,$100K-$499K,0.1925506352869864,2024.0,0.0
INT-0287,Jorge Park,2007-12-13,Mexico,2024,Mexican League,Position Player,17,608,0.2453195335253535,0.062393370509241,0.1504255809173337,0.7661034746039667,0.2719917942317295,,,24.70860197210105,47.04624185783506,INT-0287,source_id,Mexico,0.1925506352869864,IF,176000.0,Mexico,40,IF,18 and under,$100K-$499K,-0.3933133626273192,2025.0,0.0
INT-0287,Jorge Park,2007-12-13,MEX,2025,Mexican Pacific League,Position Player,18,585,0.2268004576346882,0.0721124519868321,0.1844584081328319,0.6950914011453895,0.3350517496736907,,,26.28946830110534,41.54354968545911,INT-0287,source_id,Mexico,-0.3933133626273192,IF,176000.0,Mexico,40,IF,18 and under,$100K-$499K,,,
INT-0288,Min-jun Garcia 2,1999-11-05,DOM,2022,Dominican Summer League,Pitcher,23,165,0.2311636736246775,0.0938595376580409,,,,91.77583405244414,0.5138518112613495,,43.87903589353471,INT-0288,source_id,Dominican Republic,0.6609833467595195,LHP,22000.0,Dominican Republic,50,Pitcher,23+,Under $100K,0.122491757551647,2023.0,0.0
INT-0288,Min-jun Garcia 2,1999-11-05,Dominican Republic,2023,Complex League,Pitcher,24,244,0.1924433215920806,0.051693956113072,,,,88.17306225971392,0.4529098916236154,,45.12022865484301,INT-0288,source_id,Dominican Republic,0.122491757551647,LHP,22000.0,Dominican Republic,50,Pitcher,23+,Under $100K,-0.03267603766077698,2024.0,0.0
INT-0288,MIN-JUN GARCIA 2,1999-11-05,DOM,2024,Complex League,Pitcher,25,471,0.1943916947821725,0.0848545616049541,,,,89.8437690833216,0.501343852365629,,43.891039674480254,INT-0288,source_id,Dominican Republic,-0.03267603766077698,LHP,22000.0,Dominican Republic,50,Pitcher,23+,Under $100K,-0.18489200747521153,2025.0,0.0
INT-0288,Min-jun Garcia 2,1999-11-05,Dominican Republic,2025,Complex League,Pitcher,26,228,0.2030066286625965,0.089986850050449,,,,90.33144473795976,0.4589662794941435,,48.941131394903074,INT-0288,source_id,Dominican Republic,-0.18489200747521153,LHP,22000.0,Dominican Republic,50,Pitcher,23+,Under $100K,,,
INT-0289,Takeshi Alvarez 2,2004-10-08,Dominican Rep.,2023,Dominican Summer League,Position Player,19,119,0.2231039288013566,0.0766265724218313,0.0973557542176502,0.6944381798903295,0.2793824283133616,,,26.586050782772052,45.80785238612399,INT-0289,source_id,Dominican Republic,-0.2932228115604874,OF,218000.0,Dominican Republic,45,OF,19-20,$100K-$499K,0.43178725350419245,2024.0,1.0
INT-0289,Takeshi Alvarez 2,2004-10-08,Dominican Republic,2024,Complex League,Position Player,20,167,0.2510647434153913,0.090837329032204,0.1149149188682545,0.7692669465655598,0.2819573571201205,,,25.858301301959425,59.90179917108291,INT-0289,source_id,Dominican Republic,0.43178725350419245,OF,218000.0,Dominican Republic,45,OF,19-20,$100K-$499K,-0.15553181974746305,2025.0,0.0
INT-0289,Takeshi Alvarez 2,2004-10-08,Dominican Republic,2025,Complex League,Position Player,21,214,0.2382182168105357,0.0996963719981243,0.1009859696009441,0.7571283624929203,0.2851962662382874,,,25.46894318935372,48.53081451845468,INT-0289,source_id,Dominican Republic,-0.15553181974746305,OF,218000.0,Dominican Republic,45,OF,21-22,$100K-$499K,,,
INT-0290,Kaito Kim,2002-04-14,South Korea,2022,Independent,Position Player,20,445,0.2702126287206756,0.0746152606432754,0.0688346631004249,0.7219920935498404,0.2823943803735683,,,24.64866597852308,36.47865811145815,INT-0290,source_id,South Korea,-0.6265735673124236,IF,26000.0,South Korea,25,IF,19-20,Under $100K,-0.28844391952039805,2023.0,0.0
INT-0290,Kaito Kim,2002-04-14,South Korea,2023,KBO Futures,Position Player,21,223,0.2797099665207322,0.0806888612187264,0.1126825930366649,0.7208515897921727,0.2785785730464299,,,25.093637948934248,44.64154646440239,INT-0290,source_id,South Korea,-0.28844391952039805,IF,26000.0,South Korea,25,IF,21-22,Under $100K,-0.812585736382219,2024.0,0.0
INT-0290,Kaito Kim,2002-04-14,KOR,2024,KBO Futures,Position Player,22,450,0.239096586478431,0.0788004286454578,0.02,0.7016061186903597,0.257907633397393,,,24.76122796830111,48.489839905304486,INT-0290,source_id,South Korea,-0.812585736382219,IF,26000.0,South Korea,25,IF,21-22,Under $100K,-0.8300099539949575,2025.0,0.0
INT-0290,Kaito Kim,2002-04-14,South Korea,2025,Independent,Position Player,23,528,0.2091499009808448,0.0547706340987946,0.0786731999784465,0.7365732930449456,0.3303450416229839,,,24.79263123147598,43.9102436556766,INT-0290,source_id,South Korea,-0.8300099539949575,IF,26000.0,South Korea,25,IF,23+,Under $100K,,,
INT-0291,Ji-ho Park,2001-07-08,Colombia,2022,Colombian Winter League,Position Player,21,103,0.2827685475427137,0.0552115204524978,0.175117019429288,0.7178034916729706,0.3502796296726829,,,24.324309602645496,40.517206441159615,INT-0291,source_id,Colombia,-0.40865648539965005,OF,232000.0,Colombia,50,OF,21-22,$100K-$499K,-1.0561337296708433,2023.0,0.0
INT-0291,Ji-ho Park,2001-07-08,Colombia,2023,Colombian Winter League,Position Player,22,539,0.3012170306713965,0.0802275282947707,0.1500439302133849,0.6869674583739775,0.3720483179908002,,,24.89456998807289,33.686074394489665,INT-0291,source_id,Colombia,-1.0561337296708433,OF,232000.0,Colombia,50,OF,21-22,$100K-$499K,-0.8764480409461634,2024.0,0.0
INT-0291,Ji-ho Park,2001-07-08,Colombia,2024,Colombian Winter League,Position Player,23,152,0.2442143911420271,0.0899835090734586,0.1133685980421686,0.688473644347088,0.3014811479769161,,,23.57509590461233,45.26485974693268,INT-0291,source_id,Colombia,-0.8764480409461634,OF,232000.0,Colombia,50,OF,23+,$100K-$499K,-0.3135017788090922,2025.0,0.0
INT-0291,Ji-ho Park,2001-07-08,COL,2025,Complex League,Position Player,24,522,0.2422860944382106,0.0710781100701341,0.2070858065342491,0.7073481518250696,0.301276814207489,,,24.222536001276037,42.3597926834688,INT-0291,source_id,Colombia,-0.3135017788090922,OF,232000.0,Colombia,50,OF,23+,$100K-$499K,,,
INT-0292,Ji-ho Garcia 2,2007-01-26,Venezuela,2025,Complex League,Position Player,18,433,0.2506273636812059,0.1110320986125121,0.0707432230524361,0.7730772966592502,0.2766879809032475,,,24.672935763370496,47.06334736482981,INT-0292,source_id,Venezuela,-0.32388481243698675,IF,10000.0,Venezuela,25,IF,18 and under,Under $100K,,,
INT-0293,Kenji Perez 2,2004-08-27,Mexico,2022,Mexican League,Pitcher,18,134,0.1677113523231728,0.03,,,,87.81350876798756,0.544598250752478,,54.90820631822414,INT-0293,source_id,Mexico,0.8631075135302666,RHP,39000.0,Mexico,35,Pitcher,18 and under,Under $100K,0.08138827053631564,2023.0,0.0
INT-0293,Kenji Perez 2,2004-08-27,Mexico,2023,Mexican League,Pitcher,19,241,0.1885873262176967,0.0755434101897218,,,,85.9175317968502,0.5290745923183438,,49.030213219723045,INT-0293,source_id,Mexico,0.08138827053631564,RHP,39000.0,Mexico,35,Pitcher,19-20,Under $100K,0.20556542649768952,2024.0,0.0
INT-0293,Kenji Perez 2,2004-08-27,México,2024,Mexican Pacific League,Pitcher,20,364,0.1366338220601978,0.0713666668417181,,,,89.62856089376447,0.5901781846125832,,53.09298572674541,INT-0293,source_id,Mexico,0.20556542649768952,RHP,39000.0,Mexico,35,Pitcher,19-20,Under $100K,0.6713249526941312,2025.0,1.0
INT-0293,Kenji Perez 2,2004-08-27,Mexico,2025,Mexican League,Pitcher,21,409,0.2313997058326925,0.0337199177466867,,,,88.28484823141665,0.5542564974966179,,51.1456585760082,INT-0293,source_id,Mexico,0.6713249526941312,RHP,39000.0,Mexico,35,Pitcher,21-22,Under $100K,,,
INT-0295,Ji-ho Torres,2007-02-11,Venezuela,2025,Complex League,Pitcher,18,414,0.2252501453699237,0.0966647640655332,,,,88.96594715318834,0.4734775196260638,,59.60239172652157,INT-0295,source_id,Venezuela,0.0017542406168338798,RHP,35000.0,Venezuela,45,Pitcher,18 and under,Under $100K,,,
INT-0296,Santiago Herrera,2001-04-10,Mexico,2022,Mexican League,Pitcher,21,311,0.2311892981706534,0.0927159339773458,,,,90.3506335696325,0.4129932797711833,,32.9814500909479,INT-0296,source_id,Mexico,-0.07212137875894264,RHP,37000.0,Mexico,50,Pitcher,21-22,Under $100K,0.29916120070810803,2023.0,0.0
,Santiago Herrera,2001-04-10,Mexico,2023,Mexican Pacific League,Pitcher,22,107,0.2224242879593127,0.1230510311420159,,,,93.03130918886052,0.5121117089027635,,37.95760949534123,INT-0296,name_birth_date,Mexico,0.29916120070810803,RHP,37000.0,Mexico,50,Pitcher,21-22,Under $100K,0.2966158131325404,2024.0,0.0
INT-0296,SANTIAGO HERRERA,2001-04-10,Mexico,2024,Mexican Pacific League,Pitcher,23,552,0.2551333577416897,0.0965701416307228,,,,92.02547469815548,0.4992065174791216,,35.95618464910025,INT-0296,source_id,Mexico,0.2966158131325404,RHP,37000.0,Mexico,50,Pitcher,23+,Under $100K,-0.0768015168121301,2025.0,0.0
INT-0296,Santiago Herrera,2001-04-10,MEX,2025,Mexican League,Pitcher,24,454,0.243990576831777,0.1087806004346426,,,,92.0080543693342,0.4561335952335364,,42.15101258982021,INT-0296,source_id,Mexico,-0.0768015168121301,RHP,37000.0,Mexico,50,Pitcher,23+,Under $100K,,,
INT-0297,  Diego Dominguez ,2004-07-08,Cuba,2022,Independent,Position Player,18,154,0.2734752564338337,0.0895460116606981,0.0913064500314637,0.7438471566502005,0.320322278018047,,,25.37495333811571,56.20063019697537,INT-0297,source_id,Cuba,0.026972643095554763,OF,17000.0,Cuba,40,OF,18 and under,Under $100K,0.30940550652530463,2023.0,0.0
INT-0297,  Diego Dominguez ,2004-07-08,Cuba,2023,Cuban National Series,Position Player,19,230,0.2136010379181058,0.1217235673682449,0.1180589671177393,0.7265502483242828,0.2498886004009199,,,26.254833078563408,53.08229249250498,INT-0297,source_id,Cuba,0.30940550652530463,OF,17000.0,Cuba,40,OF,19-20,Under $100K,0.19683069775478707,2024.0,0.0
,Diego Dominguez,2004-07-08,Cuba,2024,Cuban National Series,Position Player,20,355,0.2304570929688189,0.117371637589665,0.1279234517053415,0.7622282004071712,0.2817821670108187,,,26.30314492985613,45.00492344359086,INT-0297,name_birth_date,Cuba,0.19683069775478707,OF,17000.0,Cuba,40,OF,19-20,Under $100K,0.597390441185796,2025.0,1.0
INT-0297,Diego Dominguez,2004-07-08,Cuba,2025,Cuban National Series,Position Player,21,100,0.1778429786387906,0.1044587486758688,0.136160927939987,0.7760226242799906,0.2642499079042475,,,26.46448521874286,56.78221509539237,INT-0297,source_id,Cuba,0.597390441185796,OF,17000.0,Cuba,40,OF,21-22,Under $100K,,,
INT-0298,Mateo Yamamoto 2,2006-03-08,Venezuela,2025,Dominican Summer League,Position Player,19,337,0.1777406539061896,0.090855445979151,0.1776276021844283,0.7479810669136878,0.2805405191642523,,,27.137083838290653,65.70659682731534,INT-0298,source_id,Venezuela,0.8675099806960624,OF,287000.0,Venezuela,55,OF,19-20,$100K-$499K,,,
INT-0299,Esteban Lopez 2,2004-05-04,Venezuela,2023,Dominican Summer League,Pitcher,19,522,0.2208738740909119,0.107779864891334,,,,86.0735847581883,0.5053424703621537,,61.65157843682244,INT-0299,source_id,Venezuela,0.11329464211020646,LHP,48000.0,Venezuela,40,Pitcher,19-20,Under $100K,0.06708838418760688,2024.0,0.0
INT-0299,Esteban Lopez 2,2004-05-04,Venezuela,2024,Dominican Summer League,Pitcher,20,212,0.190841928249115,0.076776872215918,,,,90.80317601007738,0.4702261877990631,,50.32923313509901,INT-0299,source_id,Venezuela,0.06708838418760688,LHP,48000.0,Venezuela,40,Pitcher,19-20,Under $100K,-0.17553532833160154,2025.0,0.0
INT-0299,Esteban Lopez 2,2004-05-04,Venezuela,2025,Complex League,Pitcher,21,230,0.1995773317964591,0.0881241870618535,,,,88.68151073289076,0.4985412528257119,,48.4410439750332,INT-0299,source_id,Venezuela,-0.17553532833160154,LHP,48000.0,Venezuela,40,Pitcher,21-22,Under $100K,,,
INT-0300,Rafael Nakamura,2007-05-04,COL,2024,Complex League,Position Player,17,512,0.2286127360332646,0.0911959912522284,0.0750119593494474,0.7119134118466334,0.2876226210002771,,,25.99484842293407,61.4943515681603,INT-0300,source_id,Colombia,-0.15036283952875254,OF,23000.0,Colombia,30,OF,18 and under,Under $100K,-0.4232675911871287,2025.0,0.0
INT-0300,Rafael Nakamura,2007-05-04,Colombia,2025,Complex League,Position Player,18,166,0.2301007750709799,0.0890423985280754,0.0676839275944126,0.6929202615647789,0.2759700432156087,,,26.80102332850525,52.99518552909527,INT-0300,source_id,Colombia,-0.4232675911871287,OF,23000.0,Colombia,30,OF,18 and under,Under $100K,,,
INT-0301,Marco Mendez,2001-12-07,Cuba,2022,Cuban National Series,Position Player,21,526,0.2114145153387032,0.0795360030465364,0.1734232078054625,0.7353063119250727,0.3151810270755871,,,25.107936053556312,59.694577671855,INT-0301,source_id,Cuba,0.4213737601240384,OF,142000.0,Cuba,45,OF,21-22,$100K-$499K,-0.026920022245145225,2023.0,0.0
INT-0301,Marco Mendez,2001-12-07,Cuba,2023,Independent,Position Player,22,243,0.2999651020214894,0.0762182813643901,0.0883535848642888,0.7346301409702746,0.2740369358248135,,,26.57200028166952,46.09290412188447,INT-0301,source_id,Cuba,-0.026920022245145225,OF,142000.0,Cuba,45,OF,21-22,$100K-$499K,-0.5658810328801271,2024.0,0.0
INT-0301,Marco Mendez,2001-12-07,Cuba,2024,Independent,Position Player,23,437,0.2231783499280961,0.0762548932781979,0.1193941639503184,0.719787775651592,0.3336002507121617,,,25.650863729362666,40.33353348562257,INT-0301,source_id,Cuba,-0.5658810328801271,OF,142000.0,Cuba,45,OF,23+,$100K-$499K,0.27714434210499095,2025.0,0.0
INT-0301,Marco Mendez,2001-12-07,Cuba,2025,Cuban National Series,Position Player,24,346,0.2055731414645707,0.0966851588589019,0.1303502255010158,0.75939460972493,0.2770236481813714,,,25.85305583822527,55.521296306371056,INT-0301,source_id,Cuba,0.27714434210499095,OF,142000.0,Cuba,45,OF,23+,$100K-$499K,,,
INT-0302,Esteban Herrera 2,2002-08-11,Dominican Republic,2022,Dominican Summer League,Pitcher,20,348,0.1866542185436794,0.1176269048089539,,,,85.29588564032888,0.4508687934149915,,67.61397980012255,INT-0302,source_id,Dominican Republic,-0.2966035129066695,RHP,16000.0,Dominican Republic,35,Pitcher,19-20,Under $100K,-0.03564930848266443,2023.0,0.0
INT-0302,Esteban Herrera 2,2002-08-11,Dominican Rep.,2023,Complex League,Pitcher,21,345,0.184660899754241,0.1126329363476228,,,,87.87691859931309,0.4729083217006909,,66.38114729043492,INT-0302,source_id,Dominican Republic,-0.03564930848266443,RHP,16000.0,Dominican Republic,35,Pitcher,21-22,Under $100K,-0.7567565740981064,2024.0,0.0
INT-0302,Esteban Herrera 2,2002-08-11,D.R.,2024,Complex League,Pitcher,22,614,0.1315947006025293,0.0963049760259067,,,,86.43184323873818,0.4689942238781401,,53.42563204833718,INT-0302,source_id,Dominican Republic,-0.7567565740981064,RHP,16000.0,Dominican Republic,35,Pitcher,21-22,Under $100K,-0.3114669122521547,2025.0,0.0
INT-0302,ESTEBAN HERRERA 2,2002-08-11,Dominican Republic,2025,Complex League,Pitcher,23,196,0.1821091036620123,0.0810018215550669,,,,85.78810150178747,0.488554489109278,,60.30581936299871,INT-0302,source_id,Dominican Republic,-0.3114669122521547,RHP,16000.0,Dominican Republic,35,Pitcher,23+,Under $100K,,,
INT-0303,  Gabriel Rojas ,2005-06-04,Mexico,2024,Mexican League,Pitcher,19,182,0.2087891489718256,0.1083704932737681,,,,91.12710986000356,0.4520168338910982,,47.17789796104116,INT-0303,source_id,Mexico,-0.14742102806091828,LHP,95000.0,Mexico,40,Pitcher,19-20,Under $100K,-0.12400355502789419,2025.0,0.0
INT-0303,Gabriel Rojas,2005-06-04,Mexico,2025,Mexican Pacific League,Pitcher,20,319,0.1912941092300977,0.0991044177437629,,,,91.69310757425856,0.4515630164709561,,56.69940400629063,INT-0303,source_id,Mexico,-0.12400355502789419,LHP,95000.0,Mexico,40,Pitcher,19-20,Under $100K,,,
INT-0304,Emilio Dominguez,2005-05-13,Panama,2023,Panamanian League,Position Player,18,455,0.232109154532394,0.0898082202618011,0.0917833242076301,0.7507282110755289,0.2987850147139484,,,23.730469699324438,31.29959487435238,INT-0304,source_id,Panama,-0.8260634284214531,IF,52000.0,Panama,40,IF,18 and under,Under $100K,-0.7756216713359418,2024.0,0.0
INT-0304,Emilio Dominguez,2005-05-13,Panamá,2024,Panamanian League,Position Player,19,511,0.2456466697034962,0.0801855080141501,0.0362069378695016,0.7675536993791187,0.314586721153264,,,24.56127669797238,36.61360646243544,INT-0304,source_id,Panama,-0.7756216713359418,IF,52000.0,Panama,40,IF,19-20,Under $100K,-0.3302536279190364,2025.0,0.0
INT-0304,Emilio Dominguez,2005-05-13,Panama,2025,Complex League,Position Player,20,592,0.1691351615812084,0.0883305800558987,0.1390372302552524,0.7993950531535023,0.2785133097726069,,,23.5,31.20609535490501,INT-0304,source_id,Panama,-0.3302536279190364,IF,52000.0,Panama,40,IF,19-20,Under $100K,,,
INT-0305,Carlos Park 2,2005-10-08,Dominican Republic,2022,Complex League,Pitcher,17,268,0.2063849039289653,0.0840758570412379,,,,87.42219708166037,0.4635573557211604,,57.271776258250384,INT-0305,source_id,Dominican Republic,0.2070115538067821,RHP,94000.0,Dominican Republic,35,Pitcher,18 and under,Under $100K,0.7292681577942255,2023.0,1.0
INT-0305,Carlos Park 2,2005-10-08,Dominican Republic,2023,Dominican Summer League,Pitcher,18,281,0.2536704318070417,0.1114155298821896,,,,90.0297560053816,0.5056609627900146,,67.54327960534685,INT-0305,source_id,Dominican Republic,0.7292681577942255,RHP,94000.0,Dominican Republic,35,Pitcher,18 and under,Under $100K,0.3185634444072262,2024.0,0.0
INT-0305,CARLOS PARK 2,2005-10-08,Dominican Republic,2024,Dominican Summer League,Pitcher,19,205,0.1997331691984046,0.0779784922179029,,,,88.23375848004403,0.5084116245216993,,66.91914441845502,INT-0305,source_id,Dominican Republic,0.3185634444072262,RHP,94000.0,Dominican Republic,35,Pitcher,19-20,Under $100K,1.0878600202650979,2025.0,1.0
INT-0305,Carlos Park 2,2005-10-08,Dominican Republic,2025,Dominican Summer League,Pitcher,20,97,0.2569310241646066,0.0759539619111157,,,,91.15593471495096,0.5428084899918414,,78.11529791938631,INT-0305,source_id,Dominican Republic,1.0878600202650979,RHP,94000.0,Dominican Republic,35,Pitcher,19-20,Under $100K,,,
INT-0306,Min-jun Martinez,2007-06-19,Dominican Republic,2025,Complex League,Pitcher,18,267,0.1905232525547245,0.1265582269196195,,,,89.15304086442605,0.3878125368900801,,44.55450845212472,INT-0306,source_id,Dominican Republic,-0.9927939665825835,RHP,44000.0,Dominican Republic,35,Pitcher,18 and under,Under $100K,,,
INT-0307,Hector Garcia 3,1999-07-24,Dominican Republic,2022,Dominican Summer League,Pitcher,23,154,0.1542905523167025,0.090173801009253,,,,86.20337847053014,0.4749585303793153,,48.67394847529597,INT-0307,source_id,Dominican Republic,-0.30728337998325084,LHP,18000.0,Dominican Republic,40,Pitcher,23+,Under $100K,-0.7184385407748807,2023.0,0.0
INT-0307,Hector Garcia 3,1999-07-24,Dominican Republic,2023,Complex League,Pitcher,24,589,0.1774935283439498,0.1212475334945011,,,,85.04589414544371,0.4747177297420424,,45.738689967257066,INT-0307,source_id,Dominican Republic,-0.7184385407748807,LHP,18000.0,Dominican Republic,40,Pitcher,23+,Under $100K,-0.965862787619788,2024.0,0.0
INT-0307,HECTOR GARCIA 3,1999-07-24,Dominican Republic,2024,Dominican Summer League,Pitcher,25,80,0.1123143335208088,0.1088405866790878,,,,88.32511918096552,0.4831833208983917,,39.90998265781371,INT-0307,source_id,Dominican Republic,-0.965862787619788,LHP,18000.0,Dominican Republic,40,Pitcher,23+,Under $100K,-0.13912583734194683,2025.0,0.0
INT-0307,HECTOR GARCIA 3,1999-07-24,Dominican Republic,2025,Dominican Summer League,Pitcher,26,423,0.1827033216857427,0.0805290210370016,,,,89.00771959063066,0.5188010219460563,,46.31658449465619,INT-0307,source_id,Dominican Republic,-0.13912583734194683,LHP,18000.0,Dominican Republic,40,Pitcher,23+,Under $100K,,,
INT-0308,Daichi Vargas 2,1999-09-01,Dominican Republic,2022,Complex League,Pitcher,23,298,0.1270167371597944,0.1342758884931175,,,,88.07934821734979,0.3893948642659974,,61.53170778946799,INT-0308,source_id,Dominican Republic,-0.9106693183744593,RHP,85000.0,Dominican Republic,35,Pitcher,23+,Under $100K,-0.5219879973392946,2023.0,0.0
INT-0308,Daichi Vargas 2,1999-09-01,Dominican Republic,2023,Dominican Summer League,Pitcher,24,387,0.1783187292220993,0.1476628278281936,,,,87.73041895731703,0.4209842723384396,,70.97564575802522,INT-0308,source_id,Dominican Republic,-0.5219879973392946,RHP,85000.0,Dominican Republic,35,Pitcher,23+,Under $100K,-0.2221516236515412,2024.0,0.0
INT-0308,Daichi Vargas 2,1999-09-01,Dominican Republic,2024,Complex League,Pitcher,25,416,0.2440404563647027,0.123237270324397,,,,87.87767187699168,0.4269197152807402,,59.19776385836526,INT-0308,source_id,Dominican Republic,-0.2221516236515412,RHP,85000.0,Dominican Republic,35,Pitcher,23+,Under $100K,-0.28118195119123196,2025.0,0.0
INT-0308,Daichi Vargas 2,1999-09-01,Dominican Republic,2025,Dominican Summer League,Pitcher,26,458,0.2050772577150335,0.1042623060064077,,,,87.77003159233428,0.4393942261331297,,67.77359387986263,INT-0308,source_id,Dominican Republic,-0.28118195119123196,RHP,85000.0,Dominican Republic,35,Pitcher,23+,Under $100K,,,
INT-0309,Isaac Ortega 2,2004-02-22,Dominican Republic,2022,Dominican Summer League,Position Player,18,462,0.2097927537504519,0.1002578645686489,0.1568962916451745,0.7250931476171335,0.2684463834806251,,,25.03290167999671,36.54122446289494,INT-0309,source_id,Dominican Republic,-0.060072663183201314,IF,37000.0,Dominican Republic,40,IF,18 and under,Under $100K,0.14805575605546734,2023.0,0.0
INT-0309,Isaac Ortega 2,2004-02-22,Dominican Republic,2023,Complex League,Position Player,19,340,0.2009198371860382,0.0838796853826373,0.1953293960810787,0.7345824905586423,0.2773679721259013,,,24.79598476679114,40.87753372373288,INT-0309,source_id,Dominican Republic,0.14805575605546734,IF,37000.0,Dominican Republic,40,IF,19-20,Under $100K,0.28820518532308764,2024.0,0.0
INT-0309,Isaac Ortega 2,2004-02-22,Dominican Republic,2024,Dominican Summer League,Position Player,20,212,0.1885860998904601,0.0729615745564406,0.1373949636423568,0.7628412755268134,0.2774611655289341,,,25.854016727374184,49.12386917983039,INT-0309,source_id,Dominican Republic,0.28820518532308764,IF,37000.0,Dominican Republic,40,IF,19-20,Under $100K,0.1566213892984983,2025.0,0.0
INT-0309,Isaac Ortega 2,2004-02-22,Dominican Republic,2025,Dominican Summer League,Position Player,21,617,0.1656598907316425,0.0749088685558966,0.1205733504498024,0.8129813569492136,0.2717145208765347,,,24.986434083277523,41.76902629987552,INT-0309,source_id,Dominican Republic,0.1566213892984983,IF,37000.0,Dominican Republic,40,IF,21-22,Under $100K,,,
INT-0310,Andres Herrera,2003-01-03,Mexico,2022,Mexican Pacific League,Position Player,19,139,0.252541558849406,0.0803077150838322,0.0675200215519046,0.7163673245437963,0.2585467992369902,,,26.08969477491293,43.054806134082334,INT-0310,source_id,Mexico,-0.199527936192278,IF,24000.0,Mexico,35,IF,19-20,Under $100K,-0.19055752471606957,2023.0,0.0
INT-0310,Andres Herrera,2003-01-03,Mexico,2023,Mexican League,Position Player,20,510,0.2208273255368043,0.1001120464643036,0.0883667097323307,0.7591095433894517,0.3289591832397807,,,25.675099551559992,49.34583933402117,INT-0310,source_id,Mexico,-0.19055752471606957,IF,24000.0,Mexico,35,IF,19-20,Under $100K,0.05415267620049591,2024.0,0.0
INT-0310,Andres Herrera,2003-01-03,Mexico,2024,Mexican League,Position Player,21,563,0.2014334375559052,0.0710966522597548,0.1654484256852603,0.7239978647684622,0.3017445853288031,,,25.768349016780626,50.44830879479043,INT-0310,source_id,Mexico,0.05415267620049591,IF,24000.0,Mexico,35,IF,21-22,Under $100K,-0.47805334296711743,2025.0,0.0
,ANDRES HERRERA,2003-01-03,Mexico,2025,Mexican League,Position Player,22,231,0.2637562895064829,0.0799881650555341,0.0940289384685012,0.7486534548475413,0.3095794370631651,,,24.089560429000827,52.14880014318901,INT-0310,name_birth_date,Mexico,-0.47805334296711743,IF,24000.0,Mexico,35,IF,21-22,Under $100K,,,
INT-0311,Rafael Kim,2002-09-12,Cuba,2022,Independent,Position Player,20,192,0.2386176185876139,0.0676500746462851,0.1598083213819362,0.7181220078479101,0.3253305805526404,,,25.897284357818265,42.09616144507412,INT-0311,source_id,Cuba,-0.09470853715232115,OF,127000.0,Cuba,50,OF,19-20,$100K-$499K,0.4406612232231599,2023.0,1.0
,Rafael Kim,2002-09-12,Cuba,2023,Cuban National Series,Position Player,21,174,0.2617380230203831,0.0715403421223531,0.2061660599992629,0.675726806544248,0.2926384960079912,,,26.69927601410297,58.572219343885365,INT-0311,name_birth_date,Cuba,0.4406612232231599,OF,127000.0,Cuba,50,OF,21-22,$100K-$499K,0.27176333577642414,2024.0,0.0
INT-0311,Rafael Kim,2002-09-12,Cuba,2024,Cuban National Series,Position Player,22,410,0.2531472057130139,0.0913386783255414,0.1881631067759354,0.7377356912015646,0.2817222875421054,,,25.684208435217226,47.24812753772861,INT-0311,source_id,Cuba,0.27176333577642414,OF,127000.0,Cuba,50,OF,21-22,$100K-$499K,-0.23573149578670444,2025.0,0.0
INT-0311,Rafael Kim,2002-09-12,Cuba,2025,Cuban National Series,Position Player,23,190,0.2537133533671484,0.0829082781279378,0.170779132546807,0.7073019347594333,0.3217682459021379,,,25.83201291157366,48.13302455308315,INT-0311,source_id,Cuba,-0.23573149578670444,OF,127000.0,Cuba,50,OF,23+,$100K-$499K,,,
INT-0312,MIN-JUN LEE,2004-09-03,Panama,2023,Complex League,Pitcher,19,291,0.1938179642320603,0.117259869001877,,,,89.49652345676355,0.4934434331803751,,47.96364683163422,INT-0312,source_id,Panama,-0.06874329796297002,RHP,115000.0,Panama,40,Pitcher,19-20,$100K-$499K,-0.10094207051013891,2024.0,0.0
INT-0312,Min-jun Lee,2004-09-03,PAN,2024,Panamanian League,Pitcher,20,489,0.2341878594720986,0.0834865830647579,,,,88.62906071554131,0.4466419215567408,,44.25487607942051,INT-0312,source_id,Panama,-0.10094207051013891,RHP,115000.0,Panama,40,Pitcher,19-20,$100K-$499K,-0.3356863747103723,2025.0,0.0
INT-0312,Min-jun Lee,2004-09-03,Panama,2025,Complex League,Pitcher,21,406,0.216782323915679,0.0858019236949195,,,,88.64796661851958,0.4703376552221981,,37.809417673273046,INT-0312,source_id,Panama,-0.3356863747103723,RHP,115000.0,Panama,40,Pitcher,21-22,$100K-$499K,,,
INT-0313,Marco Nakamura,2004-03-13,South Korea,2022,KBO Futures,Position Player,18,563,0.2269239265680836,0.0642827362170797,0.02,0.7029076601982842,0.3007816691252253,,,27.12014769219583,67.26019591384954,INT-0313,source_id,South Korea,-0.007655681643084278,C,38000.0,South Korea,50,C,18 and under,Under $100K,0.11197552945840838,2023.0,0.0
,Marco Nakamura,2004-03-13,South Korea,2023,KBO Futures,Position Player,19,570,0.2512991352200445,0.0947731517070949,0.1196190899696981,0.709913065846353,0.3135428772349539,,,26.5692889865963,60.32345461725141,INT-0313,name_birth_date,South Korea,0.11197552945840838,C,38000.0,South Korea,50,C,19-20,Under $100K,0.7730162944247063,2024.0,1.0
,MARCO NAKAMURA,2004-03-13,South Korea,2024,Independent,Position Player,20,426,0.2104344436212019,0.0903444709378579,0.1146243650576486,0.7200911342097499,0.2490235947732491,,,27.72139765417712,73.90992989166372,INT-0313,name_birth_date,South Korea,0.7730162944247063,C,38000.0,South Korea,50,C,19-20,Under $100K,1.1059888756386855,2025.0,1.0
INT-0313,Marco Nakamura,2004-03-13,KOR,2025,Independent,Position Player,21,240,0.2054095845827953,0.0803778746295035,0.1649607067970295,0.7869018030281462,0.2548240708815807,,,27.217242445260297,62.163573268029324,INT-0313,source_id,South Korea,1.1059888756386855,C,38000.0,South Korea,50,C,21-22,Under $100K,,,
INT-0314,RAFAEL GARCIA,2005-06-05,Dominican Republic,2024,Dominican Summer League,Position Player,19,254,0.253224744238444,0.0593647866376378,0.1209125906061578,0.698217054965676,0.342594414134053,,,25.765800914239307,51.42932481973895,INT-0314,source_id,Dominican Republic,-0.5054306772581554,C,39000.0,Dominican Republic,35,C,19-20,Under $100K,-0.7148959164558722,2025.0,0.0
INT-0314,Rafael Garcia,2005-06-05,Dominican Republic,2025,Complex League,Position Player,20,388,0.2595012246917791,0.0724407671388029,0.1136513666420419,0.6944803207097615,0.3702906301330046,,,26.4397112772514,50.36934897619975,INT-0314,source_id,Dominican Republic,-0.7148959164558722,C,39000.0,Dominican Republic,35,C,19-20,Under $100K,,,
INT-0315,Marco Martinez,2006-01-12,DOM,2025,Complex League,Pitcher,19,264,0.1586335922225889,0.0648609772146814,,,,90.2693473168976,0.4705807121303501,,54.9812242375864,INT-0315,source_id,Dominican Republic,-0.10786021226145262,RHP,71000.0,Dominican Republic,40,Pitcher,19-20,Under $100K,,,
INT-0316,HARUTO PARK,2003-09-17,South Korea,2022,Independent,Position Player,19,299,0.3050638480498673,0.0548730054272469,0.1533556108664436,0.6973244362609979,0.3129792310265569,,,25.84516412225641,45.54956644637421,INT-0316,source_id,South Korea,-0.149523595622405,C,157000.0,South Korea,45,C,19-20,$100K-$499K,-0.9642448017057366,2023.0,0.0
INT-0316,Haruto Park,2003-09-17,KOR,2023,Independent,Position Player,20,524,0.2710636482107293,0.0758026301721134,0.1239168992299763,0.6559580337397058,0.3253995625431852,,,25.60629478083773,38.81066942619916,INT-0316,source_id,South Korea,-0.9642448017057366,C,157000.0,South Korea,45,C,19-20,$100K-$499K,-0.894962296837507,2024.0,0.0
INT-0316,Haruto Park,2003-09-17,South Korea,2024,KBO Futures,Position Player,21,438,0.3474859268586703,0.0650711619105996,0.1477115893145188,0.6816246406462267,0.3328846796726568,,,25.067304341165077,35.056228871113355,INT-0316,source_id,South Korea,-0.894962296837507,C,157000.0,South Korea,45,C,21-22,$100K-$499K,-1.243909861253988,2025.0,0.0
,Haruto Park,2003-09-17,South Korea,2025,Independent,Position Player,22,449,0.2479511369381987,0.0942339462554987,0.1016961549349095,0.66977863433155,0.3234582402060642,,,24.442607771113487,40.77361211777127,INT-0316,name_birth_date,South Korea,-1.243909861253988,C,157000.0,South Korea,45,C,21-22,$100K-$499K,,,
INT-0317,Ren Quintero 2,2007-05-17,Panama,2025,Complex League,Pitcher,18,263,0.1873655103171613,0.0935870463539049,,,,86.7647580706253,0.5200588478232998,,47.536434674079885,INT-0317,source_id,Panama,-0.374600372780501,RHP,29000.0,Panama,40,Pitcher,18 and under,Under $100K,,,
INT-0318,Marco Kim,2000-01-08,Venezuela,2022,Complex League,Pitcher,22,182,0.1590278038848104,0.0867611828318982,,,,84.59229080533875,0.5071988576928667,,54.781864332282375,INT-0318,source_id,Venezuela,-0.14953137257650898,LHP,45000.0,Venezuela,45,Pitcher,21-22,Under $100K,-0.03496638756445157,2023.0,0.0
INT-0318,Marco Kim,2000-01-08,Venezuela,2023,Complex League,Pitcher,23,345,0.1664670412034894,0.0732898843845826,,,,86.57050735914999,0.5030949969983028,,51.87200052936883,INT-0318,source_id,Venezuela,-0.03496638756445157,LHP,45000.0,Venezuela,45,Pitcher,23+,Under $100K,0.1850689760909399,2024.0,0.0
INT-0318,Marco Kim,2000-01-08,Venezuela,2024,Complex League,Pitcher,24,134,0.1750092591422742,0.0800809176439678,,,,89.67916273700955,0.498242938608365,,63.71557735969824,INT-0318,source_id,Venezuela,0.1850689760909399,LHP,45000.0,Venezuela,45,Pitcher,23+,Under $100K,-0.26686433181598407,2025.0,0.0
INT-0318,Marco Kim,2000-01-08,Venezuela,2025,Complex League,Pitcher,25,542,0.1814488521267916,0.0791765382796489,,,,85.60325852947808,0.5008284365841562,,60.335807390006885,INT-0318,source_id,Venezuela,-0.26686433181598407,LHP,45000.0,Venezuela,45,Pitcher,23+,Under $100K,,,
INT-0319,SANTIAGO QUINTERO 2,2006-02-24,Korea,2024,KBO Futures,Position Player,18,313,0.2124865518051958,0.0707515389382478,0.144779949970255,0.7530214501043602,0.3013372099228787,,,25.956329063912616,51.96633822998277,INT-0319,source_id,South Korea,0.22420745987402577,IF,87000.0,South Korea,35,IF,18 and under,Under $100K,0.15325564571799366,2025.0,0.0
INT-0319,Santiago Quintero 2,2006-02-24,South Korea,2025,Independent,Position Player,19,464,0.2122443626341008,0.1166931933359019,0.0935566799761581,0.7595950592858125,0.2539785149465934,,,25.86305257402223,54.080797895140186,INT-0319,source_id,South Korea,0.15325564571799366,IF,87000.0,South Korea,35,IF,19-20,Under $100K,,,
INT-0320,Takeshi Kim,2004-01-15,Mexico,2022,Mexican Pacific League,Position Player,18,306,0.2442150182532189,0.072847702396315,0.1040919089901136,0.7238229931949618,0.3265354685276312,,,24.936032601980017,39.64521071793047,INT-0320,source_id,Mexico,-0.5268808151211172,IF,20000.0,Mexico,40,IF,18 and under,Under $100K,-0.23819319349542914,2023.0,0.0
INT-0320,Takeshi Kim,2004-01-15,Mexico,2023,Mexican League,Position Player,19,107,0.1910326765618059,0.0948568868042602,0.0704155989841271,0.7533090124688361,0.2505262697161737,,,24.577194704790827,45.01017942527593,INT-0320,source_id,Mexico,-0.23819319349542914,IF,20000.0,Mexico,40,IF,19-20,Under $100K,-0.7302358274346896,2024.0,0.0
INT-0320,Takeshi Kim,2004-01-15,Mexico,2024,Mexican Pacific League,Position Player,20,210,0.239056409248823,0.0838440608901431,0.0612466524214742,0.7393302426618454,0.2902593833973347,,,24.920912551639063,35.289802807464426,INT-0320,source_id,Mexico,-0.7302358274346896,IF,20000.0,Mexico,40,IF,19-20,Under $100K,-0.8407358784355452,2025.0,0.0
INT-0320,Takeshi Kim,2004-01-15,Mexico,2025,Mexican League,Position Player,21,372,0.2578053081594176,0.0791771241314402,0.1165156853700713,0.7226538161734979,0.3198252198328963,,,24.919499297034108,35.83526685928273,INT-0320,source_id,Mexico,-0.8407358784355452,IF,20000.0,Mexico,40,IF,21-22,Under $100K,,,
INT-0007,Seong-hyun Benitez,2002-08-04,DOM,2022,Complex League,Pitcher,20,152,0.1803468430692415,0.072409999159472,,,,89.99527922682782,0.4415243585395766,,50.276953189262535,INT-0007,source_id,Dominican Republic,0.18632313530447542,LHP,97000.0,Dominican Republic,45,Pitcher,19-20,Under $100K,,,
