source_player_id,player_name,birth_date,country,season,league,role,age,sample_size,k_pct,bb_pct,iso,contact_pct,chase_pct,avg_fastball_velocity,zone_pct,sprint_speed,biomech_score
INT-0001,Andres Kim,1999-09-06,Venezuela,2022,Dominican Summer League,Position Player,23,578,0.23335281303877953,0.07675398847935536,0.06348819422241371,0.6986275558217164,0.2949893258948223,,,25.939427426202833,56.72237543047011
INT-0001,Andres Kim,1999-09-06,VZ,2023,Dominican Summer League,Position Player,24,274,0.24608165278158178,0.07304388346466131,0.02974045407567885,0.7299867759983303,0.2946356721112912,,,24.530104849543427,42.16426280855816
INT-0001,Andres Kim,1999-09-06,Venezuela,2024,Dominican Summer League,Position Player,25,421,0.19621001249431297,0.11145509936707187,0.024772177306577783,0.7168821533195968,0.2979417812061154,,,26.828757539598598,49.9252744418322
INT-0001,Andres Kim,1999-09-06,Venezuela,2025,Complex League,Position Player,26,583,0.18833624072639604,0.09548031862780362,0.053212487886740205,0.7576848602472661,0.2501219423247923,,,25.939654889201023,46.34664641643653
INT-0002,JI-HO SATO,2003-03-03,Cuba,2022,Cuban National Series,Position Player,19,155,0.19351156351441123,0.084337324974521,0.07226546117492302,0.7338148020155033,0.2502865219000976,,,25.041273010836772,37.901852133572994
INT-0002,Ji-ho Sato,2003-03-03,Cuba,2023,Cuban National Series,Position Player,20,118,1.25,0.0979970937531598,0.11162020909850236,0.7740244107772138,0.2377762376060385,,,25.80987047927633,41.949456364518014
INT-0002,Ji-ho Sato,2003-03-03,Cuba,2024,Independent,Position Player,21,324,0.24085359021123182,0.13215812213193973,0.08018788979504343,0.7299506788615716,0.21507095590308944,,,25.80138860417163,48.89876559630276
INT-0002,Ji-ho Sato,2003-03-03,Cuba,2025,Cuban National Series,Position Player,22,309,0.21818456991248608,0.09864911000701022,0.13563162234019782,0.7882131462694876,0.23061004164506207,,,25.027814836363557,47.14288911840734
INT-0003,Haruto Kim,2003-01-15,Dominican Republic,2022,Complex League,Position Player,19,315,0.1916750495250727,0.12369571791560809,0.1465191919960026,0.7852437141077044,0.289895078629117,,,25.749735560941623,45.22697684433347
INT-0003,Haruto Kim,2003-01-15,Dominican Republic,2023,Complex League,Position Player,20,367,0.21365670057273442,0.07878954573087191,0.1358378669869989,0.7880388172191506,0.22986889347066616,,,27.224377661580526,46.85771670547927
INT-0003,Haruto Kim,2003-01-15,Dominican Republic,2024,Dominican Summer League,Position Player,21,318,0.20003980921437356,0.10154559088645392,0.11646810440726639,0.8272793309346215,0.2767101128046456,,,26.01091179379705,45.353093198729745
INT-0003,Haruto Kim,2003-01-15,Dominican Republic,2025,Complex League,Position Player,22,486,0.14409078521111982,0.0901641944322983,0.1608578285466626,0.8059060795440974,0.28088357174155776,,,25.24044804746175,49.54918281703943
INT-0004,Luis Estrada,2004-09-26,VZ,2022,Dominican Summer League,Pitcher,18,95,0.21549455239706092,0.11054363277721486,,,,112.0,0.43321431285234036,,48.74725296502532
INT-0004,Luis Estrada,2004-09-26,Venezuela,2023,Dominican Summer League,Pitcher,19,279,0.1981480521901939,0.10753057565429157,,,,89.77422846842758,0.47390964853294365,,48.90334971532286
INT-0004,Luis Estrada,2004-09-26,VZ,2024,Dominican Summer League,Pitcher,20,188,0.25380818605252436,0.14935814472665612,,,,92.78036890640541,0.45667406319985726,,51.147153415498416
INT-0004,Luis Estrada,2004-09-26,Venezuela,2025,Dominican Summer League,Pitcher,21,444,0.27818532044571237,0.13611011263183956,,,,91.73177038606592,0.467036248045998,,60.72088870114665
INT-0005,Seong-hyun Garcia,2006-08-13,Dominican Republic,2024,Dominican Summer League,Position Player,18,251,0.217844320083842,0.05121825903146305,0.07275285665740858,0.6941222225673965,0.29425259804512893,,,25.90145963876383,44.04433143242957
INT-0005,Seong-hyun Garcia,2006-08-13,Dominican Republic,2025,Dominican Summer League,Position Player,19,515,0.22814497065262218,0.07942046394417976,0.1884711822993761,0.7233007354112891,0.28817852474088035,,,25.375952168319923,45.78986275168742
,Yun-seo Vargas,2004-07-03,South Korea,2022,KBO Futures,Position Player,18,172,0.24458642755565002,0.06732246001011874,0.1365716777193221,0.7228072445791441,0.3299072880025788,,,25.565630937971413,48.29670168517473
INT-0006,Yun-seo Vargas,2004-07-03,South Korea,2023,Independent,Position Player,19,-4,0.2648635518857064,0.08915720606968608,0.1710729000328375,0.7243214379773446,0.3089554322655773,,,26.32139936936184,43.480812811669495
INT-0006,Yun-seo Vargas,2004-07-03,South Korea,2024,Independent,Position Player,20,250,0.2353681574504913,0.04786609739896668,0.15048136360794082,0.7283489273725774,0.29398462801889014,,,26.55046284434357,41.10219416613909
INT-0006,Yun-seo Vargas,2004-07-03,South Korea,2025,KBO Futures,Position Player,21,149,0.25991006029330493,0.0966445619680732,0.16859213858135305,0.7285165468552925,0.3188066932921372,,,25.617275956975043,43.52983546409118
INT-0007,Seong-hyun Benitez,2002-08-04,DOM,2022,Complex League,Pitcher,20,152,0.1803468430692415,0.07240999915947209,,,,89.99527922682782,0.44152435853957667,,50.276953189262535
INT-0007,Seong-hyun Benitez,2002-08-04,Dominican Republic,2023,Complex League,Pitcher,21,531,0.18979995163333144,0.1230867947113384,,,,89.37291809572848,0.5105335673604311,,35.872156268759525
INT-0007,Seong-hyun Benitez,2002-08-04,Dominican Rep.,2024,Dominican Summer League,Pitcher,22,370,0.24608356678882906,0.07126402445088194,,,,89.5264250428867,0.5248133384294908,,53.27851613573911
INT-0007,Seong-hyun Benitez,2002-08-04,D.R.,2025,Dominican Summer League,Pitcher,23,606,0.2493192284647105,0.09530261550000524,,,,90.61303881090937,0.5273913522708066,,47.32367683478913
INT-0008,Carlos Castillo,2005-02-25,Japan,2023,Industrial League,Position Player,18,197,0.22705381892110302,0.06956662816568439,0.11050752302789059,0.7757350853767669,0.2952177526932033,,,25.87636036528978,56.84972230852575
INT-0008,Carlos Castillo,2005-02-25,Japan,2024,NPB Farm,Position Player,19,287,0.258837418543929,0.060382831602966654,0.14282733853504523,0.7965239917677754,0.28243133201834736,,,25.405662408156978,53.7834910497293
INT-0008,Carlos Castillo,2005-02-25,JPN,2025,Industrial League,Position Player,20,327,0.2512916239227177,0.10642471930434691,0.16318655943552632,0.7188721603993115,0.24729800127750518,,,26.878921900967175,49.475725382117815
INT-0009,Omar Castillo,2002-11-14,Dominican Republic,2022,Complex League,Position Player,20,461,0.22011054974344968,0.11151352112963914,0.12301118082559068,0.7643221223194564,0.2527621086097803,,,25.018899275851922,44.595502789862856
,Omar Castillo,2002-11-14,Dominican Republic,2023,Complex League,Position Player,21,397,0.20399966875045183,0.076975605876888,0.1919180519645567,0.7672571641367825,0.27618532643154176,,,25.974679914580197,45.75191090070766
INT-0009,Omar Castillo,2002-11-14,D.R.,2024,Complex League,Position Player,22,115,0.17143635779630625,0.12003369244953689,0.08765466757821014,0.7805628773984177,0.22075222981209233,,,24.38843057022997,49.621344244774164
INT-0009,Omar Castillo,2002-11-14,Dominican Republic,2025,Dominican Summer League,Position Player,23,451,0.18458634542370655,0.10364341917388697,0.15593402959605834,0.8070339079405243,0.2483085844780641,,,25.737204338371832,49.972962265331276
INT-0010,  Luis Han ,2005-04-22,Venezuela,2023,Complex League,Pitcher,18,510,0.21559647657914527,0.13962243170084176,,,,89.81521597706424,0.4241874095846282,,58.69190330485786
INT-0010,LUIS HAN,2005-04-22,Venezuela,2024,Complex League,Pitcher,19,377,0.19706644384790897,0.1621715430941425,,,,87.41223547307729,0.46197151660763575,,56.82935108512093
,Luis Han,2005-04-22,Venezuela,2025,Complex League,Pitcher,20,219,0.20097703234519726,0.12169179711868337,,,,89.4452272541399,0.4456269249639131,,47.21441118494775
INT-0011,Carlos Sato,2006-01-05,Dominican Republic,2023,Dominican Summer League,Position Player,17,473,0.24359855185991502,0.07487263882104093,0.1955269994990974,0.7322290058025508,0.28131316207917306,,,27.48419336724174,52.523872117881126
INT-0011,Carlos Sato,2006-01-05,Dominican Republic,2024,Complex League,Position Player,18,463,0.21634184007566853,0.09129964422118876,0.1910969415767962,0.7327520467776497,0.3090032247118653,,,26.73439559614071,59.7584116630906
INT-0011,Carlos Sato,2006-01-05,Dominican Republic,2025,Dominican Summer League,Position Player,19,125,0.19301055296409186,0.09548144403035222,0.22417296807580972,0.7597649014615976,0.2727964229324295,,,27.668661891428332,61.38892995182277
INT-0012,Luis Navarro,2000-12-12,Mexico,2022,Mexican League,Pitcher,22,356,0.19787705031234498,0.0825275886117721,,,,91.68915726698678,0.4730998868923582,,62.57350136339224
INT-0012,Luis Navarro,2000-12-12,Mexico,2023,Mexican Pacific League,Pitcher,23,375,0.26885480811151696,0.08729970398234035,,,,90.66168382008999,0.48991763401803357,,63.11635865266794
INT-0012,LUIS NAVARRO,2000-12-12,Mexico,2024,Mexican League,Pitcher,24,568,0.2130926661031689,0.0821781620902053,,,,90.58270320455122,0.5084434478949398,,77.31219258051172
,Luis Navarro,2000-12-12,Mexico,2025,Mexican Pacific League,Pitcher,25,588,0.256776465543112,0.08246077334703221,,,,91.00996513443565,0.5061378618709748,,70.35906818238821
INT-0013,Ji-ho Jimenez,2006-06-08,Venezuela,2022,Complex League,Position Player,16,217,0.1986822795419822,0.08363160903511546,0.11964641380344081,0.7228643906148833,0.3226715481604805,,,26.179898349814795,51.57296892656459
INT-0013,Ji-ho Jimenez,2006-06-08,Venezuela,2023,Dominican Summer League,Position Player,17,287,0.24500710435848336,0.07169981109571841,0.16531495264625082,0.7276531789200121,0.2924309208038347,,,25.710675161963433,38.97786877082845
INT-0013,Ji-ho Jimenez,2006-06-08,Venezuela,2024,Dominican Summer League,Position Player,18,476,0.20272987735650458,0.05333694943223349,0.1819588511898572,0.7579037891350541,0.2818741358992616,,,25.126955261495542,50.05559900813692
INT-0013,JI-HO JIMENEZ,2006-06-08,Venezuela,2025,Dominican Summer League,Position Player,19,432,0.20837712551945486,0.11912497054051283,0.18774549547917255,0.7589010769480043,0.27278241288598304,,,25.485450546405144,39.118889103604744
INT-0014,Esteban Tanaka,2001-02-17,Japan,2022,NPB Farm,Position Player,21,121,0.22526016722881295,0.05957037887990446,0.03375636797416556,0.7501598130063594,0.3431239570654447,,,23.988068931633414,36.6293833505141
INT-0014,Esteban Tanaka,2001-02-17,Japan,2023,NPB Farm,Position Player,22,412,0.2704983271273866,0.06067837461472834,0.10650656332663423,0.7018612619196404,0.30930898942642465,,,25.816970422257818,36.493203658412476
INT-0014,Esteban Tanaka,2001-02-17,Japan,2024,NPB Farm,Position Player,23,92,0.22408041351581398,0.07745306394318412,0.09123638374254275,0.7052617854634111,0.28620083894698023,,,24.596531573046352,44.8357719813607
INT-0014,Esteban Tanaka,2001-02-17,Japan,2025,NPB Farm,Position Player,24,147,0.23429661448874187,0.08001024311019139,0.09468530760643243,0.6799315232062376,0.34242102642571,,,25.331969303800328,49.25028258187878
INT-0015,Emilio Rojas,2007-04-27,Dominican Rep.,2025,Dominican Summer League,Position Player,18,303,0.2605509251755417,0.09491296044248532,0.17108447244333863,0.7377589763948876,0.2744664528915606,,,24.567323961300357,35.17571320980525
INT-0016,Esteban Han,1999-10-10,Mexico,2022,Mexican Pacific League,Pitcher,23,377,0.2479225148702534,0.06748567903592163,,,,91.95779928318731,0.49016797661239214,,71.82579040270234
,Esteban Han,1999-10-10,Mexico,2023,Mexican Pacific League,Pitcher,24,106,0.27134298057532386,0.05447389017822826,,,,91.7406133492051,0.4607123286585798,,63.23258321173425
INT-0016,ESTEBAN HAN,1999-10-10,Mexico,2024,Mexican League,Pitcher,25,118,0.24268049377904366,0.08491843870279986,,,,90.63412261470569,0.5018723423291763,,66.1152991675443
INT-0016,Esteban Han,1999-10-10,Mexico,2025,Mexican Pacific League,Pitcher,26,384,0.2776148723976971,0.10495625061140552,,,,91.96883088662004,0.5218732621588081,,66.29853720417334
INT-0017,Alejandro Dominguez,2005-03-10,Cuba,2023,Independent,Pitcher,18,534,0.1239252768495684,0.15324625981638837,,,,87.73939566226773,0.43067307755507567,,57.7095893246685
INT-0017,Alejandro Dominguez,2005-03-10,Cuba,2024,Cuban National Series,Pitcher,19,372,0.15861575441456152,0.12490406720799858,,,,87.41246926149964,0.45460915785172973,,52.38153477757454
INT-0017,Alejandro Dominguez,2005-03-10,CUB,2025,Independent,Pitcher,20,608,0.13836105550520864,0.0999503476295189,,,,86.43542239179448,0.46671845079986957,,49.16136105966915
INT-0018,Diego Herrera,2007-02-09,Dominican Republic,2025,Dominican Summer League,Position Player,18,578,0.29761056158494215,0.04575923979914237,0.11337996969073705,0.6820036528897142,0.36685317177670546,,,25.784685956758995,37.93454171019985
INT-0019,Jorge Dominguez,2007-04-04,Colombia,2024,Complex League,Pitcher,17,332,0.19801108409722823,0.0825701219651888,,,,91.275595770091,0.5236628898957085,,47.96589122839744
INT-0019,Jorge Dominguez,2007-04-04,Colombia,2025,Complex League,Pitcher,18,565,0.24525776759529236,0.07448495466507035,,,,90.68195491198772,0.5349162929269201,,43.26733902068942
INT-0020,DANIEL SATO,2005-06-01,Dominican Republic,2024,Complex League,Pitcher,19,226,0.29461267395578156,0.15265455233797331,,,,91.14269934815934,0.4484757592083874,,49.532617952276894
INT-0020,Daniel Sato,2005-06-01,D.R.,2025,Dominican Summer League,Pitcher,20,485,0.22951008398040207,0.09899609692907013,,,,94.08102568754731,0.4546988823238386,,34.67092001914415
INT-0021,Gabriel Park,2002-07-21,South Korea,2022,KBO Futures,Pitcher,20,323,0.15207940165237918,0.12723384172526925,,,,90.02542335362199,0.48866815999513247,,51.04445706050007
INT-0021,Gabriel Park,2002-07-21,South Korea,2023,KBO Futures,Pitcher,21,454,0.20862041756884608,0.10361017158043308,,,,88.73235088268714,0.44789178985562683,,52.19194120155061
INT-0021,Gabriel Park,2002-07-21,South Korea,2024,KBO Futures,Pitcher,22,552,0.16453519078677492,0.12089020427710875,,,,88.68907406708095,0.5001325228440704,,51.68276521158785
INT-0021,Gabriel Park,2002-07-21,South Korea,2025,KBO Futures,Pitcher,23,324,0.18917599419789383,0.12260051347287668,,,,88.85046160482989,0.4846079398528535,,51.30954044558091
INT-0022,Ruben Nakamura,2006-01-13,Cuba,2024,Cuban National Series,Pitcher,18,338,0.1556376940706232,0.06563209345874249,,,,90.73548598344128,0.551864853104606,,43.3055009357845
INT-0022,Ruben Nakamura,2006-01-13,Cuba,2025,Cuban National Series,Pitcher,19,170,0.21268184103896717,0.07586897401989517,,,,91.59589937186944,0.5659789159420011,,46.25816816875056
INT-0023,Rafael Estrada,2005-01-06,Dominican Republic,2022,Dominican Summer League,Pitcher,17,353,0.13798460589456368,0.11985933613102837,,,,86.46559116790165,0.4709856690523031,,58.5896928468177
INT-0023,Rafael Estrada,2005-01-06,Dominican Republic,2023,Dominican Summer League,Pitcher,18,406,0.08647813038043353,0.07450302237551293,,,,91.57335929147153,0.5020605149009194,,53.011801795862525
INT-0023,Rafael Estrada,2005-01-06,Dominican Republic,2024,Dominican Summer League,Pitcher,19,150,0.17591768454769066,0.10275982655195517,,,,87.91990960424464,0.46695502566390273,,50.18218218277641
INT-0023,Rafael Estrada,2005-01-06,Dominican Republic,2025,Dominican Summer League,Pitcher,20,549,0.09468195458227825,0.06584189465157711,,,,88.65358126321436,0.4831522258668293,,67.01934993910456
INT-0024,Ji-ho Choi,2007-03-07,Dominican Republic,2023,Dominican Summer League,Pitcher,16,115,0.26874357780605906,0.08428303176982949,,,,92.50807447230349,0.4737399229983203,,39.17240265648386
INT-0024,Ji-ho Choi,2007-03-07,D.R.,2024,Complex League,Pitcher,17,89,0.28316833862712665,0.08291655046745025,,,,91.6321246924539,0.44457698055724937,,42.54250555474871
INT-0024,Ji-ho Choi,2007-03-07,Dominican Republic,2025,Dominican Summer League,Pitcher,18,198,0.31843447603396746,0.12348633160287728,,,,92.28364291503097,0.42662772917244696,,42.544914280677446
INT-0025,REN DOMINGUEZ,2001-12-09,Cuba,2022,Independent,Position Player,21,351,0.25866115323086947,0.06653616045248353,0.0858913230299169,0.7716645180345183,0.30136826881483936,,,25.36116408211717,44.55565804583597
,Ren Dominguez,2001-12-09,Cuba,2023,Cuban National Series,Position Player,22,122,0.2183651832830839,0.09987699086192435,0.14218778501682028,0.7434446119608557,0.27542772024730133,,,25.68759458110017,49.90763603172876
INT-0025,REN DOMINGUEZ,2001-12-09,Cuba,2024,Cuban National Series,Position Player,23,619,0.21544202482636515,0.05872077608174531,0.1490226667331265,0.7604447715375717,0.30354941373135186,,,26.04068438129149,46.79969568379662
INT-0025,Ren Dominguez,2001-12-09,Cuba,2025,Independent,Position Player,24,179,0.20011669217740388,0.07979675089840932,0.20460498458443646,0.7695262184022539,0.27537549778888704,,,25.953060512625466,49.75659173619075
INT-0026,Seong-hyun Ramirez,2001-04-02,Venezuela,2022,Complex League,Position Player,21,429,0.26003717073084526,0.0791129090347604,0.02,0.7463211785556289,0.2846185160190945,,,27.280438895797108,62.35993311754808
INT-0026,Seong-hyun Ramirez,2001-04-02,Venezuela,2023,Dominican Summer League,Position Player,22,126,0.2487957587103543,0.0987748109853639,0.05954332596615069,0.7369330432092603,0.2851451785024984,,,27.31376884646027,63.86693657268466
INT-0026,Seong-hyun Ramirez,2001-04-02,Venezuela,2024,Dominican Summer League,Position Player,23,226,0.17708716217005915,0.1022119068099333,0.07767605287491582,0.7618315749911719,0.24736664339920283,,,28.542096451203435,61.65454717258668
INT-0026,Seong-hyun Ramirez,2001-04-02,Venezuela,2025,Complex League,Position Player,24,360,0.2867369397937649,0.09637281694734968,0.13283737788532474,0.7848417157226516,0.28746435027065254,,,26.738902919771405,70.43756976740464
INT-0027,Diego Tanaka,2005-11-24,Dominican Republic,2022,Complex League,Position Player,17,138,0.22051018065096462,0.09507825746099903,0.14791358055782747,0.7588523122480787,0.2690894888707419,,,26.546259078622292,63.594249194104314
INT-0027,Diego Tanaka,2005-11-24,DOM,2023,Complex League,Position Player,18,557,0.1846049342233585,0.06812358739212723,0.16432630168292137,0.7960071669404135,0.29998183836101955,,,26.273484984590223,48.83903588374565
INT-0027,Diego Tanaka,2005-11-24,Dominican Republic,2024,Complex League,Position Player,19,115,0.23917716960245716,0.08383708557405768,0.156696421156132,0.7526087377506991,0.29422700172755756,,,27.385830518001494,69.70145789813978
INT-0027,Diego Tanaka,2005-11-24,Dominican Republic,2025,Complex League,Position Player,20,275,0.21087774999995598,0.09419675679196463,0.1657754886271294,0.7570413195495141,0.274826037277845,,,27.50878018349776,53.48403891440576
INT-0028,Andres Lopez,2004-09-14,Japan,2023,NPB Farm,Pitcher,19,286,0.17963683313413537,0.11037258007874207,,,,88.44485846637993,0.5182331770101852,,52.754849646484104
INT-0028,Andres Lopez,2004-09-14,Japan,2024,NPB Farm,Pitcher,20,233,0.14491220765620627,0.060382514161882145,,,,88.63591473315246,0.4644191459844232,,52.776213176776736
INT-0028,Andres Lopez,2004-09-14,Japan,2025,Industrial League,Pitcher,21,165,0.18787063898558087,0.048348023054783223,,,,88.70484750394186,0.5092009316642826,,61.22783580848343
,Omar Rojas,2003-10-27,Korea,2022,KBO Futures,Position Player,19,171,0.2901086451020888,0.05396338155946094,0.07130620361730691,0.7611132750018105,0.2626315065808838,,,24.608316054072034,37.62232631711279
INT-0029,Omar Rojas,2003-10-27,Korea,2023,KBO Futures,Position Player,20,245,0.21192110582081644,0.08433104697632456,0.05573948378966797,0.7280046358026186,0.3482754921359942,,,25.088953875932663,34.76988592501511
INT-0029,Omar Rojas,2003-10-27,South Korea,2024,KBO Futures,Position Player,21,598,0.24264040262851447,0.09351831503822507,0.056457532378917055,0.7282866934360154,0.296398821628802,,,24.61834388999263,39.75568660344549
INT-0029,Omar Rojas,2003-10-27,South Korea,2025,KBO Futures,Position Player,22,519,0.2521638929210736,0.0967039361241255,0.05126642240254921,0.7197661265903184,0.26391889687997483,,,24.47110918448879,41.136070074416914
INT-0030,Adrian Vargas,2005-10-25,Venezuela,2024,Dominican Summer League,Position Player,19,281,0.29334569630555196,0.055627693583767956,0.1779698452316558,0.7310750505224648,0.3764061557445311,,,26.03740685670961,40.46078694811315
,ADRIAN VARGAS,2005-10-25,Venezuela,2025,Complex League,Position Player,20,363,0.2588732620937513,0.07583339131478495,0.1828482005411024,0.6406922644113251,0.3392676706310801,,,25.709901456197006,50.575134405649855
INT-0031,Kaito Perez,2005-05-20,South Korea,2024,KBO Futures,Position Player,19,161,0.26130541577169053,0.10118388154710725,0.13450585430861967,0.7741512490115439,0.3204676949618422,,,25.753682462370314,38.53668043841659
INT-0031,Kaito Perez,2005-05-20,South Korea,2025,Independent,Position Player,20,144,0.18596494189699547,0.09637921800167365,0.09752905273016343,0.7515237837026503,0.27617194030184805,,,25.137451624937437,39.74868851825962
INT-0032,Nicolas Ramirez,2000-07-26,Venezuela,2022,Dominican Summer League,Position Player,22,356,0.2399954000051891,0.10708217819743719,0.09303707333682826,0.749173658071328,0.23587457007012094,,,26.73915721611811,60.41652973298955
INT-0032,Nicolas Ramirez,2000-07-26,Venezuela,2023,Dominican Summer League,Position Player,23,160,0.2290547799826421,0.0965909341685147,0.11269690957724071,0.7403694889470913,0.2797294271898438,,,25.74298823531549,44.98522277647024
INT-0032,Nicolas Ramirez,2000-07-26,Venezuela,2024,Complex League,Position Player,24,236,0.13942008431428365,0.08871714496039732,0.11577377080470473,0.7658141017089184,0.2857850710043913,,,26.7415379698182,47.409384077724475
,Nicolas Ramirez,2000-07-26,Venezuela,2025,Complex League,Position Player,25,239,0.21287780204560985,0.10390202144879006,0.15482800409560948,0.7552452077080928,0.2875848420878355,,,24.994901986385514,51.08226450111566
INT-0033,Felix Choi,2003-08-01,Mexico,2022,Mexican League,Pitcher,19,585,0.23217845814283872,0.08232341965051329,,,,88.15527028203476,0.49628996479048654,,35.68449421757052
INT-0033,FELIX CHOI,2003-08-01,MEX,2023,Mexican League,Pitcher,20,501,0.18621959498762777,0.08290482846431634,,,,90.6256668268514,0.4764649461863742,,30.564237398647666
INT-0033,Felix Choi,2003-08-01,Mexico,2024,Mexican Pacific League,Pitcher,21,202,0.20678919028368173,0.05207778562247094,,,,91.21064354202909,0.4943199882813551,,43.52959661260993
INT-0033,Felix Choi,2003-08-01,Mexico,2025,Mexican League,Pitcher,22,258,0.22860044830588094,0.08439345711037394,,,,88.34898301954031,0.5482854261431018,,42.604920146516875
,Mateo Quintero,2002-12-02,South Korea,2022,KBO Futures,Pitcher,20,113,0.1517793818127768,0.06700582312548814,,,,86.66030170756227,0.48162292275864704,,51.494132968682145
INT-0034,Mateo Quintero,2002-12-02,KOR,2023,Independent,Pitcher,21,556,0.15194468922929164,0.09271706252663127,,,,89.69467880160109,0.49746465950018043,,56.79674449068755
,  Mateo Quintero ,2002-12-02,South Korea,2024,KBO Futures,Pitcher,22,604,0.18492688558654857,0.09012268439001381,,,,88.97455932454214,0.4662739532295521,,60.5046085592724
INT-0034,MATEO QUINTERO,2002-12-02,South Korea,2025,Independent,Pitcher,23,249,0.23965192200880595,0.07266522985208203,,,,90.85922628309196,0.48603052118001144,,56.69141108110011
INT-0035,Esteban Herrera,2006-03-01,Dominican Republic,2025,Complex League,Position Player,19,192,0.24839493453316883,0.08952770889151732,0.10924724750076717,0.6987528171266358,0.2898840486627128,,,25.970778010748155,47.95556873362331
INT-0036,GABRIEL CHOI,2007-12-04,Dominican Republic,2025,Complex League,Position Player,18,549,0.2575671714622853,0.1005022760740397,0.169915693586683,0.7296869436809161,0.2707616553649389,,,26.275700842087595,48.18310806951876
INT-0037,Seong-hyun Nakamura,1999-09-15,Dominican Rep.,2022,Dominican Summer League,Pitcher,23,135,0.19401880240861039,0.11669150127785577,,,,85.93478543635584,0.48073467831651984,,37.59293035575612
INT-0037,Seong-hyun Nakamura,1999-09-15,Dominican Republic,2023,Dominican Summer League,Pitcher,24,207,0.13947802203560858,0.0941594592708448,,,,87.51384531425991,0.5264830135935938,,45.04307964797013
INT-0037,Seong-hyun Nakamura,1999-09-15,Dominican Republic,2024,Complex League,Pitcher,25,385,0.10780982910179199,0.0841038523496607,,,,86.92194238953034,0.4780592400307859,,49.96432645945036
INT-0037,SEONG-HYUN NAKAMURA,1999-09-15,Dominican Republic,2025,Complex League,Pitcher,26,523,0.16791936546991304,0.08628407623347938,,,,85.84288215686713,0.48283249996223804,,41.37923549415791
INT-0038,Jorge Fernandez,2002-12-16,Dominican Republic,2022,Complex League,Pitcher,20,184,0.11881836896134781,0.09968176156172753,,,,91.19335629363019,0.42322374756089787,,53.19275202033755
INT-0038,Jorge Fernandez,2002-12-16,Dominican Republic,2023,Dominican Summer League,Pitcher,21,344,0.2262384278863898,0.10528568130714763,,,,91.98573048406608,0.48730585134272686,,48.69115235577615
INT-0038,Jorge Fernandez,2002-12-16,Dominican Republic,2024,Complex League,Pitcher,22,474,0.18724762669190295,0.12957946970100237,,,,91.03471509077511,0.4536395150580005,,50.01613394494758
INT-0038,Jorge Fernandez,2002-12-16,Dominican Republic,2025,Complex League,Pitcher,23,408,0.24573358097953527,0.0887511293750848,,,,90.13677494916769,0.5332630389600834,,53.005552508937974
INT-0039,Nicolas Yamamoto,2000-02-13,Japan,2022,Industrial League,Position Player,22,129,0.18922852689419903,0.10250743692480929,0.23207552463055534,0.7518446171412885,0.26280197206883116,,,28.062314455847076,66.60798421008404
INT-0039,  Nicolas Yamamoto ,2000-02-13,Japan,2023,NPB Farm,Position Player,23,424,0.19997970859464478,0.12724126923105908,0.16770098525862231,0.7860576793405935,0.22294376488013945,,,27.271580994680775,65.95768847284295
INT-0039,Nicolas Yamamoto,2000-02-13,Japan,2024,Industrial League,Position Player,24,159,0.17435091840247827,0.08664716909046102,0.10758875734611162,0.7799277671820499,0.21399979094243554,,,27.908423345767154,71.19695955045846
INT-0039,Nicolas Yamamoto,2000-02-13,Japan,2025,Industrial League,Position Player,25,411,0.19682937946466217,0.12035540075667438,0.1827047180404136,0.7458433458689734,0.2764036123470491,,,27.916424799022437,72.9897511524587
INT-0040,Ji-ho Mori,2000-05-23,Mexico,2022,Mexican Pacific League,Position Player,22,500,0.289631505326368,0.042794540975841705,0.023490424577505064,0.7531859783871759,0.30893043889646155,,,25.477915352057273,41.91769305373496
INT-0040,Ji-ho Mori,2000-05-23,Mexico,2023,Mexican Pacific League,Position Player,23,208,0.2821498808063707,0.08156483037753005,0.08706904305548008,0.7110789220482108,0.400773927410191,,,26.318506674800886,48.39498584251947
INT-0040,Ji-ho Mori,2000-05-23,MEX,2024,Mexican League,Position Player,24,527,0.27656441049298064,0.053036487549691126,0.07489624336420324,0.6820303377239348,0.2777156706512524,,,25.788512917023738,49.82659495683409
INT-0040,Ji-ho Mori,2000-05-23,Mexico,2025,Mexican League,Position Player,25,183,0.21375668318387797,0.04446085370312178,0.09146807458481239,0.6997372873304858,0.3318749130393477,,,26.353485697670557,44.55401109736935
INT-0041,Isaac Vargas,2004-08-17,JPN,2022,NPB Farm,Position Player,18,145,0.26278728962777914,0.06987836365182223,0.11652644280206095,0.7317261073897401,0.2993018015115272,,,25.28042972259987,42.76121593676383
INT-0041,Isaac Vargas,2004-08-17,Japan,2023,Industrial League,Position Player,19,260,0.1854681936623552,0.10049029622974331,0.1957874746158758,0.7646568585863317,0.3083012877646841,,,24.605235331290913,41.09406393267883
INT-0041,Isaac Vargas,2004-08-17,Japan,2024,NPB Farm,Position Player,20,429,0.23219248199789466,0.1207283717646411,0.18166351997790986,0.7709617742264239,0.25913528517405426,,,25.96459352929208,45.309840600118704
INT-0041,Isaac Vargas,2004-08-17,JPN,2025,Industrial League,Position Player,21,149,0.22371704579939589,0.11207177556758784,0.17277151675870459,0.7248078856590248,0.26841021421037414,,,25.53799695864426,34.551564907422346
INT-0042,NICOLAS HAN,2005-07-08,Colombia,2024,Complex League,Position Player,19,370,0.2409312409028121,0.07767991248717439,0.1496184723884954,0.7184022145582245,0.32870830903056775,,,26.729900815644108,63.762532494539535
INT-0042,Nicolas Han,2005-07-08,Colombia,2025,Complex League,Position Player,20,252,0.26049028058712015,0.07542856954591455,0.14200396662721088,0.663755468125364,0.31188385831444004,,,26.09810531565527,49.83244199954465
INT-0043,Marco Fernandez,2007-01-12,VZ,2025,Complex League,Position Player,18,323,0.2306893465875901,0.0839618591045628,0.06250387791236647,0.7857982182166271,0.22159500271699073,,,26.678727640013836,55.01502300303579
INT-0044,Andres Mendez,2005-09-04,South Korea,2023,Independent,Pitcher,18,555,0.19683033399690014,0.13911484101708074,,,,87.7156022442879,0.5178538205486176,,49.337809818567145
INT-0044,ANDRES MENDEZ,2005-09-04,South Korea,2024,Independent,Pitcher,19,423,0.22792809974430725,0.09901339972777663,,,,88.45767357226073,0.4717173734709491,,54.71357785334688
INT-0044,Andres Mendez,2005-09-04,South Korea,2025,Independent,Pitcher,20,475,0.24653010946954604,0.0727560656664783,,,,88.98272977434473,0.4602218479581556,,48.853632175855324
INT-0045,Ren Fernandez,2007-07-06,Cuba,2025,Cuban National Series,Position Player,18,323,0.2519663647317763,0.08701519446927063,0.17706314699136183,0.7546085354133989,0.2601324278514431,,,27.895475863586555,59.670094536300994
INT-0046,Marco Sanchez,2001-11-26,Dominican Republic,2022,Complex League,Pitcher,21,198,0.08,0.09407906962590808,,,,84.40962359905035,0.4985741736714849,,49.575912141338684
INT-0046,Marco Sanchez,2001-11-26,Dominican Republic,2023,Complex League,Pitcher,22,463,0.16087291395532266,0.10681872632032172,,,,85.863434284756,0.4611674331281503,,50.844608239606366
INT-0046,Marco Sanchez,2001-11-26,Dominican Republic,2024,Complex League,Pitcher,23,382,0.12538041264290195,0.08738600237001581,,,,87.8435745215646,0.5541230225826067,,39.03242346016418
INT-0046,Marco Sanchez,2001-11-26,Dominican Republic,2025,Dominican Summer League,Pitcher,24,549,0.13861636168463698,0.08027394285532334,,,,87.48574306465136,0.5145293074064909,,46.98099172814414
INT-0047,Seong-hyun Park,2002-09-22,Mexico,2022,Mexican League,Position Player,20,402,0.22515653286480286,0.06738717745643659,0.1674769325116473,0.7088101523668235,0.31719604794342693,,,25.99975415124191,64.44362946059653
INT-0047,Seong-hyun Park,2002-09-22,Mexico,2023,Mexican Pacific League,Position Player,21,588,0.2753182289040116,0.08402603357384936,0.1493526838399359,0.706258511015013,0.29076907516886275,,,26.474430675923017,51.218615568429236
INT-0047,Seong-hyun Park,2002-09-22,Mexico,2024,Mexican Pacific League,Position Player,22,301,0.24678478261782416,0.06600341042655979,0.15409710460028608,0.7061247771334995,0.3192374376434398,,,25.875704789651216,52.12665871481091
INT-0047,SEONG-HYUN PARK,2002-09-22,Mexico,2025,Mexican League,Position Player,23,579,0.24912603045358545,0.09707173373354241,0.1734806416125012,0.7411833986519771,0.35538755188417254,,,26.107958141036875,52.045422252229685
INT-0048,Ren Choi,2001-08-04,Venezuela,2022,Complex League,Position Player,21,408,0.2818139270157179,0.07462072292637958,0.05041910546203557,0.7225290883032996,0.3376351173866744,,,25.443900931313923,46.96943566987134
INT-0048,Ren Choi,2001-08-04,Venezuela,2023,Dominican Summer League,Position Player,22,118,0.2438836331545452,0.05359447201749,0.08513247388255683,0.7239229320338497,0.3247726746015757,,,25.95149043041676,42.16919196427646
INT-0048,Ren Choi,2001-08-04,Venezuela,2024,Complex League,Position Player,23,123,0.27152233814788795,0.059801665543498556,0.11058758806934454,0.7347876263608705,0.2897218540672911,,,26.495218544391378,49.512673767057116
INT-0048,REN CHOI,2001-08-04,Venezuela,2025,Complex League,Position Player,24,104,0.2609731954257007,0.07660267272359508,0.10036919697215035,0.7332086152799488,0.2761689005304221,,,25.362171730455007,39.70483464870239
INT-0049,Hector Garcia,2005-06-12,Dominican Republic,2022,Dominican Summer League,Position Player,17,393,0.21159908355370863,0.07820681265607678,0.12277536064804456,0.7711583605999978,0.3261786429823307,,,26.428999189891748,47.07075455236816
INT-0049,HECTOR GARCIA,2005-06-12,DOM,2023,Dominican Summer League,Position Player,18,495,0.24030319040152073,0.08551840830059503,0.08929584092658202,0.7193206189872674,0.26307345432890183,,,27.26573892559437,64.98255734171184
INT-0049,HECTOR GARCIA,2005-06-12,DOM,2024,Complex League,Position Player,19,530,0.2275911858783876,0.08740321789484667,0.10997579171547894,0.7307104662403804,0.25272019834860876,,,26.61340706330389,58.60026632245124
INT-0049,Hector Garcia,2005-06-12,Dominican Republic,2025,Dominican Summer League,Position Player,20,425,0.23488690259497164,0.09445976591921537,0.13998957610028478,0.7184294352424256,0.2731749089276713,,,26.312285326402055,50.59472030778884
,Kenji Sanchez,2003-09-08,South Korea,2022,KBO Futures,Position Player,19,495,0.29017037710807975,0.07303151729008905,0.12085786149226971,0.7112039665645091,0.3188813634390926,,,26.105974761282205,57.15936361934215
INT-0050,Kenji Sanchez,2003-09-08,South Korea,2023,Independent,Position Player,20,115,0.25910434926114206,0.050857547772670667,0.10485170997840668,0.7112316752994599,0.3244833383325075,,,26.876715824664814,60.761822850433695
INT-0050,Kenji Sanchez,2003-09-08,South Korea,2024,Independent,Position Player,21,204,0.25312304631186555,0.07087369454275422,0.12122283207452388,0.7260137517702939,0.3772817451238867,,,26.69485895086025,59.90816261317153
INT-0050,KENJI SANCHEZ,2003-09-08,South Korea,2025,KBO Futures,Position Player,22,265,0.2746817642001898,0.048404072226442996,0.15140854987574234,0.7676507843300477,0.25916923681839604,,,27.55911917527411,43.17539370791563
INT-0051,Jorge Mendez,2006-09-27,Panama,2024,Complex League,Pitcher,18,253,0.19365992627486237,0.14525856213429983,,,,87.61576978511147,0.38217127741499274,,43.21076645691867
INT-0051,Jorge Mendez,2006-09-27,Panama,2025,Panamanian League,Pitcher,19,360,0.13506974034630226,0.13156708321923552,,,,89.04388008613496,0.3984496892144591,,44.077088641610985
INT-0052,Yun-seo Ramirez,1999-10-18,Panamá,2022,Panamanian League,Position Player,23,496,0.25610000643081404,0.07489183053119601,0.10629512814541389,0.7201906615032083,0.3073969437966074,,,26.61893200130393,59.339212852987494
INT-0052,Yun-seo Ramirez,1999-10-18,Panama,2023,Complex League,Position Player,24,490,0.23653473347330073,0.08079282011765603,0.10172337422755941,0.7119862510094406,0.30096196542458264,,,26.102626643573426,46.54004702599118
INT-0052,Yun-seo Ramirez,1999-10-18,Panama,2024,Panamanian League,Position Player,25,362,0.23542198338131506,0.06451397196985273,0.07365546403021454,0.6817365578417025,0.34264123353807735,,,27.324099092643255,58.21277870086004
INT-0052,Yun-seo Ramirez,1999-10-18,Panama,2025,Panamanian League,Position Player,26,450,0.2558881466895777,0.11329716368409208,0.1248397153358735,0.720658847932976,0.2841904141417543,,,25.232357773469715,54.25607402240523
INT-0053,Isaac Dominguez,2004-10-01,Japan,2023,Industrial League,Position Player,19,335,0.24747483921782434,0.09502663048483857,0.07594351817804931,0.7279215620800299,0.3059755023501875,,,24.157577485157685,53.847384717739736
INT-0053,ISAAC DOMINGUEZ,2004-10-01,Japan,2024,Industrial League,Position Player,20,416,0.22846577194682252,0.09349034722599858,0.10571232688180655,0.7537642711388535,0.358952569217975,,,26.291691124218282,53.34956666586253
INT-0053,Isaac Dominguez,2004-10-01,Japan,2025,Industrial League,Position Player,21,333,0.21196238336762938,0.11440700924991345,0.08699113024524613,0.7504423883464013,0.22815375855386272,,,26.487280797097828,56.11953171782924
INT-0054,Omar Torres,2005-05-19,Japan,2024,Industrial League,Pitcher,19,610,0.28419781359954654,0.13310352512185508,,,,92.90371632938846,0.3985164044590912,,23.192460184456507
,Omar Torres,2005-05-19,Japan,2025,NPB Farm,Pitcher,20,598,0.31141625424146263,0.10406761699593553,,,,92.60984087564759,0.4282895599941432,,30.196522160796246
INT-0055,Luis Ortega,2006-03-19,Dominican Republic,2022,Dominican Summer League,Position Player,16,598,0.32554438437623834,0.056855665004875405,0.13799593663899504,0.6804619642445766,0.3741767195721082,,,26.491117326257086,56.34099435725665
INT-0055,Luis Ortega,2006-03-19,Dominican Republic,2023,Dominican Summer League,Position Player,17,386,0.27979540171546824,0.06645853388025683,0.1470297060616809,0.7309005970253052,0.3130569802602017,,,26.37845097154333,48.34635910792589
INT-0055,  Luis Ortega ,2006-03-19,Dominican Republic,2024,Dominican Summer League,Position Player,18,523,0.24355817774073785,0.056427425281706585,0.19687396204808594,0.7318051182202472,0.3239006713916298,,,26.271715182755667,62.098238032082314
INT-0055,Luis Ortega,2006-03-19,Dominican Republic,2025,Dominican Summer League,Position Player,19,203,0.24146990351394257,0.07614266310224138,0.14000745296947587,0.674286963410682,0.3358828243078274,,,27.28594974571323,55.35904049319624
INT-0056,CARLOS VARGAS,2005-08-02,Panamá,2022,Complex League,Position Player,17,440,0.241108595436089,0.10917129240671516,0.12136759054982899,0.7982806145472118,0.27862375513396215,,,25.59214034363817,49.969381244417676
INT-0056,CARLOS VARGAS,2005-08-02,Panama,2023,Panamanian League,Position Player,18,426,0.19196030110023654,0.10174985783836307,0.04287073309899511,0.7943871695461191,0.27864140252103636,,,27.504093521841853,47.09063061295703
INT-0056,Carlos Vargas,2005-08-02,PAN,2024,Panamanian League,Position Player,19,478,0.13333773300386495,0.12134955137297124,0.08975998768027582,0.7863292165385766,0.21400051418252253,,,25.48213197330601,48.0886623619727
INT-0056,Carlos Vargas,2005-08-02,Panama,2025,Complex League,Position Player,20,417,0.21345697742467729,0.118639518378313,0.12314900992213682,0.8179234229802775,0.2716530818640084,,,26.28222960763396,42.65348014437983
INT-0057,Gabriel Ramirez,2003-06-24,Mexico,2022,Mexican Pacific League,Pitcher,19,492,0.2452429548145648,0.14282868414245495,,,,90.40976674177371,0.4215145750137192,,49.67444998796782
,Gabriel Ramirez,2003-06-24,Mexico,2023,Mexican Pacific League,Pitcher,20,285,0.2797330008147212,0.12047375832109122,,,,92.36248136870886,0.45737745326811347,,47.81367397145762
INT-0057,GABRIEL RAMIREZ,2003-06-24,Mexico,2024,Mexican Pacific League,Pitcher,21,357,0.2595474662163734,0.13370054031605744,,,,89.45248870353139,0.4571650259975559,,47.842000502209686
INT-0057,Gabriel Ramirez,2003-06-24,MEX,2025,Mexican Pacific League,Pitcher,22,578,0.22069169401451033,0.12428042101658678,,,,92.3962463988479,0.5138966472137205,,54.515729213684345
INT-0058,Kenji Quintero,2000-08-17,Mexico,2022,Mexican League,Position Player,22,553,0.2842840520731763,0.06496900528205748,0.07853819396663063,0.6930258820574461,0.3323559142744195,,,27.78541131460735,55.48789427786069
INT-0058,Kenji Quintero,2000-08-17,Mexico,2023,Mexican League,Position Player,23,351,0.2725048683938488,0.07545335171648963,0.09234011988277173,0.715779711715907,0.33197939345576166,,,26.706518168764934,57.815231631900346
INT-0058,Kenji Quintero,2000-08-17,Mexico,2024,Mexican Pacific League,Position Player,24,297,0.23181158156310494,0.05058596940166023,0.07191403218543782,0.7054970343475802,0.3416847774192127,,,27.052960729382846,58.42661885441704
INT-0058,Kenji Quintero,2000-08-17,Mexico,2025,Mexican League,Position Player,25,178,0.2273880001583911,0.05529454654813623,0.13985816898765516,0.7197131184378543,0.3297267946451299,,,25.472870573679867,50.588629740256685
INT-0059,Felix Lee,2006-06-26,South Korea,2025,Independent,Position Player,19,512,0.228670571204675,0.09050866605224618,0.20903932983477236,0.6622853724233728,0.32696339310128336,,,24.441411699434486,48.30101924379168
INT-0060,Min-jun Torres,2007-12-20,Venezuela,2023,Dominican Summer League,Pitcher,16,424,0.20824856917319087,0.13939990270396732,,,,85.67369688579726,0.4518645202738638,,41.9541791810038
INT-0060,MIN-JUN TORRES,2007-12-20,Venezuela,2024,Dominican Summer League,Pitcher,17,278,0.22811187697126034,0.15068172706355867,,,,88.03047684399671,0.41249411001288866,,42.478107265776366
,MIN-JUN TORRES,2007-12-20,Venezuela,2025,Complex League,Pitcher,18,546,0.13551790511023817,0.12533965267307398,,,,90.07903002946135,0.4178261181761589,,46.69295078783006
INT-0061,Yun-seo Dominguez,2007-09-13,Venezuela,2023,Dominican Summer League,Pitcher,16,142,0.20778081928391912,0.07075790152516401,,,,91.27965034388218,0.4705370361404348,,53.610165251936536
INT-0061,Yun-seo Dominguez,2007-09-13,Venezuela,2024,Dominican Summer League,Pitcher,17,320,0.18663804695409114,0.10907975116984564,,,,90.57094125977979,0.49156268775858575,,58.65354341273442
INT-0061,Yun-seo Dominguez,2007-09-13,Venezuela,2025,Complex League,Pitcher,18,475,0.25931869198339047,0.07153442709799157,,,,91.94244451494494,0.49454506829502,,56.294758507173285
INT-0062,Carlos Torres,2002-06-15,Venezuela,2022,Dominican Summer League,Pitcher,20,583,0.1482154167563049,0.10500619987104855,,,,84.80350616204461,0.463927610823702,,62.0920784388513
INT-0062,Carlos Torres,2002-06-15,Venezuela,2023,Complex League,Pitcher,21,609,0.0868184004116207,0.10901147434200674,,,,89.25853359822855,0.5090941050544332,,61.413184461487035
INT-0062,Carlos Torres,2002-06-15,VZ,2024,Dominican Summer League,Pitcher,22,127,0.24845800545598654,0.09769732263232686,,,,86.16393764460064,0.44497690791900635,,63.786978617352304
INT-0062,Carlos Torres,2002-06-15,VZ,2025,Complex League,Pitcher,23,304,0.15805974538953196,0.08763324824617705,,,,86.80274618203273,0.533829515541457,,59.862241791001985
INT-0063,Hector Herrera,2003-01-14,Venezuela,2022,Dominican Summer League,Position Player,19,349,0.23269612895366545,0.09721717997191334,0.11244786738635493,0.7096935589551507,0.3026045708286487,,,26.763355745557835,62.60415139517893
INT-0063,Hector Herrera,2003-01-14,Venezuela,2023,Dominican Summer League,Position Player,20,163,0.20594573448647258,0.06335710563585067,0.166214575705759,0.74420811056498,0.2958653662967064,,,24.753725320079827,65.1072948440061
INT-0063,Hector Herrera,2003-01-14,Venezuela,2024,Dominican Summer League,Position Player,21,248,0.23659626612518125,0.06946043965905688,0.10851847469185247,0.7081440028440262,0.30847184128786675,,,26.901442428610206,64.33008000630694
INT-0063,  Hector Herrera ,2003-01-14,Venezuela,2025,Dominican Summer League,Position Player,22,385,0.23365439066399935,0.10387461906749823,0.18846081426439737,0.7268865514679458,0.30915966233499514,,,26.410335715971232,54.08692607142794
INT-0064,Seong-hyun Benitez 2,2003-03-03,Dominican Republic,2022,Dominican Summer League,Position Player,19,190,0.27993971370021703,0.09437165429302288,0.12495356142665806,0.6654775619663895,0.33407600257638825,,,25.93996890361467,51.5216384594706
INT-0064,Seong-hyun Benitez 2,2003-03-03,Dominican Republic,2023,Dominican Summer League,Position Player,20,460,0.26891692128120803,0.053770041719835016,0.15692449993314078,0.7140468453367302,0.35968443774696046,,,25.90739015602205,49.80071153412353
INT-0064,Seong-hyun Benitez 2,2003-03-03,DOM,2024,Dominican Summer League,Position Player,21,290,0.2719514065086308,0.065512658049862,0.12589460945978154,0.6577487242839224,0.3496377822874632,,,26.065905741393422,46.379092228289124
INT-0064,Seong-hyun Benitez 2,2003-03-03,Dominican Republic,2025,Complex League,Position Player,22,542,0.3190460267596969,0.06495785887710129,0.13574381862453055,0.6887233426136986,0.3135314079619001,,,25.63884693083335,41.80963383243604
INT-0065,Ruben Choi,2004-06-27,Dominican Rep.,2022,Complex League,Position Player,18,470,0.18209949087079738,0.09056719265462089,0.2392031249421156,0.8107456883594536,0.2334852570667285,,,25.032928484368114,37.461407967058484
INT-0065,Ruben Choi,2004-06-27,Dominican Republic,2023,Dominican Summer League,Position Player,19,594,0.2464549352704867,0.10447697692790572,0.2086247138045999,0.6972282801380633,0.2684972119910603,,,26.61740680514107,49.7038421677104
INT-0065,Ruben Choi,2004-06-27,Dominican Republic,2024,Complex League,Position Player,20,402,0.18140389391782838,0.09942495335577699,0.10162310055512767,0.7422771845024713,0.2662380221074383,,,25.813008671247356,33.80662621454028
INT-0065,Ruben Choi,2004-06-27,Dominican Republic,2025,Dominican Summer League,Position Player,21,161,0.23795829092002932,0.09810054130599058,0.19457487312939714,0.7962752109180029,0.22732821226054695,,,25.11974559749464,41.67457176332443
INT-0066,Mateo Perez,2006-01-20,Venezuela,2023,Dominican Summer League,Pitcher,17,492,0.17755906768497143,0.11747204091917407,,,,90.9641341994828,0.43531105855883917,,40.4871062408649
INT-0066,Mateo Perez,2006-01-20,Venezuela,2024,Complex League,Pitcher,18,360,0.24957546743884873,0.09986667631442905,,,,88.88699868028725,0.4919232822904085,,45.170695356269455
INT-0066,Mateo Perez,2006-01-20,Venezuela,2025,Complex League,Pitcher,19,233,0.2552052217089842,0.09461001529827191,,,,91.8817918764876,0.45919934682077623,,40.74381515896151
INT-0067,Daniel Mori,2005-09-02,Dominican Republic,2022,Complex League,Pitcher,17,173,0.17951753900431408,0.12617547197210158,,,,89.13915452249624,0.4590483269673298,,49.091196236110044
INT-0067,Daniel Mori,2005-09-02,Dominican Republic,2023,Dominican Summer League,Pitcher,18,404,0.1763319271425448,0.11493573408771668,,,,90.95180626831143,0.44210554559508813,,47.60720215738869
INT-0067,Daniel Mori,2005-09-02,Dominican Republic,2024,Dominican Summer League,Pitcher,19,185,0.2859981292401139,0.12486825255902075,,,,89.72965797181598,0.4663923961124093,,55.506918442257785
INT-0067,Daniel Mori,2005-09-02,Dominican Republic,2025,Complex League,Pitcher,20,368,0.19341372892232375,0.09886328915833777,,,,89.83709035671491,0.46586168552612517,,49.30030996227655
,Rafael Han,2000-08-05,Colombia,2022,Colombian Winter League,Position Player,22,123,0.2692777874483783,0.06195647863341912,0.10195697337970697,0.6480303760561327,0.34092737827125585,,,28.425203224072188,53.47639341080667
INT-0068,Rafael Han,2000-08-05,Colombia,2023,Colombian Winter League,Position Player,23,353,0.2798428594146473,0.10621516571154738,0.11837199765374332,0.6753770636951275,0.3297126824667746,,,25.57653073826633,60.69379296272457
INT-0068,Rafael Han,2000-08-05,Colombia,2024,Colombian Winter League,Position Player,24,449,0.26284431759542104,0.06188817642703644,0.06420358203612674,0.6629495743669355,0.28654492601824205,,,26.48175095857687,59.870943359993596
INT-0068,Rafael Han,2000-08-05,Colombia,2025,Complex League,Position Player,25,201,0.27952693183727506,0.10437887274359076,0.05032296738439511,0.7065880598110539,0.3446064380325601,,,25.468462862711387,58.243194051235704
,Diego Herrera 2,2004-08-06,Cuba,2022,Independent,Pitcher,18,142,0.28370215010730626,0.09705754954680637,,,,89.08481688081667,0.45648249808228664,,65.18346964498409
INT-0069,Diego Herrera 2,2004-08-06,Cuba,2023,Cuban National Series,Pitcher,19,226,0.2211512700516371,0.08637565808773406,,,,91.40406848923398,0.49097159196276713,,67.93532774889741
,Diego Herrera 2,2004-08-06,Cuba,2024,Independent,Pitcher,20,206,0.24858409153371447,0.06573246874381279,,,,92.15436313907902,0.4912381649805279,,59.95771429733218
,  Diego Herrera 2 ,2004-08-06,Cuba,2025,Independent,Pitcher,21,559,0.2576189613408919,0.08206422967295816,,,,91.87938988165621,0.4962052976868965,,63.53371464509895
INT-0070,Daichi Torres,2002-07-12,Dominican Rep.,2022,Complex League,Position Player,20,244,0.2523911070337881,0.09475078649703332,0.13315749849986352,0.7167707281784824,0.3200389226772959,,,26.87859183898907,45.49059446275707
INT-0070,Daichi Torres,2002-07-12,Dominican Republic,2023,Dominican Summer League,Position Player,21,356,0.2031607085961447,0.11054094805785693,0.1225768819757046,0.7962955770836491,0.27704707169967796,,,25.760488675101055,43.920674640107336
INT-0070,Daichi Torres,2002-07-12,Dominican Republic,2024,Dominican Summer League,Position Player,22,561,0.21145457102742238,0.07559612420111979,0.13388763899075856,0.7195090712150009,0.29626543544655537,,,27.026799342522782,55.09166680218785
,Daichi Torres,2002-07-12,Dominican Republic,2025,Dominican Summer League,Position Player,23,533,0.22534657792925128,0.09150718058489679,0.18311907637074426,0.7479556032921498,0.30782812227848905,,,24.85479847386215,42.96401286948382
INT-0071,Haruto Garcia,2001-03-10,Cuba,2022,Independent,Position Player,21,316,0.23474175567794628,0.09290316114328193,0.03461187216674703,0.7245018810158216,0.27111469621791195,,,25.60330085356996,59.037892805333286
INT-0071,Haruto Garcia,2001-03-10,Cuba,2023,Independent,Position Player,22,489,0.26778074481174463,0.08085208299312097,0.12371097580005432,0.7338440527020154,0.2936201137705259,,,26.44131502547854,37.32440031316458
INT-0071,Haruto Garcia,2001-03-10,Cuba,2024,Cuban National Series,Position Player,23,357,0.25932571680127275,0.0816946014752051,0.03357955671615052,0.7466553299361968,0.2846103472837178,,,27.0247362765447,52.83044836671764
INT-0071,Haruto Garcia,2001-03-10,Cuba,2025,Cuban National Series,Position Player,24,166,0.23798931165842796,0.09078409132982056,0.11630644180959313,0.7449553451623633,0.2856707440839298,,,27.143758818669156,59.67695886403774
INT-0072,Omar Vargas,2005-11-24,Dominican Republic,2024,Complex League,Position Player,19,147,0.19626605015313878,0.10210527208493296,0.10282103372812401,0.7490786776027877,0.27182138197362177,,,27.642434970055763,62.82211806929901
INT-0072,Omar Vargas,2005-11-24,Dominican Rep.,2025,Complex League,Position Player,20,418,0.16791921844373858,0.10986076408168025,0.11639543725768678,0.8360258321438453,0.3001870953409049,,,27.93215694239746,66.38494591034106
,Daichi Han,2002-08-16,Venezuela,2022,Complex League,Pitcher,20,477,0.0944792214148697,0.07776024607412507,,,,87.21760884735261,0.48883928291976,,43.796721712384546
INT-0073,Daichi Han,2002-08-16,Venezuela,2023,Complex League,Pitcher,21,237,0.1770821294043548,0.06977484052771184,,,,87.0537882258093,0.5249880472650643,,45.446417815741185
INT-0073,Daichi Han,2002-08-16,Venezuela,2024,Complex League,Pitcher,22,584,0.21835239385437327,0.08776016727442755,,,,91.1144986253359,0.5365026838147009,,55.23000982707954
INT-0073,Daichi Han,2002-08-16,Venezuela,2025,Dominican Summer League,Pitcher,23,426,0.20164211733450807,0.06401894075962491,,,,89.37832595617739,0.4944272195564009,,44.99069720401668
INT-0074,Isaac Ortega,2001-09-02,Dominican Republic,2022,Complex League,Pitcher,21,373,0.19909175337343993,0.1301359694875609,,,,90.66252922056599,0.47208149879672245,,42.22561603023357
INT-0074,ISAAC ORTEGA,2001-09-02,Dominican Republic,2023,Dominican Summer League,Pitcher,22,279,0.2530591079518187,0.14159564323242796,,,,88.04685671307595,0.44368793515073124,,37.372654587266055
INT-0074,Isaac Ortega,2001-09-02,Dominican Rep.,2024,Dominican Summer League,Pitcher,23,327,0.20985323649280024,0.11053920691505284,,,,90.94195483752091,0.41748908251132055,,42.590996782987546
INT-0074,Isaac Ortega,2001-09-02,Dominican Republic,2025,Dominican Summer League,Pitcher,24,163,0.31877561053882525,0.059779943469547486,,,,90.63746938529309,0.46208803557403744,,34.3537557409472
INT-0075,Ruben Fernandez,2003-04-04,Mexico,2022,Mexican Pacific League,Position Player,19,292,0.21598627193781925,0.0818934711199437,0.07392197468029041,0.747921158270266,0.24055779196260244,,,26.350411941342593,48.249012799443626
INT-0075,RUBEN FERNANDEZ,2003-04-04,Mexico,2023,Mexican Pacific League,Position Player,20,574,0.1987631528403611,0.11011297349710363,0.13948591699046325,0.7249037345662942,0.26776883938803087,,,26.000874707852194,53.8720471557265
INT-0075,Ruben Fernandez,2003-04-04,Mexico,2024,Mexican Pacific League,Position Player,21,140,0.2149452282775653,0.1002063816784715,0.09016361341914181,0.7499631489602174,0.29550005258887496,,,26.235785746805504,48.1489358369203
INT-0075,Ruben Fernandez,2003-04-04,México,2025,Mexican Pacific League,Position Player,22,399,0.19012774815610356,0.0887486485356497,0.09458544701472128,0.7610177507704515,0.24434515715089067,,,26.873258751929693,56.24077713547156
INT-0076,Hector Kim,1999-12-17,Cuba,2022,Cuban National Series,Position Player,23,291,0.2636915696172487,0.06600953578676448,0.09580846773487997,0.6869559635232622,0.2615548567714625,,,25.52802851724107,52.00609340879512
INT-0076,HECTOR KIM,1999-12-17,Cuba,2023,Cuban National Series,Position Player,24,287,0.28943768100142686,0.06066845692298984,0.07677106167755124,0.6809354505493579,0.35468577609090496,,,26.486257642786015,49.21371685732992
INT-0076,Hector Kim,1999-12-17,Cuba,2024,Cuban National Series,Position Player,25,421,0.2648071439282124,0.06678929951719113,0.07349947353177606,0.6802653596764302,0.31631413928670166,,,26.113338098520227,51.58309159413983
INT-0076,Hector Kim,1999-12-17,Cuba,2025,Independent,Position Player,26,421,0.22473520541412362,0.06590276609528019,0.09776874757825213,0.6995097505115033,0.3119345533514585,,,25.603586493092255,45.32637389231454
INT-0077,Kaito Mori,1999-04-13,Mexico,2022,Mexican League,Pitcher,23,330,0.29534205237583216,0.10991298200415403,,,,90.94493713254606,0.47989036335519253,,34.04922780240409
INT-0077,Kaito Mori,1999-04-13,Mexico,2023,Mexican League,Pitcher,24,507,0.24785327049278766,0.10567738024917801,,,,92.63972410031639,0.455785319683766,,38.98692025319587
INT-0077,Kaito Mori,1999-04-13,Mexico,2024,Mexican Pacific League,Pitcher,25,155,0.24453534868465804,0.10677595773771323,,,,91.65025869515047,0.47780175996001933,,52.845405939650874
INT-0077,Kaito Mori,1999-04-13,Mexico,2025,Mexican League,Pitcher,26,258,0.2166519880403223,0.12003644806540456,,,,91.28602851268337,0.5069321064111096,,53.52461931022425
INT-0078,Adrian Kim,2002-02-07,Dominican Republic,2022,Dominican Summer League,Position Player,20,330,0.21107112743542053,0.07649901014814314,0.05400324413185431,0.7236190044497768,0.3222037667885228,,,24.62855390453176,50.06515339631923
INT-0078,Adrian Kim,2002-02-07,Dominican Republic,2023,Complex League,Position Player,21,588,0.22415879368668298,0.09549939351727113,0.1304983623290504,0.7670111071487616,0.28350036090956765,,,25.258769734307947,37.919649029108044
INT-0078,Adrian Kim,2002-02-07,Dominican Republic,2024,Dominican Summer League,Position Player,22,509,0.2260931679106102,0.10885941184018078,0.12497131184363638,0.728118387611704,0.25385994648604415,,,25.437893538947126,30.68289714641236
INT-0078,ADRIAN KIM,2002-02-07,Dominican Republic,2025,Complex League,Position Player,23,301,0.2192392895547744,0.0837932769998567,0.04545990314361696,0.7631416871926635,0.30084520383753527,,,26.299336911022817,47.75028971175282
INT-0079,Kenji Yamamoto,2005-05-15,Cuba,2023,Cuban National Series,Position Player,18,389,0.3240257074236341,0.0653064994772423,0.17426660577878808,0.675308331486641,0.35789438824048553,,,25.73561876525331,45.61068115362825
INT-0079,Kenji Yamamoto,2005-05-15,CUB,2024,Independent,Position Player,19,220,0.2937427109932965,0.05326252098899851,0.128100759259166,0.7318568883635054,0.3752028506845186,,,26.320134985917505,45.95769418410093
INT-0079,Kenji Yamamoto,2005-05-15,Cuba,2025,Independent,Position Player,20,552,0.32023059391219755,0.04173454020396128,0.19625647582045702,0.7457571042810639,0.33244133403190085,,,25.574071841123164,42.4979880229802
INT-0080,Gabriel Sanchez,2006-06-10,Mexico,2022,Mexican League,Position Player,16,463,0.2576640311188131,0.08490611755348096,0.07481537106972001,0.7796057778803948,0.28098857737241184,,,26.213862881906355,50.51187022201469
INT-0080,Gabriel Sanchez,2006-06-10,Mexico,2023,Mexican Pacific League,Position Player,17,315,0.23218423290351378,0.07716986889869444,0.1251915011380106,0.7947306222014795,0.27658471859791806,,,27.18212516289052,51.93482414703522
INT-0080,Gabriel Sanchez,2006-06-10,Mexico,2024,Mexican League,Position Player,18,523,0.23456720903094602,0.08387328369898715,0.16882730906692733,0.7332334800495015,0.29990522604927905,,,26.678612587229498,61.95025002753772
INT-0080,Gabriel Sanchez,2006-06-10,México,2025,Mexican Pacific League,Position Player,19,388,0.2109161991909136,0.09530995593419657,0.11673808695098359,0.7544891372560872,0.2504780720262174,,,28.456972503762398,65.93805358541834
INT-0081,Diego Jimenez,2000-12-01,Dominican Republic,2022,Dominican Summer League,Pitcher,22,128,0.17383475687864805,0.07913558791126228,,,,90.27739805760089,0.5230180189149983,,46.62355333428082
,DIEGO JIMENEZ,2000-12-01,DOM,2023,Complex League,Pitcher,23,607,0.22836169920968144,0.11136976737440005,,,,89.54414370446835,0.5240783399553718,,52.45653085285424
,Diego Jimenez,2000-12-01,Dominican Republic,2024,Complex League,Pitcher,24,94,0.28641927751466356,0.09761913959316673,,,,93.21941922439416,0.5105694502494286,,46.731699245667436
,Diego Jimenez,2000-12-01,DOM,2025,Complex League,Pitcher,25,367,0.251404270770285,0.04820508173879244,,,,93.27233076427429,0.5184153267277092,,52.18905126360383
INT-0082,Seong-hyun Nakamura 2,2006-12-19,Venezuela,2023,Dominican Summer League,Pitcher,17,133,0.20600345973928297,0.07845086346450351,,,,88.89514674481504,0.4992351202693128,,45.4467604034987
INT-0082,Seong-hyun Nakamura 2,2006-12-19,Venezuela,2024,Complex League,Pitcher,18,101,0.18209825454457523,0.045660517281025964,,,,87.6896186734686,0.529644280181446,,44.67606877479908
INT-0082,SEONG-HYUN NAKAMURA 2,2006-12-19,VEN,2025,Dominican Summer League,Pitcher,19,283,0.22254796906565413,0.053489095154137994,,,,87.97920744467125,0.48072274161697637,,51.714668699870316
INT-0083,Emilio Quintero,2005-01-15,Venezuela,2024,Dominican Summer League,Position Player,19,439,0.23271741406342572,0.04919169192425406,0.06870860418856217,0.7453786372500593,0.2980002677858787,,,27.04253253547341,53.213354957719865
INT-0083,Emilio Quintero,2005-01-15,Venezuela,2025,Dominican Summer League,Position Player,20,509,0.26881543454944007,0.06484013465709165,0.1377225912308392,0.7703995594121942,0.2707473238058362,,,26.191872878080275,56.650374261933
INT-0084,Daniel Quintero,2005-06-09,Venezuela,2023,Complex League,Position Player,18,445,0.2238993620248599,0.10101321138900773,0.06435405675900457,0.7166104635620084,0.25651922898422275,,,26.22119636740809,49.921810619009165
INT-0084,Daniel Quintero,2005-06-09,Venezuela,2024,Complex League,Position Player,19,426,0.25943160172142277,0.08139882003701926,0.04770694244344657,0.7329012270259058,0.2805829561554903,,,26.311568663211784,49.99346976525263
INT-0084,  Daniel Quintero ,2005-06-09,Venezuela,2025,Complex League,Position Player,20,204,0.2667918458645171,0.10199575908447428,0.1291987492433973,0.7712646750411556,0.32330360179175627,,,27.573750707115472,59.34278430215613
INT-0085,Rafael Benitez,2005-09-08,Venezuela,2024,Complex League,Position Player,19,323,0.23406105303413238,0.07133992494860561,0.021977362437293868,0.7610074934011966,0.3051095189272842,,,26.992571771804556,64.25337834891482
INT-0085,Rafael Benitez,2005-09-08,Venezuela,2025,Dominican Summer League,Position Player,20,493,0.25179981628028214,0.09822270808468594,0.07120608740890635,0.7162148740626465,0.3418876434020017,,,25.482855369954056,60.206733750151834
INT-0086,Kenji Valdez,2005-11-09,Japan,2022,Industrial League,Position Player,17,147,0.2276820637353467,0.05493077620151218,0.12704838954997966,0.6839595287211245,0.33455142094154344,,,25.237493616800972,40.619046444069895
INT-0086,  Kenji Valdez ,2005-11-09,Japan,2023,NPB Farm,Position Player,18,220,0.2797927096997652,0.0692371271346746,0.08407733684392682,0.7191701885637214,0.32297055225282234,,,24.718950098449547,42.6711739882752
INT-0086,Kenji Valdez,2005-11-09,Japan,2024,Industrial League,Position Player,19,281,0.20773920597948092,0.07152022459084413,0.12217725924419741,0.6864017297692058,0.29119559153403146,,,25.407743066008905,45.597725738202406
INT-0086,Kenji Valdez,2005-11-09,Japan,2025,NPB Farm,Position Player,20,245,0.24409496074353085,0.08102878654260015,0.17854035899651471,0.7132582658677497,0.3207077800432349,,,25.695626956589923,55.46204805555696
INT-0087,Daniel Sato 2,2006-04-22,Japan,2022,Industrial League,Pitcher,16,173,0.23627723524018052,0.1362041775845195,,,,87.46166487909507,0.4171322392685222,,35.57447239731604
,Daniel Sato 2,2006-04-22,Japan,2023,Industrial League,Pitcher,17,520,0.22762431807834965,0.09209126901410786,,,,90.8323546906611,0.42349048649041765,,42.785127234120274
INT-0087,DANIEL SATO 2,2006-04-22,Japan,2024,Industrial League,Pitcher,18,502,0.21554795053084969,0.16223515553522888,,,,89.95373064639567,0.39447886327616377,,55.57516371524879
INT-0087,Daniel Sato 2,2006-04-22,Japan,2025,Industrial League,Pitcher,19,282,0.22906754553907435,0.11835428636023401,,,,91.22923977201835,0.4560893206057956,,47.639363529817416
INT-0088,Felix Lopez,2005-03-26,Japan,2023,Industrial League,Position Player,18,605,0.23996335017817513,0.07635854754834592,0.0825645697923142,0.6639218186072545,0.3227514040907767,,,24.03880681151261,27.9967288613161
INT-0088,Felix Lopez,2005-03-26,Japan,2024,Industrial League,Position Player,19,344,0.26531265376775764,0.07695617191542897,0.02466381371820222,0.7105081929153302,0.32412397527152154,,,24.228436519495173,27.767408385431263
INT-0088,Felix Lopez,2005-03-26,Japan,2025,Industrial League,Position Player,20,209,0.2053878443852744,0.08022968026513379,0.05064733792012905,0.7413826155840875,0.32931664151032897,,,23.5,36.287309227613044
INT-0089,Mateo Ortega,2003-05-19,Japan,2022,NPB Farm,Pitcher,19,126,0.26475847552108384,0.1251429337030315,,,,89.89251949887884,0.48081237879288796,,62.2793449248912
INT-0089,Mateo Ortega,2003-05-19,Japan,2023,NPB Farm,Pitcher,20,224,0.2416713020380391,0.08571123525175588,,,,92.26163693560135,0.46570459922281565,,48.65651328986878
INT-0089,Mateo Ortega,2003-05-19,Japan,2024,Industrial League,Pitcher,21,436,0.2371965723372113,0.09743282032993833,,,,92.01747638151487,0.47075467798588416,,56.3718297248995
INT-0089,Mateo Ortega,2003-05-19,JPN,2025,Industrial League,Pitcher,22,530,0.2888115998493539,0.07832023224154311,,,,93.46811091039032,0.4498047441202357,,62.310736652965495
INT-0090,Luis Sato,2002-11-26,Venezuela,2022,Complex League,Pitcher,20,169,0.17221905625013523,0.08912477809656656,,,,87.72681245276692,0.5111681910326082,,40.739645986560625
INT-0090,Luis Sato,2002-11-26,Venezuela,2023,Complex League,Pitcher,21,187,0.12310350997111238,0.09154348000028745,,,,87.72061093086647,0.47603567818383347,,42.194340862496325
INT-0090,LUIS SATO,2002-11-26,Venezuela,2024,Complex League,Pitcher,22,89,0.2394721633207781,0.08665074155056177,,,,87.82012340402291,0.483374784998012,,38.50389748864518
INT-0090,Luis Sato,2002-11-26,Venezuela,2025,Dominican Summer League,Pitcher,23,526,0.18927976182886516,0.08182076699502655,,,,88.78491425426466,0.4864088625418606,,42.647277088990016
INT-0091,Ren Herrera,2001-04-13,Japan,2022,Industrial League,Pitcher,21,171,0.17304433749696588,0.06930644566914236,,,,87.39079915399134,0.5317428116210781,,41.50296846525323
INT-0091,Ren Herrera,2001-04-13,Japan,2023,Industrial League,Pitcher,22,597,0.2326199388503965,0.08816812300798779,,,,89.7842970746725,0.5136909823119233,,44.1663475115123
,Ren Herrera,2001-04-13,Japan,2024,Industrial League,Pitcher,23,499,0.20238014204923374,0.05059930403106225,,,,89.81444293278533,0.5069639379304566,,42.465547514723795
INT-0091,Ren Herrera,2001-04-13,Japan,2025,NPB Farm,Pitcher,24,430,0.24556005027171218,0.06576725898167243,,,,90.75552365355814,0.5182784847817438,,43.73264267016669
,Alejandro Martinez,2001-02-19,South Korea,2022,KBO Futures,Position Player,21,361,0.23727092268275982,0.09318649090202105,0.036696594692031535,0.7073234411429719,0.314567812049365,,,25.486587702950168,45.59069046380239
INT-0092,Alejandro Martinez,2001-02-19,KOR,2023,KBO Futures,Position Player,22,186,0.2507373290103891,0.04476309254452562,0.04443272088476322,0.7414346036132113,0.26739346707313766,,,25.003281839235747,42.22993652628959
INT-0092,Alejandro Martinez,2001-02-19,South Korea,2024,Independent,Position Player,23,555,0.22708206326138747,0.10764387676017463,0.06620927260357844,0.7700535131425751,0.26933345747034787,,,24.773070012684784,44.05317296496813
INT-0092,  Alejandro Martinez ,2001-02-19,South Korea,2025,KBO Futures,Position Player,24,488,0.24463106476750957,0.1131058707381579,0.11559792956981464,0.7549265931379591,0.30732831283316847,,,23.776129797441936,40.87876928825923
INT-0093,Kenji Quintero 2,2007-02-16,Panama,2025,Complex League,Pitcher,18,373,0.2431266320271469,0.08595469088781728,,,,88.59312164270031,0.5039861973399596,,46.94717252392644
INT-0094,Mateo Valdez,2006-08-01,Venezuela,2025,Dominican Summer League,Position Player,19,263,0.22680101176860734,0.1255856965212653,0.12813724061430826,0.764649312055586,0.27497355078801533,,,25.83837058509807,55.30792797612198
INT-0095,Emilio Benitez,2001-10-19,Japan,2022,NPB Farm,Pitcher,21,92,0.16997885143703395,0.07075695456123231,,,,86.66513507501769,0.4996244369745814,,56.497973095374604
INT-0095,EMILIO BENITEZ,2001-10-19,Japan,2023,Industrial League,Pitcher,22,224,0.14857670545755922,0.07253712790780305,,,,86.76600291980066,0.5488190770654244,,57.25607053517833
INT-0095,EMILIO BENITEZ,2001-10-19,Japan,2024,Industrial League,Pitcher,23,388,0.15124772951852108,0.0686225642538435,,,,85.1834412646744,0.485389046484114,,64.92139332412525
INT-0095,Emilio Benitez,2001-10-19,Japan,2025,NPB Farm,Pitcher,24,246,0.15763924140007574,0.09029723167754897,,,,88.79482271350224,0.5814396971047497,,56.216271421499805
INT-0096,ESTEBAN HAN 2,2007-02-09,Dominican Republic,2023,Dominican Summer League,Position Player,16,99,0.25259072677859346,0.05264178582130677,0.08427314942406453,0.7219609925272586,0.3168340880313358,,,26.39429193250864,56.38373389921691
INT-0096,ESTEBAN HAN 2,2007-02-09,D.R.,2024,Dominican Summer League,Position Player,17,260,0.29348559275496117,0.06920361339003923,0.060693895446599755,0.7122125116004738,0.32192746874160133,,,25.687984263993975,54.779991496515194
INT-0096,Esteban Han 2,2007-02-09,Dominican Republic,2025,Dominican Summer League,Position Player,18,430,0.24215120755368802,0.09194865316874692,0.1412891408510336,0.7182618167777804,0.3010538934279014,,,26.66111725690074,61.22912846660387
INT-0097,Hector Sato,1999-02-02,Cuba,2022,Independent,Pitcher,23,448,0.1525861103849541,0.09666976887533629,,,,85.8447201311359,0.4166187708668268,,37.780532524916154
INT-0097,HECTOR SATO,1999-02-02,Cuba,2023,Cuban National Series,Pitcher,24,239,0.20783074471900823,0.10286605788776727,,,,88.41976161852516,0.47400350844595845,,37.942823394366584
INT-0097,  Hector Sato ,1999-02-02,CUB,2024,Cuban National Series,Pitcher,25,520,0.18007523304570383,0.11211880212635185,,,,89.13527924401389,0.4553189704414856,,45.48193345162274
INT-0097,Hector Sato,1999-02-02,Cuba,2025,Cuban National Series,Pitcher,26,100,0.17990226422246441,0.0638174330619554,,,,87.8091043888253,0.4107013338519821,,47.03778215286763
INT-0098,Hector Kim 2,2005-06-09,Venezuela,2022,Dominican Summer League,Position Player,17,99,0.2205399904714142,0.07006022230159203,0.02,0.7090740567867574,0.28035600029807145,,,26.150926071399034,49.3700576296006
INT-0098,Hector Kim 2,2005-06-09,Venezuela,2023,Complex League,Position Player,18,133,0.2398076107312918,0.07362297541258236,0.08933515211832457,0.7039348403106748,0.3408893664947095,,,26.950531250142568,54.320145242322404
INT-0098,Hector Kim 2,2005-06-09,Venezuela,2024,Complex League,Position Player,19,305,0.2719183293702929,0.0658385668141595,0.045500464906563245,0.740542988331522,0.27442968749286256,,,25.94045971430546,56.441908975067356
INT-0098,  Hector Kim 2 ,2005-06-09,Venezuela,2025,Complex League,Position Player,20,558,0.20943496339602016,0.09285196171309398,0.02,0.7247534145089234,0.3058917736254603,,,26.966843257795038,48.561124573228476
INT-0099,ALEJANDRO PARK,2006-02-27,Venezuela,2024,Complex League,Position Player,18,454,0.21725607610982126,0.08312977147162978,0.15500603422364584,0.7227595078168205,0.31855925971726823,,,26.097894929211115,53.954947339797265
INT-0099,Alejandro Park,2006-02-27,Venezuela,2025,Complex League,Position Player,19,499,0.24762243304854134,0.06862287997760812,0.15345380922791926,0.6789209267260812,0.2783780072107837,,,26.625739867206526,49.8249908304801
INT-0100,Marco Sato,1999-07-21,Dominican Republic,2022,Complex League,Position Player,23,356,0.21901534408968043,0.09846703709636433,0.19521188978081103,0.7417406129584321,0.25524863867023284,,,24.850576675293713,37.466654059495724
INT-0100,  Marco Sato ,1999-07-21,Dominican Republic,2023,Complex League,Position Player,24,441,0.14469267582002387,0.11830260024691136,0.13268290832771062,0.7666737317738872,0.2541563051283112,,,25.820418734081688,43.513656635878455
INT-0100,Marco Sato,1999-07-21,D.R.,2024,Dominican Summer League,Position Player,25,209,0.1914809331672753,0.1092753589312345,0.25002577093416467,0.7827152519002554,0.27045995132950174,,,25.55865737609112,49.75796729144681
INT-0100,Marco Sato,1999-07-21,Dominican Republic,2025,Complex League,Position Player,26,280,0.16533313843745434,0.13188673715612134,0.20801411967186045,0.8020655241854878,0.2607075827746647,,,26.787781569689205,46.44085655957364
INT-0101,Gabriel Perez,2002-07-05,KOR,2022,Independent,Position Player,20,295,0.3074808070645476,0.08988533462269867,0.08223608674393669,0.7355392095937259,0.2664460566864593,,,24.686294356195567,37.423140112970664
INT-0101,Gabriel Perez,2002-07-05,South Korea,2023,Independent,Position Player,21,316,0.2430041467693432,0.09471567262764505,0.14516651156840948,0.763061750787721,0.28932398550164207,,,25.379252759718906,43.64164963113257
INT-0101,Gabriel Perez,2002-07-05,South Korea,2024,Independent,Position Player,22,571,0.2289109112999263,0.08114629572094964,0.11494355243653555,0.742590498446804,0.26883019557828547,,,23.995823947609107,37.05861271414732
INT-0101,GABRIEL PEREZ,2002-07-05,South Korea,2025,KBO Futures,Position Player,23,570,0.1991094063840567,0.09972586462522061,0.15042260185006584,0.7521196083163797,0.27373972370862215,,,24.929033012299012,47.47811298719492
INT-0102,Adrian Garcia,2006-03-23,COL,2025,Colombian Winter League,Position Player,19,506,0.20336469837194632,0.10282603846796029,0.13457361200762238,0.7255609181920826,0.3272444814590757,,,25.17263771343542,53.67730026406071
INT-0103,Gabriel Tanaka,2002-03-03,Dominican Republic,2022,Dominican Summer League,Pitcher,20,218,0.1810142909399978,0.09972515242134798,,,,90.99283556666012,0.473794849248664,,37.38463854235266
INT-0103,Gabriel Tanaka,2002-03-03,Dominican Republic,2023,Dominican Summer League,Pitcher,21,544,0.18801205502965643,0.1361437155250926,,,,90.32373115842745,0.47090545222266716,,43.209965178102316
INT-0103,Gabriel Tanaka,2002-03-03,Dominican Republic,2024,Complex League,Pitcher,22,137,0.2678348275773555,0.09433285897112223,,,,92.4543822598652,0.49713863805526964,,44.34254421858223
INT-0103,Gabriel Tanaka,2002-03-03,Dominican Republic,2025,Dominican Summer League,Pitcher,23,515,0.18956638357505748,0.09155537491277757,,,,90.90480866745781,0.5096417828337306,,36.8930060677001
INT-0104,Hector Jimenez,2006-11-01,Mexico,2025,Mexican Pacific League,Pitcher,19,387,0.10385059329535946,0.12242015308785024,,,,83.71900293254043,0.42669804784456683,,39.81203101260894
INT-0105,Carlos Park,2002-01-06,Mexico,2022,Mexican Pacific League,Position Player,20,260,0.2887779627056027,0.0709782055667756,0.0745693745248014,0.6405406216469243,0.2744515887839342,,,26.434824140193424,54.14683277588491
,Carlos Park,2002-01-06,Mexico,2023,Mexican Pacific League,Position Player,21,144,0.25468550217972424,0.06388276200410961,0.1797556327043397,0.7055488984010568,0.2861033063710186,,,26.095077815338545,60.290523843442365
INT-0105,Carlos Park,2002-01-06,Mexico,2024,Mexican Pacific League,Position Player,22,480,0.27426224382747816,0.09390140175181752,0.13470760688456046,0.7272496722060635,0.27094262468654157,,,26.31441982335787,52.22537111930071
INT-0105,  Carlos Park ,2002-01-06,Mexico,2025,Mexican Pacific League,Position Player,23,221,0.19130685236195769,0.06980842401971839,0.11042602085306327,0.7381853233437018,0.31074917453049594,,,26.61438864069814,51.859300998432396
,Mateo Sanchez,2006-05-22,PAN,2024,Panamanian League,Pitcher,18,434,0.1799041393585385,0.11595885497798267,,,,88.46353051519112,0.5006009589419249,,52.39096240848903
INT-0106,Mateo Sanchez,2006-05-22,Panama,2025,Panamanian League,Pitcher,19,503,0.2725629227426543,0.06984594381365229,,,,88.8415317322601,0.46714161065381576,,52.56664082234504
INT-0107,Rafael Navarro,2006-08-11,Venezuela,2025,Complex League,Position Player,19,271,0.27694624741839124,0.09475629198114835,0.04802124690826982,0.6908084073369193,0.2711078550883534,,,24.863402554505498,40.27162370978762
INT-0108,Isaac Valdez,1999-05-15,Venezuela,2022,Dominican Summer League,Pitcher,23,371,0.20101615297181752,0.06749491320042275,,,,87.63610624270164,0.49176605234824466,,46.01674946319473
INT-0108,Isaac Valdez,1999-05-15,Venezuela,2023,Dominican Summer League,Pitcher,24,317,0.18730216191245752,0.09316514554375349,,,,87.73104138723825,0.5146810161492256,,40.987158805920345
INT-0108,Isaac Valdez,1999-05-15,Venezuela,2024,Complex League,Pitcher,25,172,0.1526551716947006,0.05803798688577588,,,,88.08490534633671,0.5106388048708156,,41.49964135344374
INT-0108,Isaac Valdez,1999-05-15,Venezuela,2025,Dominican Summer League,Pitcher,26,215,0.18904163937940724,0.04028053753078838,,,,89.53340749260884,0.48765652418111277,,49.20759417935453
INT-0109,Nicolas Jimenez,2000-08-03,Cuba,2022,Independent,Position Player,22,446,0.20990446949396827,0.0964935485496782,0.21181676320903395,0.7527221581301886,0.26207347394374203,,,26.388273651757007,46.54027351923367
INT-0109,NICOLAS JIMENEZ,2000-08-03,Cuba,2023,Independent,Position Player,23,345,0.19352278736893244,0.09726073205694102,0.16827118256703916,0.7438352735661233,0.3170298947333695,,,25.557050151606994,50.42509744532239
INT-0109,Nicolas Jimenez,2000-08-03,Cuba,2024,Independent,Position Player,24,405,0.18259118861110665,0.12024500525260731,0.14230929377165952,0.7628049405920362,0.2359734027039493,,,26.637689004228367,43.53340025693356
,Nicolas Jimenez,2000-08-03,Cuba,2025,Independent,Position Player,25,187,0.2087604815889944,0.08640322733283778,0.2056147292742145,0.7855923477764225,0.263022726480577,,,26.006574373220516,43.65208855911741
INT-0110,Daichi Tanaka,2002-09-05,Mexico,2022,Mexican League,Pitcher,20,247,0.08,0.09908335000833864,,,,86.44177076996326,0.490315027812043,,55.462576743256605
INT-0110,Daichi Tanaka,2002-09-05,Mexico,2023,Mexican Pacific League,Pitcher,21,433,0.11260097173571039,0.10745484614579212,,,,84.71393710336996,0.5471302451712166,,61.53473510630017
INT-0110,Daichi Tanaka,2002-09-05,Mexico,2024,Mexican League,Pitcher,22,88,0.17314004521607917,0.08768669671775806,,,,85.42257825560714,0.5011740489525233,,39.4335402231186
INT-0110,Daichi Tanaka,2002-09-05,Mexico,2025,Mexican Pacific League,Pitcher,23,386,0.15290643593903194,0.05184266272907925,,,,86.86515624677914,0.5221309150185789,,58.029710853782596
INT-0111,Yun-seo Vargas 2,2002-10-05,Dominican Republic,2022,Dominican Summer League,Pitcher,20,566,0.2120628839790836,0.085567826731884,,,,90.77417011761584,0.46360172243252673,,32.18943804567205
INT-0111,Yun-seo Vargas 2,2002-10-05,Dominican Republic,2023,Dominican Summer League,Pitcher,21,132,0.19396578995148442,0.10154909662033815,,,,89.93164424999036,0.5232032618128415,,36.85979612661291
INT-0111,Yun-seo Vargas 2,2002-10-05,Dominican Republic,2024,Complex League,Pitcher,22,95,0.24953823763016547,0.06723185874850328,,,,91.37590556256109,0.4876394320292481,,42.533444748780326
,Yun-seo Vargas 2,2002-10-05,Dominican Republic,2025,Dominican Summer League,Pitcher,23,405,0.19283243576025128,0.05301207594761763,,,,91.67290579648629,0.5075326078767299,,36.31664049911378
INT-0112,Rafael Navarro 2,2003-06-07,D.R.,2022,Dominican Summer League,Position Player,19,263,0.2848117310872179,0.06480664213775401,0.09953228125916702,0.6919343933800869,0.34307081426597236,,,27.689749812171705,57.25653631181155
INT-0112,Rafael Navarro 2,2003-06-07,Dominican Republic,2023,Dominican Summer League,Position Player,20,324,0.19599971552635964,0.07961377929765336,0.026711250390789955,0.7065357738255582,0.27479510732950624,,,26.272555017774092,57.91342090998374
INT-0112,Rafael Navarro 2,2003-06-07,D.R.,2024,Complex League,Position Player,21,479,0.23316114622556533,0.04819878176334099,0.031244644515686683,0.6761464914030842,0.31260803895128014,,,26.479026366351523,50.97185853904865
INT-0112,Rafael Navarro 2,2003-06-07,Dominican Republic,2025,Complex League,Position Player,22,500,0.27566461649232626,0.06496206146780059,0.03234378299134314,0.7302103270868664,0.3222316942896553,,,27.485835976553545,60.73450977917493
INT-0113,  Esteban Park ,2005-11-02,Dominican Republic,2022,Complex League,Pitcher,17,250,0.23789309212031715,0.13249012520883455,,,,89.29335415338663,0.4648177721116056,,52.38414034178337
INT-0113,Esteban Park,2005-11-02,Dominican Republic,2023,Dominican Summer League,Pitcher,18,563,0.22193565018671524,0.1337964069483641,,,,91.0631637118906,0.4334227830608416,,49.00060930032785
INT-0113,Esteban Park,2005-11-02,Dominican Republic,2024,Dominican Summer League,Pitcher,19,221,0.23033603979254216,0.1350647472970921,,,,89.72945984031044,0.4836789914157904,,60.781950296692
INT-0113,Esteban Park,2005-11-02,D.R.,2025,Dominican Summer League,Pitcher,20,292,0.3071619443092408,0.10884227407346972,,,,92.09260842342954,0.4616014714278903,,55.5003981429381
INT-0114,Ji-ho Mori 2,2007-07-26,Dominican Republic,2023,Complex League,Position Player,16,562,0.2196346037428323,0.08787568479987362,0.10751631563613524,0.7393582320433291,0.28717121650982574,,,24.079064749190817,48.26013732962274
INT-0114,Ji-ho Mori 2,2007-07-26,Dominican Rep.,2024,Dominican Summer League,Position Player,17,419,0.22215912905167623,0.09654838140587212,0.16163868538984483,0.7844464565681645,0.2675614434714483,,,24.623720329398367,26.095579711512016
INT-0114,Ji-ho Mori 2,2007-07-26,Dominican Republic,2025,Complex League,Position Player,18,467,0.16803506003612254,0.09640861593762769,0.08313897894267268,0.7383096966960901,0.30286366669808024,,,24.87975565207113,41.60210556062545
INT-0115,JORGE MENDEZ 2,2007-11-24,Dominican Republic,2025,Dominican Summer League,Position Player,18,146,0.21697164717882236,0.07117905463937585,0.10858054862900816,0.7643186980854086,0.31347018890472667,,,26.49085175129273,54.17171474175735
INT-0116,Emilio Yamamoto,2002-01-09,Dominican Republic,2022,Dominican Summer League,Position Player,20,160,0.19050412473830997,0.08226242432071028,0.021349493327295327,0.7457332305380514,0.33329045591016465,,,27.22220873791987,65.93989861334009
INT-0116,Emilio Yamamoto,2002-01-09,Dominican Republic,2023,Dominican Summer League,Position Player,21,175,0.20126410757519642,0.10338439604772541,0.11258901212766623,0.7536736357821817,0.30945714251240164,,,27.670181598559353,68.52061299906559
INT-0116,Emilio Yamamoto,2002-01-09,Dominican Republic,2024,Complex League,Position Player,22,117,0.2546821399194975,0.08338989502183815,0.051802029234112784,0.7817400216166834,0.2961598815786075,,,27.74394366817577,63.01547803712829
INT-0116,Emilio Yamamoto,2002-01-09,Dominican Rep.,2025,Complex League,Position Player,23,474,0.23239742125481608,0.07142120320268924,0.09979067519500161,0.808807723699372,0.25600691175276513,,,27.49189582379376,73.69126022085891
INT-0117,Ren Ortega,2000-12-08,Venezuela,2022,Complex League,Pitcher,22,308,0.141058354379081,0.09467311605876765,,,,88.12388244336914,0.5053234314770323,,44.055436558519325
INT-0117,Ren Ortega,2000-12-08,Venezuela,2023,Dominican Summer League,Pitcher,23,296,0.21662981449773197,0.10669801763809578,,,,88.78426494625683,0.45247712036758025,,38.236689471807324
INT-0117,REN ORTEGA,2000-12-08,Venezuela,2024,Complex League,Pitcher,24,443,0.19715496129219584,0.06854590085349781,,,,90.73149946868351,0.4891973378058502,,33.23159459038132
INT-0117,Ren Ortega,2000-12-08,Venezuela,2025,Dominican Summer League,Pitcher,25,453,0.2383219882643864,0.0770515013342482,,,,88.5900880148319,0.5141029258843913,,39.962484851822296
INT-0118,Daniel Mendez,2004-02-25,Cuba,2023,Cuban National Series,Position Player,19,96,0.22225364080324256,0.07020055686619009,0.18208779564774216,0.6963575650738597,0.32738676765664076,,,27.091313193341453,56.63029890610941
INT-0118,Daniel Mendez,2004-02-25,Cuba,2024,Independent,Position Player,20,395,0.24618682311400475,0.09450737311674863,0.10542751565508682,0.7568345825562233,0.30261783257062036,,,27.21441119895302,55.615533544116644
INT-0118,Daniel Mendez,2004-02-25,Cuba,2025,Cuban National Series,Position Player,21,385,0.22359389662059034,0.08375088719935703,0.16539866664489566,0.761291025536115,0.29622667685390386,,,26.117971610684034,49.531200935553414
INT-0119,Yun-seo Ortega,2000-02-20,VZ,2022,Complex League,Pitcher,22,304,0.23288682332895924,0.11791398362456115,,,,89.01708163082233,0.48671941781267725,,38.84393321285202
INT-0119,Yun-seo Ortega,2000-02-20,Venezuela,2023,Complex League,Pitcher,23,374,0.17736586606058832,0.11011689208210047,,,,89.34404109055204,0.4346157403436357,,43.433136533206365
INT-0119,Yun-seo Ortega,2000-02-20,Venezuela,2024,Dominican Summer League,Pitcher,24,308,0.22809606047122982,0.1466204493247775,,,,90.90913788251736,0.41776466776860344,,47.595610618496416
INT-0119,Yun-seo Ortega,2000-02-20,Venezuela,2025,Dominican Summer League,Pitcher,25,385,0.26796506946560195,0.1132057321144867,,,,91.81341463008445,0.5062758611717723,,48.75289817126776
,Yun-seo Garcia,2002-07-18,Panama,2022,Panamanian League,Pitcher,20,550,0.1003932827405622,0.08463940671630352,,,,86.48108324950665,0.45700350297654063,,49.89455863603188
INT-0120,Yun-seo Garcia,2002-07-18,Panama,2023,Complex League,Pitcher,21,546,0.11438990065959317,0.10259545919424844,,,,86.50201544824931,0.5012713529664843,,50.8071268906836
INT-0120,Yun-seo Garcia,2002-07-18,Panama,2024,Complex League,Pitcher,22,177,0.1856445867900796,0.08524560062816308,,,,85.4587837482661,0.49508486747028296,,43.769464016296965
INT-0120,Yun-seo Garcia,2002-07-18,Panama,2025,Panamanian League,Pitcher,23,384,0.14271551040571628,0.07372198543540613,,,,87.9680560981847,0.5136267904059804,,49.96818934959969
INT-0121,Isaac Quintero,2006-03-14,Mexico,2025,Mexican Pacific League,Position Player,19,300,0.28946865014074885,0.06416022251261652,0.1517897176992971,0.6658285433106579,0.34446651431017267,,,27.965337504286456,60.84957589629765
INT-0122,Santiago Rojas,2000-07-12,Venezuela,2022,Complex League,Position Player,22,612,0.2681907234668761,0.08497468278195745,0.14061051716381717,0.7303629687942136,0.2828351814054584,,,26.123430586421108,41.69725056766638
INT-0122,Santiago Rojas,2000-07-12,Venezuela,2023,Complex League,Position Player,23,379,0.19111517402794898,0.08860621794600118,0.17013984735317653,0.7432820127494354,0.2920618300443129,,,25.43930551890772,49.83516714328246
INT-0122,Santiago Rojas,2000-07-12,VZ,2024,Complex League,Position Player,24,232,0.29330657494529794,0.09666780347608762,0.21902434249511224,0.7378560539752228,0.2615082778596167,,,25.066538772488304,47.1482518716187
INT-0122,Santiago Rojas,2000-07-12,Venezuela,2025,Complex League,Position Player,25,526,0.23707903080759482,0.10270668203689332,0.15192306188769342,0.7700914194323217,0.265223056438143,,,25.575644175186852,43.06862230258923
INT-0123,Ren Quintero,2004-06-15,Dominican Republic,2022,Complex League,Pitcher,18,406,0.1936948078148602,0.10812125075831829,,,,88.20818137513699,0.44800723234967627,,31.91512239592341
INT-0123,Ren Quintero,2004-06-15,Dominican Republic,2023,Dominican Summer League,Pitcher,19,447,0.15667184241328397,0.12026543158850764,,,,88.67812758346714,0.46470948871816853,,20.323649657107747
INT-0123,Ren Quintero,2004-06-15,Dominican Republic,2024,Complex League,Pitcher,20,292,0.2328314460824462,0.061184551310181634,,,,92.16724519176348,0.4832141444754655,,30.719642717504247
INT-0123,Ren Quintero,2004-06-15,Dominican Republic,2025,Dominican Summer League,Pitcher,21,153,0.21767444873730937,0.09710135941680564,,,,90.4964048101638,0.4561253978515261,,31.9969941186341
INT-0124,Kaito Vargas,2004-01-17,DOM,2023,Dominican Summer League,Position Player,19,157,0.27682780817585667,0.07487856507041339,0.1137022895420434,0.7599158948185907,0.3349650552413779,,,25.50505343212768,39.12831723438137
INT-0124,Kaito Vargas,2004-01-17,Dominican Republic,2024,Dominican Summer League,Position Player,20,272,0.22107180683768424,0.05756066086956316,0.18411783178537916,0.7194908748350228,0.3228591713039495,,,24.701480427430056,41.90766529366801
INT-0124,Kaito Vargas,2004-01-17,Dominican Republic,2025,Complex League,Position Player,21,173,0.23898229566277526,0.06924378105595763,0.17302969112847538,0.7551752145299826,0.2842047181727641,,,25.679885865680813,46.07045826863088
INT-0125,Kenji Perez,2005-08-09,Mexico,2022,Mexican League,Position Player,17,190,0.20413651167753427,0.09346603644871683,0.1759448696107715,0.7498692132005624,0.30180997589331193,,,24.255489802461334,41.85129651965523
,Kenji Perez,2005-08-09,México,2023,Mexican Pacific League,Position Player,18,316,0.190800475537092,0.09100294472260832,0.1468170442718158,0.7641867281743057,0.3131191292748725,,,25.71181913533342,51.2819760654293
INT-0125,Kenji Perez,2005-08-09,Mexico,2024,Mexican League,Position Player,19,497,0.19527903284988266,0.08675869337933126,0.160359224131607,0.736481119881879,0.288397422734907,,,25.109391856266438,50.87859380832913
INT-0125,Kenji Perez,2005-08-09,Mexico,2025,Mexican League,Position Player,20,482,0.20217465797245449,0.07452456569384472,0.18591395366834657,0.7683819412697885,0.2840327693223825,,,25.86897136875058,41.656629182801495
INT-0126,Alejandro Nakamura,2004-09-10,Venezuela,2022,Complex League,Pitcher,18,472,0.28644631868755127,0.11286096488041039,,,,91.70816222804383,0.4603143253583729,,33.07882001160476
INT-0126,  Alejandro Nakamura ,2004-09-10,Venezuela,2023,Complex League,Pitcher,19,546,0.3208463529697016,0.12291262472335847,,,,91.91987681382172,0.4805259575252806,,28.847329423542337
INT-0126,Alejandro Nakamura,2004-09-10,Venezuela,2024,Dominican Summer League,Pitcher,20,87,0.30462137205061324,0.0957235579358506,,,,91.10220260877381,0.5140742237626779,,40.11307692498694
INT-0126,Alejandro Nakamura,2004-09-10,VEN,2025,Dominican Summer League,Pitcher,21,196,0.35067024769085064,0.11254330817528732,,,,92.13716318925954,0.46042397851794453,,35.7607490933176
INT-0127,Ji-ho Estrada,2001-07-06,Dominican Republic,2022,Dominican Summer League,Pitcher,21,540,0.22835110561509614,0.08140204706000083,,,,89.86819637405914,0.45585707733290676,,42.26319582648468
,Ji-ho Estrada,2001-07-06,Dominican Rep.,2023,Dominican Summer League,Pitcher,22,148,0.24438360713525623,0.09433618097845227,,,,89.54028961794668,0.5023858493191284,,51.47588680523784
INT-0127,Ji-ho Estrada,2001-07-06,Dominican Republic,2024,Dominican Summer League,Pitcher,23,153,0.23568782240359268,0.07900899066040794,,,,90.73194098231033,0.5052965420858077,,50.1039693791725
INT-0127,  JI-HO ESTRADA ,2001-07-06,Dominican Republic,2025,Complex League,Pitcher,24,353,0.18094941322037156,0.08408709386965146,,,,93.54368177734646,0.5173961251891098,,48.277846219666266
INT-0128,Javier Jimenez,2005-07-23,Dominican Republic,2023,Dominican Summer League,Pitcher,18,229,0.2122708986678668,0.12550450586571907,,,,88.50907173973214,0.42356260113000205,,45.341542106232694
INT-0128,Javier Jimenez,2005-07-23,DOM,2024,Complex League,Pitcher,19,455,0.1529376266924432,0.11424857324552863,,,,88.33426544175174,0.43248435561759674,,57.65573053662568
INT-0128,Javier Jimenez,2005-07-23,Dominican Republic,2025,Dominican Summer League,Pitcher,20,318,0.18502326383761772,0.10042916694502793,,,,89.17262968337741,0.44236083073200855,,61.217736736024456
INT-0129,Felix Herrera,2001-06-10,Venezuela,2022,Complex League,Pitcher,21,120,0.12779717453868641,0.11894163420046419,,,,84.92228078910115,0.47376768011924003,,66.48178487162369
INT-0129,Felix Herrera,2001-06-10,Venezuela,2023,Dominican Summer League,Pitcher,22,475,0.14503038730387371,0.08617123825638459,,,,84.72428148556799,0.49811790636357867,,73.85594938972906
INT-0129,Felix Herrera,2001-06-10,Venezuela,2024,Dominican Summer League,Pitcher,23,208,0.13221635047481678,0.10228764969539417,,,,85.13230700541578,0.5034855387967331,,73.6490011739581
INT-0129,Felix Herrera,2001-06-10,Venezuela,2025,Dominican Summer League,Pitcher,24,134,0.17021031975559311,0.11375856229836154,,,,85.4213255618011,0.4907308234586759,,61.257739442916936
INT-0130,Yun-seo Navarro,1999-12-10,DOM,2022,Dominican Summer League,Position Player,23,353,0.2997397648156582,0.027271043221064085,0.0685636933194103,0.635063192911364,0.35303519128213806,,,23.81381205898925,40.01453465792572
INT-0130,Yun-seo Navarro,1999-12-10,Dominican Republic,2023,Dominican Summer League,Position Player,24,309,0.2530348675000715,0.057723581855591476,0.15465908684667656,0.702128203462681,0.3198411529736166,,,25.443860964841306,29.077347005839627
INT-0130,Yun-seo Navarro,1999-12-10,Dominican Republic,2024,Dominican Summer League,Position Player,25,166,0.2729952801401745,0.06240173978627889,0.138273480197555,0.6963700072597315,0.32577088077057464,,,25.24672524839791,44.86650638351185
INT-0130,Yun-seo Navarro,1999-12-10,Dominican Republic,2025,Dominican Summer League,Position Player,26,266,0.23838439402433853,0.05952516200337153,0.09381224646335673,0.7528349065289065,0.3154559254645098,,,24.66004211478126,39.32214496554843
INT-0131,Isaac Ramirez,2004-06-13,Dominican Republic,2022,Complex League,Pitcher,18,615,0.22561444203491848,0.11812519009059808,,,,91.73712961780329,0.47304208771912865,,61.93298340283471
,Isaac Ramirez,2004-06-13,Dominican Republic,2023,Complex League,Pitcher,19,538,0.28390774593480816,0.09872905139833023,,,,92.42404225708206,0.4645164714085285,,63.53109351720488
INT-0131,Isaac Ramirez,2004-06-13,Dominican Republic,2024,Dominican Summer League,Pitcher,20,257,0.21891975145912232,0.10735647687484112,,,,93.16824439305847,0.4741397036975207,,49.55567761223977
INT-0131,Isaac Ramirez,2004-06-13,Dominican Republic,2025,Complex League,Pitcher,21,290,0.24528139128585738,0.08574880043231643,,,,93.31596120545002,0.4949865293567631,,52.99347009039013
INT-0132,Andres Choi,2000-11-05,Panama,2022,Complex League,Position Player,22,93,0.2597364139717204,0.07321845411959013,0.13357151379548343,0.7320790872048831,0.31736956408123096,,,27.484167697507022,47.88185966182539
INT-0132,ANDRES CHOI,2000-11-05,Panama,2023,Panamanian League,Position Player,23,106,0.23914708473130838,0.10399929338652092,0.17043795743501286,0.7299119422757099,0.2925179251638843,,,25.238369591565267,59.71829161500889
INT-0132,  Andres Choi ,2000-11-05,Panama,2024,Complex League,Position Player,24,123,0.23096721815820512,0.11822674680684586,0.14682923918787028,0.7056206362570798,0.2785772825542508,,,26.848794904746068,64.75143835522842
INT-0132,Andres Choi,2000-11-05,Panama,2025,Complex League,Position Player,25,456,0.2421569886116382,0.10415900915455731,0.13480755726628163,0.7739392352911932,0.2536891522825776,,,26.188630464302747,56.161794169005454
INT-0133,Emilio Fernandez,2004-12-21,Dominican Republic,2022,Dominican Summer League,Pitcher,18,603,0.1581328728314981,0.10771342448576827,,,,85.47048111443694,0.4206558407130707,,41.31251056203818
INT-0133,EMILIO FERNANDEZ,2004-12-21,Dominican Republic,2023,Dominican Summer League,Pitcher,19,413,0.1976823337948165,0.13761560554835242,,,,86.63979541558635,0.42232698411272085,,56.05861919465255
INT-0133,Emilio Fernandez,2004-12-21,Dominican Republic,2024,Dominican Summer League,Pitcher,20,333,0.13470171590913382,0.11412320137608967,,,,85.61153718764282,0.4819490821905439,,44.936389269787846
,Emilio Fernandez,2004-12-21,Dominican Republic,2025,Complex League,Pitcher,21,589,0.21992352979888052,0.09441064948576908,,,,88.16083006990205,0.4815953129135191,,45.53160517466807
INT-0134,Min-jun Estrada,2002-03-26,Japan,2022,NPB Farm,Position Player,20,196,0.24514109175292095,0.08149529898276768,0.02,0.6884547176010618,0.2963761549959428,,,27.86459101659155,52.34450441090426
INT-0134,Min-jun Estrada,2002-03-26,Japan,2023,Industrial League,Position Player,21,469,0.21319588832212477,0.10585577302062596,0.08357294074624635,0.766831616241226,0.2744634673659996,,,27.4981107748516,57.64586176294272
,Min-jun Estrada,2002-03-26,Japan,2024,Industrial League,Position Player,22,500,0.24893716258954776,0.08417885720272456,0.037300664034484024,0.7030658956018397,0.24358673589260613,,,26.985453531437027,50.960203833402446
,Min-jun Estrada,2002-03-26,Japan,2025,Industrial League,Position Player,23,156,0.15170526745390434,0.08501033609602715,0.1122570266994906,0.7915585592454468,0.32407613011517916,,,25.69772470519655,55.4090988937058
INT-0135,  Rafael Ortega ,2005-01-16,Cuba,2023,Independent,Pitcher,18,508,0.14275795011966974,0.11962172610338173,,,,84.8982223525484,0.4699124570071854,,63.352600202388935
INT-0135,Rafael Ortega,2005-01-16,Cuba,2024,Independent,Pitcher,19,162,0.08403271597104806,0.09007614140550803,,,,85.23332621255533,0.49630813943875474,,57.34514424609467
INT-0135,Rafael Ortega,2005-01-16,Cuba,2025,Independent,Pitcher,20,188,0.11706645262758515,0.06829712144118225,,,,85.0673859541054,0.45241997639665543,,64.13622281326701
INT-0136,Hector Nakamura,2000-03-16,Venezuela,2022,Complex League,Pitcher,22,129,0.14475597396367965,0.14297063117176717,,,,83.9497423752439,0.4518742075654536,,40.238986082935234
INT-0136,Hector Nakamura,2000-03-16,Venezuela,2023,Dominican Summer League,Pitcher,23,82,0.15217742355871236,0.11897280101513494,,,,84.74494499373587,0.4533961374017743,,39.091803086994666
INT-0136,Hector Nakamura,2000-03-16,Venezuela,2024,Dominican Summer League,Pitcher,24,278,0.15204551593666318,0.07876790624919694,,,,87.48149489359487,0.48251510090351846,,55.65825043831091
INT-0136,Hector Nakamura,2000-03-16,VEN,2025,Complex League,Pitcher,25,405,0.1271356556175778,0.13546538257648488,,,,86.95708017436596,0.42170687936778756,,57.569154292858144
INT-0137,Esteban Quintero,1999-10-27,D.R.,2022,Dominican Summer League,Position Player,23,269,0.29788492984885034,0.055125312782916616,0.14130595430218895,0.7306137812147336,0.36784173360108,,,24.530120262196828,50.250057771664
,ESTEBAN QUINTERO,1999-10-27,Dominican Republic,2023,Complex League,Position Player,24,94,0.2500822479143652,0.058081967245525154,0.1644571460486616,0.6745667422187486,0.365768276007413,,,26.070749748381488,56.91397160866331
INT-0137,Esteban Quintero,1999-10-27,Dominican Republic,2024,Complex League,Position Player,25,611,0.2825452764960472,0.049652949083405944,0.19955420729460904,0.7200395854205007,0.3533319332365264,,,26.328644573631895,54.881048231140895
INT-0137,Esteban Quintero,1999-10-27,Dominican Republic,2025,Complex League,Position Player,26,507,0.2731722922463351,0.09523362693052537,0.18899317293382706,0.7359385012589409,0.2668637320987816,,,25.425411421257564,39.451417431036745
INT-0138,Nicolas Lee,2000-04-08,Dominican Republic,2022,Dominican Summer League,Pitcher,22,335,0.16392289742976995,0.10568477634408728,,,,88.22139559041136,0.47791756286097414,,67.84042977289211
INT-0138,Nicolas Lee,2000-04-08,Dominican Rep.,2023,Complex League,Pitcher,23,455,0.20354868686571387,0.09143681182602396,,,,87.45876485697565,0.4814373384171931,,70.30267129537145
INT-0138,  Nicolas Lee ,2000-04-08,Dominican Republic,2024,Dominican Summer League,Pitcher,24,589,0.22618660043604227,0.05796653681168405,,,,90.12166629666665,0.5280387397716281,,68.32391555721013
INT-0138,Nicolas Lee,2000-04-08,Dominican Republic,2025,Dominican Summer League,Pitcher,25,269,0.26050604988099635,0.04343888814543349,,,,88.52038905356851,0.4893729676166423,,80.0
INT-0139,Andres Fernandez,2000-03-11,Mexico,2022,Mexican Pacific League,Position Player,22,547,0.25682658771272715,0.02086321784251057,0.19095145524522342,0.6668900701308019,0.319445001351979,,,27.137050084672122,64.5438237888942
INT-0139,Andres Fernandez,2000-03-11,Mexico,2023,Mexican League,Position Player,23,567,0.28573008094715974,0.05990073619523352,0.12278508124358464,0.6849594635687073,0.3134662427418317,,,27.226514597383463,57.32076088404389
INT-0139,Andres Fernandez,2000-03-11,Mexico,2024,Mexican League,Position Player,24,482,0.27268240338169075,0.06406660705510107,0.1768165994026589,0.6285418071214405,0.3470730015797779,,,27.51062506064012,70.02242837432169
INT-0139,Andres Fernandez,2000-03-11,Mexico,2025,Mexican League,Position Player,25,238,0.21418903263483396,0.053063078373446544,0.22762467166970018,0.6880728642261239,0.3594624740677615,,,26.205192921524613,56.03367081729657
INT-0140,Nicolas Kim,2000-12-03,DOM,2022,Dominican Summer League,Position Player,22,509,0.26946471347369305,0.1210168435675177,0.16602160438839236,0.7143333881124095,0.23647633971855914,,,24.74207283664784,56.1440542661393
INT-0140,NICOLAS KIM,2000-12-03,Dominican Republic,2023,Complex League,Position Player,23,87,0.22417628050940094,0.08381369834715538,0.13481634392773323,0.7213615676666243,0.30527480091927245,,,25.95741399769278,59.46777164379653
INT-0140,Nicolas Kim,2000-12-03,Dominican Republic,2024,Complex League,Position Player,24,435,0.23867928383346576,0.09570710189121774,0.16622907705015744,0.801390190785818,0.3258372922086369,,,26.602183977439275,53.07117607285369
INT-0140,Nicolas Kim,2000-12-03,Dominican Republic,2025,Complex League,Position Player,25,394,0.2373277633525935,0.10651768540215598,0.13180848540123716,0.7338934258070049,0.2877360997934583,,,25.715836608048146,53.959905417179556
INT-0141,Jorge Dominguez 2,2005-07-14,Dominican Republic,2023,Complex League,Position Player,18,291,0.23384721687792187,0.07868358414588336,0.12456782633696177,0.7010673308582344,0.3648949236897992,,,25.116677085717107,45.350023092739505
INT-0141,Jorge Dominguez 2,2005-07-14,DOM,2024,Dominican Summer League,Position Player,19,542,0.23522575972794313,0.08808156667150774,0.14811258933998783,0.7559687028401968,0.26872014853949105,,,25.005048818082344,50.50288327906688
INT-0141,Jorge Dominguez 2,2005-07-14,Dominican Republic,2025,Dominican Summer League,Position Player,20,343,0.21950003034764404,0.06912713047028096,0.10690717151585233,0.7065755041097203,0.2871490939005922,,,25.41856473304558,45.41165685394977
INT-0142,Ji-ho Garcia,1999-09-22,South Korea,2022,Independent,Position Player,23,134,0.2248941253997921,0.04322787963814194,0.15629837319723233,0.7070890320258941,0.35110732356404933,,,24.756538384685406,46.43331926493085
INT-0142,Ji-ho Garcia,1999-09-22,South Korea,2023,Independent,Position Player,24,264,0.2983840987529155,0.07630688731292698,0.17964009803149922,0.7119694933027855,0.29867425689687743,,,26.191183635445892,52.19540404203873
INT-0142,Ji-ho Garcia,1999-09-22,South Korea,2024,KBO Futures,Position Player,25,479,0.26843962894622275,0.06753047305461204,0.2466098637153273,0.691670041749136,0.2815099323476972,,,23.840933982202973,49.707998512989164
INT-0142,Ji-ho Garcia,1999-09-22,South Korea,2025,KBO Futures,Position Player,26,410,0.22525748518438313,0.08085722458450126,0.2021475221577059,0.7181764034123923,0.32456193234235614,,,26.537188392192444,50.96116532827797
INT-0143,Santiago Han,2004-05-17,Dominican Rep.,2023,Dominican Summer League,Position Player,19,114,0.22616543858148008,0.07026101014232133,0.05491126848795895,0.7542690822345368,0.3142028307719359,,,24.65315074751109,50.02527550348001
INT-0143,SANTIAGO HAN,2004-05-17,Dominican Republic,2024,Complex League,Position Player,20,94,0.22944410963562623,0.08947736074840047,0.12112460876126808,0.7196842237324769,0.295826752467441,,,26.12411989125368,49.624755326157285
INT-0143,SANTIAGO HAN,2004-05-17,Dominican Republic,2025,Complex League,Position Player,21,371,0.2454732474883649,0.10918076133227014,0.12487252869631697,0.7937745931870667,0.2921454423533719,,,25.247837383143523,47.18986172690289
INT-0144,Omar Alvarez,2001-07-17,Dominican Republic,2022,Complex League,Position Player,21,548,0.2113045437898908,0.1230495597625659,0.10079561233812474,0.7444600367106428,0.31568657560121954,,,25.331958240065493,50.730608430193975
INT-0144,Omar Alvarez,2001-07-17,Dominican Republic,2023,Complex League,Position Player,22,86,0.1962491176113148,0.098834260367502,0.07851119499681841,0.744790893539334,0.3029854251131962,,,25.215680619661626,36.30634161942893
INT-0144,Omar Alvarez,2001-07-17,Dominican Republic,2024,Complex League,Position Player,23,438,0.25399313368842097,0.1254397028334302,0.07098048273696596,0.7634243084841669,0.25222520619484595,,,25.368291896375304,55.59081701688639
,OMAR ALVAREZ,2001-07-17,D.R.,2025,Dominican Summer League,Position Player,24,406,0.1964247254784905,0.09491427249991323,0.09257967477415635,0.7840939791764981,0.3014459815940292,,,24.65152135433905,57.480903645961384
INT-0145,Isaac Nakamura,2001-09-20,Dominican Republic,2022,Complex League,Position Player,21,396,0.22890687984150335,0.08804881211611135,0.03907749872826478,0.734406801450029,0.27170851508186,,,24.83760327551552,42.18729616884589
INT-0145,Isaac Nakamura,2001-09-20,Dominican Republic,2023,Dominican Summer League,Position Player,22,463,0.16898337426501328,0.09460265868136745,0.07920760937462047,0.766147058951288,0.30404696576281004,,,25.520140830525673,47.57711110541915
INT-0145,Isaac Nakamura,2001-09-20,Dominican Republic,2024,Complex League,Position Player,23,190,0.206568148662234,0.08671454619645372,0.08111103281567483,0.7836878944040012,0.3621326772362627,,,26.420301503811285,44.3272257516866
INT-0145,Isaac Nakamura,2001-09-20,Dominican Rep.,2025,Complex League,Position Player,24,506,0.17294949291797548,0.08202907617333853,0.1144257108409324,0.7577983907237533,0.31186217617002476,,,24.709996622963914,59.35467934838265
INT-0146,Luis Yamamoto,2007-07-03,Mexico,2024,Mexican League,Position Player,17,606,0.2316616316059956,0.08018108110005465,0.06964527343021198,0.74731160023463,0.2863507992810996,,,27.537319520490914,57.297512282361666
INT-0146,LUIS YAMAMOTO,2007-07-03,MEX,2025,Mexican League,Position Player,18,138,0.24119123630853692,0.05909264336421524,0.15625642779875118,0.7459881060300262,0.28834816137465474,,,26.147339493142436,62.46123502671789
INT-0147,Daniel Estrada,2005-12-23,Panamá,2022,Complex League,Position Player,17,166,0.28219774197333897,0.0638905362370219,0.17293446475825613,0.6735406934126894,0.34381110906115814,,,26.763836369802075,53.66329631488543
INT-0147,Daniel Estrada,2005-12-23,Panama,2023,Complex League,Position Player,18,542,0.2641173585701585,0.06039051381545188,0.09824699160252748,0.7039095751142757,0.30453655370608923,,,26.17463846489036,57.61502306807703
INT-0147,Daniel Estrada,2005-12-23,Panama,2024,Panamanian League,Position Player,19,124,0.20254116604691508,0.08117988590210606,0.08602963834124291,0.6721552420088294,0.30690776726754393,,,28.248432921764056,67.6456190886614
INT-0147,Daniel Estrada,2005-12-23,Panama,2025,Complex League,Position Player,20,237,0.23654282694252804,0.07418145741373375,0.14283134013317034,0.7347729283661252,0.2665255438588079,,,26.886609653383896,55.303036171019855
INT-0148,ADRIAN ESTRADA,1999-10-02,Cuba,2022,Independent,Position Player,23,172,0.2242561412226824,0.07257142254082599,0.10641020127154889,0.7100332743338151,0.30085567719299233,,,25.64768510815296,45.22858643702428
INT-0148,Adrian Estrada,1999-10-02,Cuba,2023,Independent,Position Player,24,438,0.22435152268264003,0.07746884807441608,0.07588173061624541,0.7444130383477559,0.2831979977445314,,,25.597446578395097,45.88139982674231
INT-0148,ADRIAN ESTRADA,1999-10-02,Cuba,2024,Cuban National Series,Position Player,25,201,0.26318213014418285,0.07468305196039698,0.17198275590033257,0.758768937143959,0.28626131203519983,,,25.659209827785062,50.06935025443736
INT-0148,Adrian Estrada,1999-10-02,Cuba,2025,Independent,Position Player,26,471,0.2305511577845094,0.10058989123422901,0.15381549201681444,0.752563130747838,0.28887578781022877,,,26.411803818697145,53.19821029891251
INT-0149,Andres Fernandez 2,2002-02-21,South Korea,2022,Independent,Pitcher,20,291,0.31655340106237384,0.10090953344524889,,,,91.21404005466852,0.4156381472492239,,56.02580153962657
,  Andres Fernandez 2 ,2002-02-21,Korea,2023,KBO Futures,Pitcher,21,156,0.26363821422147193,0.1150309271348505,,,,91.31063619197874,0.40947519256056797,,46.775666582138456
INT-0149,Andres Fernandez 2,2002-02-21,South Korea,2024,Independent,Pitcher,22,225,0.2570729379301728,0.11013790588287369,,,,89.16575905995842,0.4992040248573687,,51.24165507711172
INT-0149,ANDRES FERNANDEZ 2,2002-02-21,South Korea,2025,Independent,Pitcher,23,422,0.26867857806204853,0.1018500383048317,,,,91.05883196286756,0.4480318600170243,,60.4346215839024
INT-0150,Min-jun Garcia,2000-04-27,Japan,2022,Industrial League,Position Player,22,208,0.19182611736872698,0.07442912938715929,0.11950339182592454,0.7353634817363869,0.2616923558214798,,,27.820064237050893,59.76463215550469
INT-0150,Min-jun Garcia,2000-04-27,Japan,2023,NPB Farm,Position Player,23,399,0.18295397341052544,0.07304492862536799,0.11642735654278662,0.7838911879320662,0.2945905596188645,,,26.80790183240893,61.2976934129683
INT-0150,Min-jun Garcia,2000-04-27,Japan,2024,NPB Farm,Position Player,24,380,0.24453908827266735,0.11246776063032447,0.19236919856735787,0.7461534305775778,0.2914312536538129,,,27.14121391176603,72.71093188573839
INT-0150,  Min-jun Garcia ,2000-04-27,Japan,2025,NPB Farm,Position Player,25,471,0.2537372883514606,0.09267324841151157,0.12735649029062568,0.7434146640491812,0.23037629997248374,,,27.792832047840324,59.80808688036397
INT-0151,Santiago Tanaka,2005-06-02,JPN,2022,Industrial League,Pitcher,17,198,0.13165517235931978,0.1361741399904433,,,,87.37841111832107,0.4844349135061007,,39.59953151975131
INT-0151,Santiago Tanaka,2005-06-02,Japan,2023,NPB Farm,Pitcher,18,148,0.1216041025481623,0.0925452329624263,,,,85.50452121711126,0.5147786053000043,,43.026568638675215
INT-0151,SANTIAGO TANAKA,2005-06-02,JPN,2024,Industrial League,Pitcher,19,112,0.20254362072565296,0.06282924962334976,,,,84.94400348477885,0.4831756425586565,,37.431678686508036
INT-0151,Santiago Tanaka,2005-06-02,Japan,2025,Industrial League,Pitcher,20,459,0.1738057253847999,0.09787942247018663,,,,88.20484102819806,0.4811198278915242,,52.09054239109197
,Alejandro Kim,1999-08-20,Venezuela,2022,Dominican Summer League,Position Player,23,236,0.23723146947193205,0.07648563246603318,0.047729286388067796,0.7260271612723547,0.3069443504682403,,,25.518281715657874,39.873393689988966
INT-0152,Alejandro Kim,1999-08-20,Venezuela,2023,Complex League,Position Player,24,287,0.2350512857838657,0.06203527094979988,0.03959146719328346,0.6902993867751999,0.2861474048732708,,,26.149117069687108,40.88316832645478
,Alejandro Kim,1999-08-20,Venezuela,2024,Dominican Summer League,Position Player,25,111,0.22374978326245964,0.07831458285378157,0.06372886579924508,0.7708980196746027,0.31133923570936367,,,24.032375049854565,37.817704042360866
INT-0152,Alejandro Kim,1999-08-20,VZ,2025,Complex League,Position Player,26,435,0.20784011019833376,0.09927655276726116,0.06708432562929513,0.7482426254058526,0.2704693759704697,,,23.5,42.96471778261969
INT-0153,Mateo Quintero 2,2007-12-14,Venezuela,2024,Dominican Summer League,Position Player,17,424,0.16233504850951105,0.0740224150698005,0.14779703962380658,0.7492043694132317,0.30072137122482717,,,23.5,35.521008488723275
,  Mateo Quintero 2 ,2007-12-14,Venezuela,2025,Dominican Summer League,Position Player,18,234,0.19990994185576258,0.11485239512730594,0.09670711545766089,0.7338659366679309,0.291637329524834,,,23.695250067568484,40.037143617436826
INT-0154,Ren Benitez,1999-12-27,Mexico,2022,Mexican League,Pitcher,23,262,0.17349599653222827,0.10557554702772674,,,,88.88147143611458,0.47087851719163576,,47.150665398658326
INT-0154,Ren Benitez,1999-12-27,Mexico,2023,Mexican Pacific League,Pitcher,24,177,0.23110414018779973,0.10812738319280082,,,,89.50847792902799,0.5104572044512649,,51.66073790654787
INT-0154,Ren Benitez,1999-12-27,MEX,2024,Mexican League,Pitcher,25,172,0.2412433733233757,0.10316577451835517,,,,91.72461127912871,0.5240936240284854,,58.17194817646949
INT-0154,Ren Benitez,1999-12-27,Mexico,2025,Mexican Pacific League,Pitcher,26,179,0.2353160677645225,0.08613705446411901,,,,90.86869711369151,0.49512809738578,,53.559686850809584
INT-0155,Omar Torres 2,2002-12-22,South Korea,2022,Independent,Position Player,20,274,0.28229999694277635,0.08244863767483895,0.1246833247437704,0.7430574697024809,0.30007671374055067,,,25.627609200342263,48.78521432487596
INT-0155,OMAR TORRES 2,2002-12-22,Korea,2023,Independent,Position Player,21,128,0.22051082745728062,0.09013044293145221,0.15959882090767563,0.7070592287091575,0.26312445406843693,,,26.756573025707205,44.92574935309248
INT-0155,Omar Torres 2,2002-12-22,South Korea,2024,Independent,Position Player,22,429,0.24762473614401517,0.09582674046828962,0.2187998953431991,0.6824621870494428,0.27886817891081145,,,26.68766125645334,50.55498050632568
INT-0155,OMAR TORRES 2,2002-12-22,South Korea,2025,KBO Futures,Position Player,23,390,0.2100001722995216,0.09190209219100945,0.12057336078252286,0.7701522007090693,0.3019672189278979,,,26.850762241183944,47.036793765570465
INT-0156,Hector Sato 2,2001-03-11,Cuba,2022,Independent,Position Player,21,464,0.23376794351908955,0.09899933633566835,0.03631892661648713,0.781085506567559,0.2809909201687858,,,26.629481217374046,57.00316096086084
INT-0156,Hector Sato 2,2001-03-11,CUB,2023,Independent,Position Player,22,504,0.2473269974047765,0.09941194127664417,0.12839497734252192,0.7678536439717647,0.3405948855588945,,,26.306068008392224,59.31489604873318
,Hector Sato 2,2001-03-11,Cuba,2024,Independent,Position Player,23,447,0.24733330330123066,0.10226262568217266,0.09847637762409296,0.771405918288192,0.2820281330275391,,,26.919794308532833,56.729882298219614
INT-0156,Hector Sato 2,2001-03-11,Cuba,2025,Cuban National Series,Position Player,24,461,0.20121396377741355,0.1057262083462286,0.1366914001406342,0.718978561420763,0.2683603214586824,,,26.98725782101089,58.4643182100032
INT-0157,Omar Jimenez,1999-07-05,Venezuela,2022,Complex League,Position Player,23,616,0.20250413260249328,0.07451784332127413,0.1657550016089076,0.6919510370125392,0.3640914286857677,,,26.63800011212402,62.26128575635722
,OMAR JIMENEZ,1999-07-05,Venezuela,2023,Dominican Summer League,Position Player,24,607,0.22858421831667589,0.07211859082018081,0.16430172822867598,0.7743887245415684,0.32901245153719366,,,26.401856068605568,63.33577653320178
INT-0157,Omar Jimenez,1999-07-05,VZ,2024,Complex League,Position Player,25,305,0.22894428195726027,0.10496178433076446,0.16339885782802782,0.7506504713094619,0.2652765072874695,,,28.28721228197736,58.690905764335916
INT-0157,Omar Jimenez,1999-07-05,Venezuela,2025,Dominican Summer League,Position Player,26,418,0.2250925871548838,0.10134801377856434,0.17814333184229103,0.7095392690053598,0.2838284788403892,,,25.5339855701921,65.21119568659223
INT-0158,Nicolas Choi,1999-10-27,Venezuela,2022,Dominican Summer League,Pitcher,23,244,0.17509678970707596,0.09744954369221685,,,,86.8157334610706,0.5020967703282904,,36.661732082615146
INT-0158,NICOLAS CHOI,1999-10-27,Venezuela,2023,Dominican Summer League,Pitcher,24,471,0.2585944533516894,0.09202608239077921,,,,88.93390290318185,0.49696530168246883,,50.32220757847762
INT-0158,Nicolas Choi,1999-10-27,VZ,2024,Complex League,Pitcher,25,80,0.19557665915532718,0.095611769774817,,,,89.14046505158258,0.512081078108648,,39.51968188593081
INT-0158,Nicolas Choi,1999-10-27,Venezuela,2025,Dominican Summer League,Pitcher,26,369,0.22458609849812455,0.054773203725801245,,,,89.11821141709622,0.5254076470335239,,47.32455817672932
INT-0159,Daichi Vargas,1999-02-15,Dominican Republic,2022,Complex League,Position Player,23,454,0.2700568449642553,0.0753891476841667,0.15336783936604753,0.7179504048110879,0.32356366242145174,,,26.952306813781327,55.93475792437648
INT-0159,Daichi Vargas,1999-02-15,DOM,2023,Dominican Summer League,Position Player,24,289,0.33823346650827535,0.049437738568190025,0.14126817691188603,0.6727914316590009,0.3093267867943485,,,26.904399887593936,65.96450469085374
INT-0159,Daichi Vargas,1999-02-15,DOM,2024,Complex League,Position Player,25,427,0.2579609126460656,0.08064888183913752,0.14513575430111236,0.7075803278395604,0.2711611047314209,,,27.480837892185434,58.70061512393785
INT-0159,Daichi Vargas,1999-02-15,Dominican Republic,2025,Complex League,Position Player,26,432,0.25933281551137194,0.07017187251206433,0.14130528781272206,0.7334730397065293,0.3217808905609521,,,26.904922189756153,54.3497737333846
INT-0160,Santiago Han 2,2007-03-22,Mexico,2025,Mexican League,Pitcher,18,142,0.17510918565482383,0.13576016410978045,,,,88.47057814439212,0.4430750067592963,,31.59828781124267
INT-0161,Kaito Herrera,2003-09-10,Dominican Republic,2022,Complex League,Pitcher,19,519,0.1334372594792288,0.09141541756216182,,,,85.77405508216508,0.43184923347191156,,36.27922710905332
INT-0161,Kaito Herrera,2003-09-10,Dominican Republic,2023,Complex League,Pitcher,20,316,0.09719979045939044,0.09224923076110346,,,,85.81343246230982,0.443093882908439,,39.069026284616236
,Kaito Herrera,2003-09-10,Dominican Rep.,2024,Dominican Summer League,Pitcher,21,168,0.10756967109680829,0.09366410787495565,,,,86.43695203379752,0.5367046997935072,,41.74030026734836
INT-0161,Kaito Herrera,2003-09-10,Dominican Republic,2025,Complex League,Pitcher,22,554,0.17701093859186687,0.09481759741001479,,,,86.0530058042535,0.456958569871045,,42.51967593818039
INT-0162,Alejandro Dominguez 2,2005-03-05,Venezuela,2022,Dominican Summer League,Position Player,17,525,0.2849735604216765,0.06803734567066347,0.10979315396791411,0.6668042706009205,0.2929728347133151,,,26.53296748879471,51.09455484308411
INT-0162,Alejandro Dominguez 2,2005-03-05,Venezuela,2023,Dominican Summer League,Position Player,18,263,0.2950492982399885,0.07540308055498937,0.08994028425335876,0.7287036372654317,0.32929430173082025,,,26.445683986257773,46.37498279161165
INT-0162,Alejandro Dominguez 2,2005-03-05,Venezuela,2024,Complex League,Position Player,19,297,0.2874404786752127,0.06368437899854734,0.05911230261928941,0.716448404850647,0.30421728894886624,,,25.501644807306345,49.39293337978438
INT-0162,Alejandro Dominguez 2,2005-03-05,Venezuela,2025,Complex League,Position Player,20,541,0.2509930935353669,0.06682561875040946,0.15424891260659418,0.727611746146412,0.34514620426294995,,,24.56025515851483,63.611765242707925
INT-0163,Santiago Quintero,2003-12-14,Dominican Republic,2022,Dominican Summer League,Position Player,19,505,0.24486160446853913,0.0841669216522376,0.15777877362754894,0.7160717336655444,0.30431870204165384,,,26.688134551451416,52.20202335919686
INT-0163,Santiago Quintero,2003-12-14,Dominican Republic,2023,Dominican Summer League,Position Player,20,100,0.19275118801863858,0.07477887060212256,0.10132698112332976,0.720510961812267,0.2887191308690317,,,26.33488576271329,48.72728854150152
INT-0163,Santiago Quintero,2003-12-14,D.R.,2024,Complex League,Position Player,21,112,0.2636035158682075,0.09156468497174555,0.1461566095745802,0.747354170000953,0.33498360650212583,,,26.624631354862927,45.17765495358843
,SANTIAGO QUINTERO,2003-12-14,Dominican Republic,2025,Complex League,Position Player,22,478,0.23737713199645408,0.09915312488154131,0.13685653516120122,0.7391610131807365,0.3182944902869498,,,25.39139076847404,53.3771758757216
,Alejandro Mori,2004-07-14,Mexico,2022,Mexican Pacific League,Position Player,18,241,0.2865855894584847,0.07986226348339157,0.05691974037445186,0.7126664334582263,0.34269238979855193,,,26.29251351325286,54.681004095318464
INT-0164,Alejandro Mori,2004-07-14,Mexico,2023,Mexican Pacific League,Position Player,19,571,0.27229240416898587,0.06938467970926744,0.052277565180465946,0.7393707179760183,0.3057407783172462,,,26.63166196109255,50.69775779096684
INT-0164,Alejandro Mori,2004-07-14,Mexico,2024,Mexican Pacific League,Position Player,20,242,0.3085362774502956,0.06093727284769631,0.02240365959334844,0.6873927485552951,0.29679091946197694,,,26.188212088255504,59.56355020878923
INT-0164,ALEJANDRO MORI,2004-07-14,Mexico,2025,Mexican League,Position Player,21,481,0.21003045049285607,0.09059282627772249,0.022432686902348842,0.700281497889588,0.3225450211683366,,,26.75497663502479,58.58048215620743
INT-0165,Daichi Mendez,2007-03-11,Japan,2023,NPB Farm,Pitcher,16,349,0.1381745085457234,0.10596463942899656,,,,88.62325705400663,0.4570104150003858,,56.34554424469661
INT-0165,Daichi Mendez,2007-03-11,Japan,2024,Industrial League,Pitcher,17,613,0.16527451719215874,0.09879513375614044,,,,88.7982628398209,0.5128628391920522,,64.53322970325782
,Daichi Mendez,2007-03-11,Japan,2025,NPB Farm,Pitcher,18,151,0.26218394097681175,0.14011029044700046,,,,89.5478387825673,0.4627982360184982,,53.47012973518706
INT-0166,Emilio Choi,2003-12-04,Dominican Republic,2022,Dominican Summer League,Position Player,19,305,0.3290167984117248,0.05278434847972689,0.02,0.6523842027297567,0.31602960615828685,,,25.61062553160868,47.99928308127871
INT-0166,EMILIO CHOI,2003-12-04,Dominican Republic,2023,Dominican Summer League,Position Player,20,536,0.36514229501873335,0.04800827464303237,0.048106406014329965,0.6553333310291514,0.33785453842838253,,,24.578560364258703,48.87540245235367
INT-0166,Emilio Choi,2003-12-04,Dominican Republic,2024,Complex League,Position Player,21,594,0.34111009731536357,0.04294559768342438,0.08216184499586177,0.6683968779121566,0.31654129852822027,,,25.231526158841255,51.96292061139931
INT-0166,Emilio Choi,2003-12-04,Dominican Republic,2025,Complex League,Position Player,22,447,0.30372236110153167,0.05625502776296558,0.06705831107438587,0.7119925611052131,0.29247856517810883,,,24.824640426038183,45.32485763946891
INT-0167,Jorge Sanchez,2003-05-01,KOR,2022,KBO Futures,Pitcher,19,376,0.16963109673725818,0.09023769043614205,,,,89.97610061610096,0.41924481674845354,,56.93796908731648
INT-0167,JORGE SANCHEZ,2003-05-01,South Korea,2023,KBO Futures,Pitcher,20,517,0.20411808353093885,0.12142123802860788,,,,89.19868302286727,0.4449760541270205,,70.79536986604595
INT-0167,Jorge Sanchez,2003-05-01,South Korea,2024,KBO Futures,Pitcher,21,403,0.256345957760296,0.11938956287399645,,,,91.6171636377973,0.4871789070930431,,59.55999734489036
INT-0167,Jorge Sanchez,2003-05-01,KOR,2025,Independent,Pitcher,22,353,0.17844112095203296,0.12645823535657574,,,,89.68263885791819,0.44909950163963086,,57.51810476974503
,Isaac Han,2001-02-06,Venezuela,2022,Complex League,Pitcher,21,353,0.1947674180650133,0.12017553989132716,,,,87.49341028112389,0.47081683039569855,,46.94659107855359
INT-0168,Isaac Han,2001-02-06,Venezuela,2023,Complex League,Pitcher,22,172,0.2433556979202099,0.07544622145728683,,,,89.89572506137915,0.503610993187453,,43.72721410835933
INT-0168,Isaac Han,2001-02-06,Venezuela,2024,Dominican Summer League,Pitcher,23,82,0.257371004660243,0.07899558908897922,,,,91.57599471424322,0.5087293992922339,,47.23126825424418
INT-0168,Isaac Han,2001-02-06,VEN,2025,Complex League,Pitcher,24,456,0.3133166895596469,0.07439129343779943,,,,91.1090494713463,0.5334823720082935,,49.902377967036465
INT-0169,Jorge Benitez,2001-08-21,Mexico,2022,Mexican Pacific League,Pitcher,21,538,0.22047068140766513,0.06798580965459695,,,,89.48058299149645,0.46344682080701904,,56.21018329921585
,Jorge Benitez,2001-08-21,Mexico,2023,Mexican Pacific League,Pitcher,22,131,0.2082042991197338,0.08051325074091,,,,89.95054410635032,0.4833784031639022,,46.17063175476836
INT-0169,Jorge Benitez,2001-08-21,MEX,2024,Mexican League,Pitcher,23,341,0.2389150067231015,0.0540676623215375,,,,90.61464333433479,0.5505538928802303,,57.43880094373803
INT-0169,Jorge Benitez,2001-08-21,Mexico,2025,Mexican League,Pitcher,24,224,0.15732621162845223,0.06531819858551594,,,,90.74687798144629,0.49158954215411454,,58.58818427867578
INT-0170,Yun-seo Torres,2004-07-21,Mexico,2022,Mexican League,Pitcher,18,205,0.17704451078174335,0.12652014147264298,,,,89.70606089500627,0.45604810484620156,,49.37805063888491
INT-0170,Yun-seo Torres,2004-07-21,Mexico,2023,Mexican Pacific League,Pitcher,19,574,0.164201367458286,0.13507635053615358,,,,88.29889643405924,0.42628731352159965,,56.73002403083219
INT-0170,Yun-seo Torres,2004-07-21,MEX,2024,Mexican League,Pitcher,20,432,0.23155282938893804,0.1536671095400226,,,,87.34434521233682,0.37396903119277225,,59.22834792506754
INT-0170,Yun-seo Torres,2004-07-21,Mexico,2025,Mexican League,Pitcher,21,454,0.23834327012297396,0.12650034402367205,,,,88.32173130782158,0.4427349839799642,,57.25384396245917
INT-0171,Kenji Lopez,2001-12-27,South Korea,2022,Independent,Position Player,21,297,0.24704781712958937,0.054985366959513254,0.07096222837055288,0.7073271711582894,0.3312044881251571,,,27.16554323088195,46.69184254392775
INT-0171,Kenji Lopez,2001-12-27,South Korea,2023,Independent,Position Player,22,186,0.21584712834925532,0.08190057720615365,0.1012327480942478,0.7025019313474992,0.30332147903259715,,,27.07975493501541,48.88764404600164
INT-0171,Kenji Lopez,2001-12-27,South Korea,2024,KBO Futures,Position Player,23,466,0.2447635789706622,0.07206498067932642,0.14368624649206085,0.7534114714172679,0.332074018320052,,,25.576651296889093,60.8766336768225
INT-0171,Kenji Lopez,2001-12-27,South Korea,2025,KBO Futures,Position Player,24,379,0.2337622824816542,0.09249445546972439,0.12717683603170743,0.7155287705835047,0.28242842757068726,,,26.61386050763414,54.37948990852285
INT-0172,Andres Ramirez,1999-06-05,Cuba,2022,Independent,Pitcher,23,150,0.2233210807028283,0.09258393176134473,,,,89.2129674491162,0.45757532919041444,,71.57458849015914
INT-0172,Andres Ramirez,1999-06-05,Cuba,2023,Independent,Pitcher,24,244,0.21736680213162557,0.09719061736903009,,,,88.11885391304598,0.47295305723321046,,68.30039932070977
INT-0172,Andres Ramirez,1999-06-05,Cuba,2024,Cuban National Series,Pitcher,25,606,0.2067538452008028,0.12754426855833106,,,,91.35970143959189,0.4776664398768935,,71.56531911388812
INT-0172,Andres Ramirez,1999-06-05,Cuba,2025,Independent,Pitcher,26,84,0.3358900359395476,0.10469790715041605,,,,92.09891627810227,0.46183576235474383,,68.59800444989345
INT-0173,Nicolas Perez,2007-12-27,Colombia,2024,Complex League,Position Player,17,413,0.2620559347620914,0.053885322902219826,0.05514437107873288,0.698613910169647,0.3333867538118554,,,25.335761684168645,42.779038756032335
INT-0173,Nicolas Perez,2007-12-27,Colombia,2025,Complex League,Position Player,18,393,0.2793233208675284,0.07231582805447007,0.12266516939765243,0.7220266349856288,0.28523645822813526,,,24.13035457709704,37.31520282164134
INT-0174,Daichi Mendez 2,2000-01-11,Dominican Republic,2022,Complex League,Pitcher,22,363,0.26918767905363805,0.11875614783241736,,,,89.90455598945363,0.46177902728554826,,61.6195707456481
INT-0174,Daichi Mendez 2,2000-01-11,Dominican Republic,2023,Dominican Summer League,Pitcher,23,197,0.16123109135122324,0.14167788327710537,,,,91.72567659261179,0.44804443185445436,,52.86420110594325
INT-0174,Daichi Mendez 2,2000-01-11,Dominican Republic,2024,Complex League,Pitcher,24,120,0.2746855542615612,0.12687410309532438,,,,92.72532227366816,0.46945544982275406,,63.955048944768905
INT-0174,Daichi Mendez 2,2000-01-11,Dominican Republic,2025,Complex League,Pitcher,25,558,0.2292795283679362,0.09314603049740762,,,,92.6773773718444,0.5178175346584498,,50.66570670469211
INT-0175,Javier Navarro,2004-05-03,Japan,2023,Industrial League,Position Player,19,201,0.22242824056893926,0.0751134368646782,0.16320114509888506,0.7663578300152837,0.2885766964604829,,,25.55126283041458,52.16945111335629
INT-0175,Javier Navarro,2004-05-03,Japan,2024,Industrial League,Position Player,20,300,0.2479444486905063,0.10865996739340443,0.16187981673952773,0.7352861454846056,0.3102138512515683,,,26.384487384198863,64.27489216121752
INT-0175,Javier Navarro,2004-05-03,Japan,2025,Industrial League,Position Player,21,175,0.2239080227597297,0.09907271148844038,0.19391906631675018,0.7611693373143286,0.2677934660604429,,,25.869350229928596,45.08336856266342
INT-0176,Omar Herrera,2001-10-25,South Korea,2022,Independent,Pitcher,21,619,0.11442972491656149,0.10166856853926388,,,,84.03630954512732,0.49814365064436783,,41.82664346539624
INT-0176,Omar Herrera,2001-10-25,South Korea,2023,KBO Futures,Pitcher,22,330,0.08793791744550218,0.10855030896826738,,,,86.36555993400476,0.44795628454897296,,40.0726220943507
INT-0176,Omar Herrera,2001-10-25,KOR,2024,Independent,Pitcher,23,103,0.12861475080062398,0.11994172092354562,,,,86.99198033854235,0.4705824439851133,,47.600544653493145
INT-0176,Omar Herrera,2001-10-25,South Korea,2025,KBO Futures,Pitcher,24,407,0.11969330037346397,0.07571904844156735,,,,84.15722128006821,0.47317840317704823,,44.0670366455446
INT-0177,Seong-hyun Valdez,2002-01-02,Dominican Republic,2022,Dominican Summer League,Position Player,20,200,0.2218954829713224,0.08276838351056766,0.131593723895948,0.7077555880845237,0.2714750386633582,,,24.939661109317804,33.740463498604186
INT-0177,Seong-hyun Valdez,2002-01-02,Dominican Republic,2023,Dominican Summer League,Position Player,21,402,0.27878863827083417,0.06517960057290598,0.11026781682847821,0.7168702848725976,0.285593172542298,,,25.033473384242793,32.707578670189584
INT-0177,Seong-hyun Valdez,2002-01-02,Dominican Republic,2024,Dominican Summer League,Position Player,22,504,0.25581024630872246,0.06555635774165931,0.0782460847996355,0.7086480673318533,0.3114791927332854,,,25.053591051844165,43.57510023741368
INT-0177,Seong-hyun Valdez,2002-01-02,Dominican Republic,2025,Dominican Summer League,Position Player,23,436,0.19330570129041683,0.07526700894637345,0.16656872080837742,0.7200393135649523,0.3133699591323925,,,23.5,37.267728376969174
INT-0178,Felix Garcia,2007-05-10,VZ,2024,Dominican Summer League,Pitcher,17,178,0.1930747375645465,0.09130951179296819,,,,90.02520870541876,0.4426393440550803,,38.49508460949514
INT-0178,  Felix Garcia ,2007-05-10,Venezuela,2025,Complex League,Pitcher,18,410,0.2552612303949501,0.08405748821805278,,,,92.15891930878009,0.5180851732650101,,44.59688882056798
INT-0179,Alejandro Torres,1999-10-02,Mexico,2022,Mexican Pacific League,Pitcher,23,145,0.24563743994868298,0.12580059211309175,,,,91.01351738061166,0.45639552525792293,,52.57809461577708
INT-0179,Alejandro Torres,1999-10-02,Mexico,2023,Mexican Pacific League,Pitcher,24,511,0.19859886026206575,0.10265541242510688,,,,90.34757840806103,0.47633096922964474,,61.312155866123256
INT-0179,Alejandro Torres,1999-10-02,Mexico,2024,Mexican Pacific League,Pitcher,25,444,0.1874067551907856,0.11882150217199414,,,,90.85947031627181,0.4969442718281015,,60.825094231491704
INT-0179,Alejandro Torres,1999-10-02,Mexico,2025,Mexican League,Pitcher,26,455,0.253601034885135,0.11029853565081035,,,,92.8289257884958,0.45314480127203766,,66.041530821139
INT-0180,Andres Quintero,2003-10-01,Dominican Republic,2022,Dominican Summer League,Position Player,19,261,0.2470533586922774,0.09640890401285723,0.03899337436462333,0.7434949054252863,0.361173089137676,,,25.78698467741306,44.05273237925857
INT-0180,Andres Quintero,2003-10-01,Dominican Republic,2023,Complex League,Position Player,20,237,0.24655362357407395,0.0791776856652193,0.10340700192937216,0.7619731951835641,0.31273993886474427,,,25.98350651118498,45.075026642255786
INT-0180,Andres Quintero,2003-10-01,Dominican Republic,2024,Complex League,Position Player,21,297,0.20316771021624758,0.10700669169893716,0.15431168107390608,0.7736590561799352,0.32154058632330906,,,26.103006472230916,50.153652668836834
INT-0180,Andres Quintero,2003-10-01,Dominican Republic,2025,Complex League,Position Player,22,583,0.2047764014549446,0.0853360566572375,0.09730486028979636,0.8117812464649264,0.2960993627124058,,,25.330470542569305,46.73475279607498
INT-0181,Min-jun Jimenez,2004-06-13,Venezuela,2022,Dominican Summer League,Pitcher,18,381,0.23738653817829233,0.12700230418482245,,,,89.93968051827852,0.45420298944746335,,60.43290982834135
INT-0181,Min-jun Jimenez,2004-06-13,Venezuela,2023,Complex League,Pitcher,19,283,0.21574991315207623,0.08395683035800253,,,,89.7637382855273,0.5002815195228997,,47.87995697937522
INT-0181,Min-jun Jimenez,2004-06-13,Venezuela,2024,Dominican Summer League,Pitcher,20,329,0.2458975698226521,0.11525144727537621,,,,93.15963197976089,0.4585880457044091,,46.585581925013344
INT-0181,Min-jun Jimenez,2004-06-13,Venezuela,2025,Dominican Summer League,Pitcher,21,345,0.2281057913549204,0.10764714186819743,,,,91.33363850499127,0.4845284621860071,,49.204864334515726
INT-0182,Kaito Torres,2002-07-02,Venezuela,2022,Complex League,Pitcher,20,405,0.31534364790765174,0.09772256670729816,,,,94.081378859445,0.4766933848351321,,59.154019483977095
INT-0182,Kaito Torres,2002-07-02,VEN,2023,Dominican Summer League,Pitcher,21,468,0.2698630165242361,0.0901329493960713,,,,91.57747701510682,0.3844188074397688,,53.15940303822825
INT-0182,Kaito Torres,2002-07-02,VEN,2024,Dominican Summer League,Pitcher,22,537,0.27316980524128387,0.08495340325639539,,,,94.28710472366464,0.4633441902811697,,55.52182200703717
,Kaito Torres,2002-07-02,Venezuela,2025,Dominican Summer League,Pitcher,23,513,0.27652960670962723,0.11423437043405033,,,,94.61421372728896,0.426627673965859,,54.382867389584824
INT-0183,Marco Rojas,2007-07-16,Cuba,2023,Independent,Pitcher,16,385,0.1809367716915644,0.0837047808279595,,,,90.33426063311528,0.504366525543621,,51.045781311807715
INT-0183,Marco Rojas,2007-07-16,Cuba,2024,Independent,Pitcher,17,312,0.24766756529420042,0.08465288777078528,,,,90.90265310687093,0.524188147580588,,57.157783322178254
INT-0183,Marco Rojas,2007-07-16,Cuba,2025,Cuban National Series,Pitcher,18,283,0.25142232364145783,0.07070750638888774,,,,89.14506625736827,0.5249914194678643,,57.27594259040487
INT-0184,Felix Benitez,1999-01-14,Mexico,2022,Mexican League,Position Player,23,600,0.21350458858865495,0.0901269848326061,0.13947751342173503,0.705375472347007,0.2857095370462933,,,25.364343222467635,52.53765212317154
INT-0184,Felix Benitez,1999-01-14,Mexico,2023,Mexican League,Position Player,24,123,0.2023235098908136,0.08365022037815319,0.10076424870157175,0.741942230763331,0.24745603341806782,,,25.154430523025404,41.87001379866712
INT-0184,Felix Benitez,1999-01-14,Mexico,2024,Mexican League,Position Player,25,408,0.26467828297399804,0.12586440777432328,0.09128403974011985,0.7364261210338094,0.2477420851004995,,,26.00968978667474,42.11340075904938
INT-0184,Felix Benitez,1999-01-14,Mexico,2025,Mexican League,Position Player,26,614,0.19050725600907786,0.1125853348714191,0.1061376680761541,0.7982843048596278,0.2547008928950714,,,25.01192570734432,39.10360813879389
INT-0185,Carlos Vargas 2,2003-02-20,Japan,2022,Industrial League,Position Player,19,598,0.24056026384029872,0.09945122497150567,0.17534486804531,0.7281446027482014,0.27460095711175064,,,26.331492975504517,62.269729777810234
INT-0185,Carlos Vargas 2,2003-02-20,Japan,2023,NPB Farm,Position Player,20,196,0.2237370447511465,0.10948248628485847,0.20468985747326363,0.8112634563889789,0.2793779069088709,,,26.314650484075564,48.77881527976419
INT-0185,Carlos Vargas 2,2003-02-20,Japan,2024,NPB Farm,Position Player,21,276,0.22195456619998374,0.09595905276163733,0.18080676859910014,0.7397538908209207,0.30611784231123323,,,27.816694626878807,50.16822687394291
INT-0185,Carlos Vargas 2,2003-02-20,Japan,2025,NPB Farm,Position Player,22,250,0.17483884493046,0.09228688606808726,0.2129983216456951,0.7159027069325081,0.26255773385950737,,,26.15030500081266,64.06519042479036
INT-0186,Isaac Martinez,2005-05-09,Venezuela,2022,Complex League,Position Player,17,569,0.21575170540414906,0.07661432178139704,0.11849766266952429,0.7178429098568202,0.25610733302052824,,,25.944368816807444,60.79422584743611
INT-0186,Isaac Martinez,2005-05-09,Venezuela,2023,Complex League,Position Player,18,452,0.2605561758038724,0.07428767727637543,0.12534750874622227,0.7371062761134725,0.27466931338233586,,,26.252406374419,58.72848399717559
INT-0186,Isaac Martinez,2005-05-09,Venezuela,2024,Dominican Summer League,Position Player,19,468,0.2295296289570677,0.08342354140705403,0.07184130966080195,0.7329521469853785,0.2984724473322031,,,27.51929719403253,57.56767508866731
INT-0186,Isaac Martinez,2005-05-09,Venezuela,2025,Complex League,Position Player,20,596,0.2463381076886122,0.09954014782614837,0.15944181055955317,0.739574892407316,0.25968525806425957,,,27.538819472978076,58.327541906729394
INT-0187,Rafael Sato,2006-09-11,Dominican Republic,2025,Dominican Summer League,Position Player,19,294,0.26170753456582574,0.08539399595228553,0.08335031375320512,0.6816244334153384,0.3124123866356255,,,26.473049620659317,64.46910392423594
INT-0188,NICOLAS JIMENEZ 2,2005-04-09,VZ,2023,Dominican Summer League,Pitcher,18,539,0.2024915914163395,0.09417404858501327,,,,89.74443263615223,0.4507020531001261,,45.37638148868945
INT-0188,Nicolas Jimenez 2,2005-04-09,Venezuela,2024,Complex League,Pitcher,19,472,0.2398696185564969,0.10414131053290492,,,,90.92432338243749,0.4562976137994601,,46.37244479857003
INT-0188,Nicolas Jimenez 2,2005-04-09,Venezuela,2025,Dominican Summer League,Pitcher,20,531,0.2670400371178479,0.1402705212732218,,,,90.49451275082734,0.4547035537578608,,41.523643861612385
INT-0189,Gabriel Torres,2002-01-20,Colombia,2022,Colombian Winter League,Position Player,20,380,0.25302294431154804,0.1166432594013695,0.17900595184254253,0.7845276254597688,0.27977247434590713,,,25.68375701725736,60.47289693276945
INT-0189,GABRIEL TORRES,2002-01-20,Colombia,2023,Colombian Winter League,Position Player,21,573,0.1849668978893,0.12196725181536273,0.21596589463962101,0.7599234552477467,0.28064721262189174,,,26.395791435452878,63.98636597496665
INT-0189,Gabriel Torres,2002-01-20,Colombia,2024,Complex League,Position Player,22,203,0.2455808081673124,0.12757529727643896,0.14989184296827285,0.7823189753328083,0.2708749651377201,,,26.622474232116137,62.56756250967446
INT-0189,Gabriel Torres,2002-01-20,COL,2025,Complex League,Position Player,23,294,0.20684885601124237,0.10594670553826784,0.2000468877248679,0.7495490748248835,0.24949215533884875,,,28.043819316282246,60.83101240490478
INT-0190,Adrian Torres,2004-08-26,JPN,2022,NPB Farm,Position Player,18,406,0.26051527882641,0.05738493783727873,0.18539222954774082,0.7315566358814166,0.306052483382565,,,26.04575557383839,38.52468865694979
INT-0190,Adrian Torres,2004-08-26,Japan,2023,NPB Farm,Position Player,19,203,0.31972381853212967,0.061976960735105904,0.1758487865209509,0.7160825619083675,0.28159485332786055,,,25.04228166293224,41.6550570387438
INT-0190,Adrian Torres,2004-08-26,Japan,2024,NPB Farm,Position Player,20,613,0.24513928683229716,0.075683327147712,0.14101602878800357,0.7488946805135295,0.314587451752027,,,24.208520514715214,39.271127873301815
INT-0190,Adrian Torres,2004-08-26,JPN,2025,NPB Farm,Position Player,21,180,0.2069895501823971,0.08483970109703601,0.10347552827503673,0.7250854315636599,0.3786949176391783,,,25.317583576848303,38.20366713734362
INT-0191,MIN-JUN SATO,2007-05-20,Venezuela,2025,Complex League,Pitcher,18,578,0.17053719177785243,0.11673817406197981,,,,86.68774508257343,0.48246344488438764,,51.220096318590414
INT-0192,Diego Yamamoto,2004-04-19,MEX,2022,Mexican Pacific League,Pitcher,18,410,0.14509158323019425,0.1318475755347967,,,,85.16898110529557,0.4206395329898762,,50.96352841257181
,Diego Yamamoto,2004-04-19,Mexico,2023,Mexican League,Pitcher,19,397,0.12564243472117026,0.11327356275806551,,,,84.25108355105102,0.44340091327549525,,51.154204600904436
INT-0192,Diego Yamamoto,2004-04-19,Mexico,2024,Mexican League,Pitcher,20,607,0.14339677359743644,0.0992679771566703,,,,86.62290338514356,0.4770238853333584,,54.55205349643417
INT-0192,Diego Yamamoto,2004-04-19,Mexico,2025,Mexican League,Pitcher,21,314,0.15738202734356974,0.091513943950786,,,,86.03436835086775,0.4508539754992314,,52.16774049858048
INT-0193,Emilio Sanchez,1999-04-22,VZ,2022,Dominican Summer League,Position Player,23,330,0.2051996329404897,0.08216373262252728,0.12549610037208744,0.7669216680260736,0.2549258765310472,,,26.2830414578357,56.74578693368386
INT-0193,Emilio Sanchez,1999-04-22,Venezuela,2023,Dominican Summer League,Position Player,24,522,0.19869229283399772,0.12062917946515633,0.08308296666727219,0.7555495384996537,0.32460671324458,,,26.706024058649042,53.00877860977032
INT-0193,Emilio Sanchez,1999-04-22,Venezuela,2024,Complex League,Position Player,25,297,0.16741512189389818,0.0998414771852132,0.0898348522927491,0.7565200941660513,0.24374201336003656,,,27.138919786366998,52.745413110314296
INT-0193,Emilio Sanchez,1999-04-22,Venezuela,2025,Complex League,Position Player,26,496,0.1857441277151574,0.1341030753114095,0.17936001343980698,0.7704043452158134,0.3415926471323753,,,25.845875955972176,61.55347695752513
INT-0194,Min-jun Navarro,1999-10-23,Dominican Republic,2022,Complex League,Pitcher,23,404,0.16873507583010788,0.11716239978577232,,,,87.36297060980154,0.48858049739865694,,45.37919668095287
INT-0194,Min-jun Navarro,1999-10-23,Dominican Republic,2023,Dominican Summer League,Pitcher,24,258,0.18184755084605603,0.08784889456580089,,,,87.45837414114848,0.4941588060078997,,40.23083411110572
INT-0194,Min-jun Navarro,1999-10-23,Dominican Republic,2024,Dominican Summer League,Pitcher,25,264,0.21441369031622684,0.03512232509961229,,,,88.24307556901087,0.46262646621828973,,48.17271309468013
,  Min-jun Navarro ,1999-10-23,Dominican Republic,2025,Complex League,Pitcher,26,447,0.21260220816634395,0.07802864551238597,,,,88.91442843467843,0.4716552618606911,,36.827503276993525
INT-0195,Hector Garcia 2,2002-06-23,D.R.,2022,Dominican Summer League,Position Player,20,124,0.23674371623302243,0.09775762213860167,0.13776531921414342,0.8122491583384012,0.2681532692209977,,,25.54186746459728,44.54536998564762
INT-0195,Hector Garcia 2,2002-06-23,Dominican Republic,2023,Dominican Summer League,Position Player,21,416,0.23748290957970644,0.07658975289028805,0.054335762332917925,0.8173113741379971,0.27866064141593194,,,26.516935589022555,51.63013937575496
INT-0195,  Hector Garcia 2 ,2002-06-23,Dominican Republic,2024,Complex League,Position Player,22,171,0.19381354743070112,0.0930768203124766,0.12027328758576591,0.7548464670284185,0.24111401109606762,,,25.037246237499396,53.81940463759199
INT-0195,HECTOR GARCIA 2,2002-06-23,Dominican Republic,2025,Dominican Summer League,Position Player,23,242,0.18435088898450397,0.06882586256538095,0.16246430863480482,0.7432972362212149,0.26275306561396106,,,25.696192451944242,51.592036814014996
INT-0196,Nicolas Vargas,2005-01-14,Dominican Rep.,2023,Complex League,Pitcher,18,607,0.16968940097701113,0.07998263921333876,,,,89.57252731999826,0.48646787793202995,,58.746236741690254
INT-0196,Nicolas Vargas,2005-01-14,D.R.,2024,Complex League,Pitcher,19,112,0.13103249606752718,0.05101865019362275,,,,85.82611632202646,0.5242732355080364,,61.23027388535331
INT-0196,NICOLAS VARGAS,2005-01-14,Dominican Republic,2025,Complex League,Pitcher,20,515,0.25988676022911233,0.09039955280375823,,,,89.42535320534009,0.5435081785722063,,57.02272691066185
INT-0197,Kenji Benitez,2003-07-21,Cuba,2022,Cuban National Series,Pitcher,19,586,0.19683407563838964,0.09589526185233688,,,,86.00909476094056,0.5659269532612795,,42.2446294327597
INT-0197,Kenji Benitez,2003-07-21,CUB,2023,Independent,Pitcher,20,162,0.15996305673965341,0.041436305984583414,,,,89.7853869128692,0.5438505111144437,,57.30925838718865
INT-0197,Kenji Benitez,2003-07-21,Cuba,2024,Cuban National Series,Pitcher,21,529,0.1780455481097496,0.04238505692846451,,,,90.02534160533503,0.5407893455235854,,53.49296261626752
INT-0197,Kenji Benitez,2003-07-21,Cuba,2025,Cuban National Series,Pitcher,22,347,0.1526209520825246,0.05248152549993981,,,,92.20037589996751,0.48986595275260614,,45.20910353902759
INT-0198,Gabriel Sanchez 2,2007-09-21,Colombia,2024,Complex League,Position Player,17,308,0.17137480412157352,0.10804540023538853,0.10613425249045003,0.8039663896228857,0.21068670511001136,,,26.362174017492087,48.03338952475022
INT-0198,Gabriel Sanchez 2,2007-09-21,Colombia,2025,Complex League,Position Player,18,221,0.18560030549187848,0.09625965475464199,0.13585746889447292,0.7570558549519426,0.24850055894084816,,,26.02459902954928,49.879898099161544
INT-0199,Yun-seo Navarro 2,2000-08-16,Dominican Republic,2022,Dominican Summer League,Position Player,22,543,0.3101394686701652,0.05490982955883551,0.187803237078634,0.6785802049578504,0.33621597218426846,,,25.21829318414054,35.02811443831433
INT-0199,Yun-seo Navarro 2,2000-08-16,Dominican Republic,2023,Dominican Summer League,Position Player,23,192,0.2594764929776195,0.04966821937316471,0.1495025039718809,0.6842711239405055,0.3130569324926224,,,24.43229236611506,32.06810953241156
INT-0199,Yun-seo Navarro 2,2000-08-16,Dominican Republic,2024,Dominican Summer League,Position Player,24,572,0.19649714222768466,0.0651054542279071,0.1974035006791589,0.6994132557140392,0.34761004199332385,,,24.201163685634924,40.97698049268184
INT-0199,Yun-seo Navarro 2,2000-08-16,Dominican Rep.,2025,Complex League,Position Player,25,189,0.2704446913020814,0.07064039551460323,0.1780388968681899,0.6892945396199499,0.2901197556721707,,,24.189044874074135,40.02793846639043
INT-0200,Diego Mendez,1999-01-23,Dominican Republic,2022,Complex League,Position Player,23,422,0.2656293101167065,0.0715192022042353,0.10433920791785499,0.6704775895654937,0.3567591393376117,,,25.79949416896458,40.20105235177594
INT-0200,Diego Mendez,1999-01-23,Dominican Republic,2023,Complex League,Position Player,24,586,0.27188756219513865,0.044865365020264746,0.07597694605128931,0.7091292040910848,0.2912272894687227,,,25.304735245209525,49.53194476550813
INT-0200,Diego Mendez,1999-01-23,Dominican Republic,2024,Dominican Summer League,Position Player,25,178,0.2870024368257612,0.0679396339941797,0.09290844603645851,0.707070793605324,0.3226774955453325,,,26.30097367148187,40.17333347302088
INT-0200,Diego Mendez,1999-01-23,Dominican Republic,2025,Dominican Summer League,Position Player,26,102,0.28755935181770864,0.06135023742217412,0.15901591728497425,0.7149824289212957,0.3424824988811368,,,24.359135200088826,44.898508482129934
INT-0201,Mateo Dominguez,2000-10-19,Mexico,2022,Mexican League,Position Player,22,520,0.2197488238353898,0.05724409606439329,0.19464499641561803,0.6787884531814582,0.30621762715672923,,,23.60241785029816,38.58238655274306
,MATEO DOMINGUEZ,2000-10-19,Mexico,2023,Mexican League,Position Player,23,336,0.2335400167367634,0.08579033450681178,0.13020205561942266,0.6671437849902891,0.27665616859937225,,,23.525421252119703,26.75104122948031
INT-0201,Mateo Dominguez,2000-10-19,Mexico,2024,Mexican Pacific League,Position Player,24,525,0.25195853271085106,0.06854416246744897,0.1551384076214256,0.7054374337100281,0.32639788486887866,,,24.433246087018173,34.00140699799168
INT-0201,Mateo Dominguez,2000-10-19,Mexico,2025,Mexican Pacific League,Position Player,25,305,0.2642858836148043,0.05306997377698813,0.10624218920552338,0.7254680745489452,0.33649578861166163,,,24.577565243689005,38.09905084267155
,Nicolas Tanaka,2000-07-25,PAN,2022,Complex League,Position Player,22,398,0.21043717866679612,0.09167887531730069,0.22250267554026537,0.757474384554554,0.27726540919518483,,,26.00451647559995,46.408665075834904
,NICOLAS TANAKA,2000-07-25,Panama,2023,Panamanian League,Position Player,23,202,0.19162801378896543,0.1070086692318362,0.18527877634557136,0.7962205865985973,0.25742190711530966,,,25.812409131994258,46.84222811014321
INT-0202,Nicolas Tanaka,2000-07-25,Panama,2024,Panamanian League,Position Player,24,421,0.20076442465037098,0.09253517332025854,0.20982877535802835,0.7491298195099674,0.2928178758131346,,,26.39361693387947,54.06409086127772
INT-0202,Nicolas Tanaka,2000-07-25,Panama,2025,Complex League,Position Player,25,169,0.22884297817317087,0.11005402845750872,0.1586756686937169,0.8215567709616038,0.26328799431529004,,,24.978602657708073,44.0664257418693
INT-0203,Min-jun Kim,2007-09-03,Dominican Republic,2023,Complex League,Position Player,16,600,0.252857128208158,0.08544719911041686,0.10942944694804385,0.7494661616895261,0.2805221672992096,,,26.406409413379173,56.599446629748094
INT-0203,Min-jun Kim,2007-09-03,Dominican Republic,2024,Dominican Summer League,Position Player,17,503,0.26212720039168574,0.07638730339290146,0.0988799353965699,0.7213126495857419,0.3261409878351945,,,26.48520074221091,48.5426646874945
INT-0203,Min-jun Kim,2007-09-03,DOM,2025,Complex League,Position Player,18,405,0.2469041301765103,0.0851636842322773,0.12168470590744516,0.7173927954173163,0.35322838688675273,,,25.746127681770734,51.204327432682895
INT-0204,DAICHI YAMAMOTO,2000-08-12,Panama,2022,Complex League,Position Player,22,191,0.29998587560022927,0.03173152524448465,0.17476996321707627,0.7008031321627215,0.35911666210766413,,,25.435958424277448,51.68511460712543
INT-0204,Daichi Yamamoto,2000-08-12,Panama,2023,Panamanian League,Position Player,23,484,0.3094447252180121,0.06698446624007844,0.09146276588263881,0.7113582121182699,0.31076841973890645,,,25.77789544001815,49.72011134639808
INT-0204,DAICHI YAMAMOTO,2000-08-12,Panama,2024,Panamanian League,Position Player,24,560,0.2612528673113032,0.052443459724563816,0.07964066707960715,0.6793736076557529,0.30642594175642374,,,26.9402649561226,59.83261329342465
INT-0204,Daichi Yamamoto,2000-08-12,PAN,2025,Complex League,Position Player,25,509,0.2751591883118104,0.08078316618597922,0.14686650718000402,0.6866964730901679,0.3302877062031518,,,26.61766626092898,56.50928206217641
INT-0205,Alejandro Benitez,2005-08-10,Venezuela,2023,Complex League,Position Player,18,594,0.22734352912505762,0.06602629598022802,0.08396881113683442,0.7202645128432786,0.28490413184956365,,,24.50515256803634,45.30443116765693
INT-0205,Alejandro Benitez,2005-08-10,Venezuela,2024,Dominican Summer League,Position Player,19,539,0.23113047508552698,0.09237934462599207,0.22477027851910175,0.7219090384028206,0.21710379202779234,,,24.75720875914661,47.28976768856864
INT-0205,Alejandro Benitez,2005-08-10,Venezuela,2025,Complex League,Position Player,20,485,0.23498650631527615,0.08248267465832772,0.14275755455690387,0.7290724190680118,0.29071225852035826,,,25.469650230166977,46.30932869654251
INT-0206,Ruben Choi 2,2002-08-05,Japan,2022,NPB Farm,Pitcher,20,427,0.10957590957637342,0.07791639813159654,,,,88.45139760626446,0.4640283330672222,,58.759222743127246
INT-0206,Ruben Choi 2,2002-08-05,Japan,2023,NPB Farm,Pitcher,21,421,0.1735512119885387,0.11365335635662818,,,,88.12416136929649,0.49983289397491387,,61.04653420104968
INT-0206,Ruben Choi 2,2002-08-05,JPN,2024,NPB Farm,Pitcher,22,92,0.11044912583240003,0.07822169817692842,,,,84.62530855669353,0.49420800747683663,,58.91861672731571
INT-0206,Ruben Choi 2,2002-08-05,Japan,2025,Industrial League,Pitcher,23,429,0.20421608615103415,0.1065688387770733,,,,86.48095912179578,0.4943216302243549,,65.5181597620983
INT-0207,Alejandro Nakamura 2,2001-01-22,Mexico,2022,Mexican Pacific League,Pitcher,21,402,0.21252537828168355,0.07943113546734117,,,,92.01003141526097,0.4831967858926975,,41.23131056484553
INT-0207,Alejandro Nakamura 2,2001-01-22,Mexico,2023,Mexican League,Pitcher,22,350,0.34232742735041655,0.06439759593830431,,,,92.44175854914076,0.5146564811178231,,42.56207557947424
INT-0207,Alejandro Nakamura 2,2001-01-22,Mexico,2024,Mexican Pacific League,Pitcher,23,560,0.2484872108967898,0.041408476499446914,,,,92.34748754803202,0.46947138964930196,,44.687769805220015
INT-0207,Alejandro Nakamura 2,2001-01-22,Mexico,2025,Mexican League,Pitcher,24,562,0.25999284652836596,0.053727884633242816,,,,94.33673038459168,0.6,,50.43340823331679
INT-0208,Esteban Martinez,2006-10-22,Cuba,2025,Independent,Pitcher,19,395,0.16079997083128267,0.10633068006355884,,,,84.74978559587623,0.48421334061749755,,50.24557702306997
INT-0209,Ruben Valdez,2005-06-06,Dominican Republic,2022,Complex League,Position Player,17,266,0.2253520932310847,0.07566576935325343,0.13042102032845748,0.7469932658776915,0.2941096428296566,,,25.877597586064162,55.66119556731717
INT-0209,Ruben Valdez,2005-06-06,D.R.,2023,Dominican Summer League,Position Player,18,125,0.18029916469299312,0.08979495237275784,0.12882698087801508,0.7350978251943167,0.27597759375884817,,,26.51195937016933,62.2684270092882
INT-0209,Ruben Valdez,2005-06-06,Dominican Republic,2024,Complex League,Position Player,19,493,0.20639808330239437,0.09532973835623447,0.15897957740845442,0.7935261649375404,0.23224689312950747,,,27.07637587264183,58.56106797985306
INT-0209,Ruben Valdez,2005-06-06,DOM,2025,Complex League,Position Player,20,430,0.1826459095898399,0.08836643713159209,0.06245701029745512,0.7578752155434373,0.25649445139436305,,,25.793961583499268,61.756344519846
INT-0210,Alejandro Valdez,2005-06-24,Japan,2022,NPB Farm,Position Player,17,614,0.2444308462618737,0.055096873400717485,0.03754382840068154,0.704719338194264,0.32794050541444664,,,25.086205922431677,31.870518337980897
INT-0210,Alejandro Valdez,2005-06-24,Japan,2023,Industrial League,Position Player,18,411,0.3367158057228659,0.07043841764207409,0.05325201976220203,0.6793416259635804,0.36107374664775954,,,24.19604979442528,42.07026283864111
INT-0210,Alejandro Valdez,2005-06-24,Japan,2024,Industrial League,Position Player,19,308,0.2301080851953275,0.08895740215512778,0.04567430018055699,0.7178798556256146,0.3390624970208941,,,25.25758814031336,29.39148050190533
INT-0210,Alejandro Valdez,2005-06-24,Japan,2025,NPB Farm,Position Player,20,170,0.2597895995341984,0.052341172593886744,0.06101469880238053,0.7189212841208019,0.3400380146672253,,,24.416717271531237,48.07259511363045
INT-0211,ISAAC FERNANDEZ,2005-08-08,Mexico,2024,Mexican Pacific League,Pitcher,19,241,0.1546995852180356,0.12068898603593578,,,,87.27478282529773,0.45567688724749944,,55.841484343039895
INT-0211,Isaac Fernandez,2005-08-08,Mexico,2025,Mexican Pacific League,Pitcher,20,339,0.1975846652637587,0.06466478171572783,,,,89.02241672100824,0.4876919511669461,,59.57783922173543
INT-0212,Santiago Sato,1999-12-25,JPN,2022,NPB Farm,Pitcher,23,321,0.22594634186095916,0.09886802935250748,,,,91.43368680286672,0.5195384497639921,,53.56730993138276
INT-0212,Santiago Sato,1999-12-25,JPN,2023,Industrial League,Pitcher,24,419,0.21274755905515846,0.07212641094659403,,,,91.30053491972522,0.5284593371672746,,56.04255705631584
INT-0212,Santiago Sato,1999-12-25,Japan,2024,Industrial League,Pitcher,25,616,0.21726523475089982,0.08953561497915624,,,,91.70938926306154,0.509446532601991,,45.83810963157872
INT-0212,Santiago Sato,1999-12-25,Japan,2025,NPB Farm,Pitcher,26,559,0.27762308711693956,0.09559456792057075,,,,93.63405543571399,0.4935751534426229,,50.033025812306406
INT-0213,Seong-hyun Herrera,1999-12-12,México,2022,Mexican League,Pitcher,23,389,0.23191176372987324,0.08150786338591667,,,,90.19128224853851,0.457040111705442,,59.21026037439622
INT-0213,Seong-hyun Herrera,1999-12-12,Mexico,2023,Mexican League,Pitcher,24,265,0.21285924614612767,0.11957443303804959,,,,91.38424963682164,0.45229496406479847,,71.27051467013915
INT-0213,Seong-hyun Herrera,1999-12-12,México,2024,Mexican Pacific League,Pitcher,25,444,0.27827440296719963,0.09844340200453572,,,,90.85096867432779,0.44849417291586025,,54.680561909462504
INT-0213,Seong-hyun Herrera,1999-12-12,Mexico,2025,Mexican League,Pitcher,26,612,0.29045146604730193,0.11626721401381863,,,,94.25368527790835,0.46502157202924493,,60.360657856229814
INT-0214,Hector Lopez,2001-04-07,Japan,2022,NPB Farm,Pitcher,21,446,0.24047190770766635,0.09053008344043258,,,,89.7900690210539,0.514588418988449,,49.91643976163412
INT-0214,Hector Lopez,2001-04-07,Japan,2023,NPB Farm,Pitcher,22,532,0.18345984400432114,0.10261825816817632,,,,90.05931295899315,0.48615932800939293,,59.47688548322118
INT-0214,HECTOR LOPEZ,2001-04-07,Japan,2024,Industrial League,Pitcher,23,591,0.2533742740631896,0.08280888015210623,,,,92.25469552398835,0.5128535012369246,,54.15137308402408
INT-0214,Hector Lopez,2001-04-07,Japan,2025,NPB Farm,Pitcher,24,292,0.3047047033559755,0.04842734599552902,,,,91.52390334742117,0.506954501863353,,57.37123885196777
INT-0215,Marco Benitez,1999-12-11,Dominican Republic,2022,Dominican Summer League,Position Player,23,163,0.21157655004333564,0.09197650983282658,0.07985731815891509,0.7197291321628889,0.3068248461189347,,,27.065004834770296,65.67533620667078
INT-0215,Marco Benitez,1999-12-11,Dominican Republic,2023,Dominican Summer League,Position Player,24,158,0.1995315886429335,0.0855062614460586,0.07564963236177759,0.699461779389387,0.3190519086710388,,,26.738128676811563,67.6770101614685
INT-0215,Marco Benitez,1999-12-11,Dominican Republic,2024,Dominican Summer League,Position Player,25,580,0.20030576540909736,0.08352615281520795,0.12263747202304592,0.696532721754857,0.2887383336666756,,,26.41932355752505,63.54105296758999
INT-0215,Marco Benitez,1999-12-11,Dominican Republic,2025,Dominican Summer League,Position Player,26,422,0.214466865787344,0.130398555879996,0.0749132838404804,0.733580677866827,0.30777234093185946,,,27.638064062373818,65.24489723785346
INT-0216,Daichi Dominguez,2001-11-10,Colombia,2022,Colombian Winter League,Pitcher,21,88,0.15953423267769723,0.11087846452129185,,,,89.75682153563305,0.48255268231921256,,48.614010373687684
INT-0216,Daichi Dominguez,2001-11-10,Colombia,2023,Colombian Winter League,Pitcher,22,270,0.275233057781747,0.10500879805478547,,,,89.36361752454054,0.4764391487688492,,60.52403925338976
INT-0216,Daichi Dominguez,2001-11-10,Colombia,2024,Complex League,Pitcher,23,555,0.28313184632551275,0.09505834523240676,,,,90.80491516643421,0.4725755731525928,,50.66960553851672
INT-0216,Daichi Dominguez,2001-11-10,Colombia,2025,Complex League,Pitcher,24,206,0.20632808126266824,0.0843864497126019,,,,91.13301419226467,0.5383482269855833,,44.92355426814624
,Yun-seo Kim,2006-02-23,Colombia,2023,Colombian Winter League,Position Player,17,616,0.3157205674454023,0.06335573738676477,0.0535134595113186,0.7300525576129286,0.3264682640321088,,,26.06374989477449,52.83015197236945
INT-0217,YUN-SEO KIM,2006-02-23,COL,2024,Complex League,Position Player,18,179,0.23495382428933775,0.06632044469088423,0.09495490574785867,0.6810940540489155,0.3191559412779628,,,26.74406860463344,62.30825225158654
INT-0217,Yun-seo Kim,2006-02-23,Colombia,2025,Colombian Winter League,Position Player,19,476,0.2685982380935636,0.046147469952384695,0.1060104586932326,0.7012404887943555,0.33987945903016603,,,25.720075889784518,55.84537290944593
INT-0218,Mateo Ramirez,1999-02-13,South Korea,2022,Independent,Pitcher,23,427,0.13771292017948247,0.08730717577337557,,,,85.6972309394605,0.46318928496297185,,27.99974936974876
INT-0218,Mateo Ramirez,1999-02-13,South Korea,2023,Independent,Pitcher,24,518,0.14598453792755542,0.10157502578623626,,,,85.48893251295905,0.4900669666428854,,45.723408453358715
INT-0218,MATEO RAMIREZ,1999-02-13,South Korea,2024,Independent,Pitcher,25,239,0.14902982466074563,0.07898094048741089,,,,86.10593231233193,0.47373183494423776,,37.98717560168185
INT-0218,Mateo Ramirez,1999-02-13,South Korea,2025,Independent,Pitcher,26,431,0.11686297555748446,0.09804267848449452,,,,85.06443998684558,0.5251298929905066,,37.600283480774195
,Andres Jimenez,2002-11-16,Venezuela,2022,Complex League,Pitcher,20,132,0.21170048714922068,0.09543755724460339,,,,87.52578023354202,0.502953150631358,,59.40346468735735
INT-0219,Andres Jimenez,2002-11-16,Venezuela,2023,Dominican Summer League,Pitcher,21,440,0.20562532476374087,0.09075339961548994,,,,88.89153708819701,0.4611434676513863,,61.10931492470066
INT-0219,Andres Jimenez,2002-11-16,Venezuela,2024,Dominican Summer League,Pitcher,22,203,0.17776104033609866,0.09613811198095844,,,,89.53686779088548,0.45583434916151455,,62.81031053215688
INT-0219,Andres Jimenez,2002-11-16,Venezuela,2025,Dominican Summer League,Pitcher,23,235,0.19424805534924383,0.1029731807893482,,,,90.79795992572313,0.5251658195733018,,65.02693495987143
INT-0220,Ren Valdez,2005-03-27,Venezuela,2022,Dominican Summer League,Pitcher,17,432,0.2810784392805175,0.08686058447604664,,,,93.05978038478646,0.530610990481626,,48.32616790908217
INT-0220,Ren Valdez,2005-03-27,VZ,2023,Complex League,Pitcher,18,609,0.3391685108544452,0.06543747882902301,,,,92.21910732009836,0.5122757986989935,,48.645395929135645
INT-0220,Ren Valdez,2005-03-27,Venezuela,2024,Dominican Summer League,Pitcher,19,304,0.2514761617359547,0.09591223386351062,,,,92.0729656281192,0.47358309362700496,,48.033226442841126
INT-0220,Ren Valdez,2005-03-27,Venezuela,2025,Dominican Summer League,Pitcher,20,191,0.3004999055175562,0.0788507669693881,,,,93.33239178491533,0.4398070489943041,,50.037239660435105
INT-0221,Santiago Garcia,2005-09-23,Cuba,2024,Cuban National Series,Pitcher,19,256,0.25351350043937265,0.08000981158212826,,,,89.09190515853783,0.4691907170536621,,62.00253132274517
INT-0221,Santiago Garcia,2005-09-23,Cuba,2025,Cuban National Series,Pitcher,20,86,0.22513032284236234,0.07734964045871441,,,,89.9000297138725,0.5178036740910734,,56.26909306507569
INT-0222,Diego Choi,2001-10-11,Panama,2022,Panamanian League,Position Player,21,372,0.2296164140560741,0.100128994240375,0.055629641485865744,0.7591610235981099,0.2590472016017995,,,26.456347656468974,61.73412017111794
INT-0222,Diego Choi,2001-10-11,Panama,2023,Complex League,Position Player,22,290,0.18211747164324288,0.1025217034942616,0.08379946794505286,0.7438270901045001,0.2932808904219954,,,26.293869149390606,51.59463415962464
INT-0222,Diego Choi,2001-10-11,PAN,2024,Panamanian League,Position Player,23,105,0.17497788179072113,0.11984290214455129,0.16657300905106642,0.7664164509316912,0.27147342642064526,,,26.26655720821471,61.82766313310512
INT-0222,Diego Choi,2001-10-11,Panama,2025,Panamanian League,Position Player,24,268,0.23875412757479555,0.09293386639901877,0.13698222192199286,0.8074138971245525,0.25792913880029983,,,26.307809046601424,45.03363941363528
,Ren Ortega 2,2000-06-16,Venezuela,2022,Dominican Summer League,Pitcher,22,87,0.2678777091324603,0.08236153264542317,,,,90.51384536874754,0.49401690054569886,,47.823976851996065
INT-0223,Ren Ortega 2,2000-06-16,Venezuela,2023,Complex League,Pitcher,23,249,0.21431590726961328,0.10811777802730288,,,,88.24508800523525,0.47560845855243766,,39.87350734477841
INT-0223,Ren Ortega 2,2000-06-16,Venezuela,2024,Complex League,Pitcher,24,371,0.26087030535952904,0.08242027018049104,,,,90.28946803414084,0.5156220610646226,,36.11160827733782
INT-0223,Ren Ortega 2,2000-06-16,Venezuela,2025,Complex League,Pitcher,25,408,0.23160430912485971,0.08158750652586344,,,,90.63013198810953,0.5262613836524209,,33.912161693836715
INT-0224,Marco Sanchez 2,2000-06-22,Mexico,2022,Mexican Pacific League,Position Player,22,462,0.22224467409674498,0.0837210710906302,0.12329437922875126,0.6646875224465408,0.3377669247817047,,,25.556696021597478,46.89886372416248
INT-0224,Marco Sanchez 2,2000-06-22,Mexico,2023,Mexican League,Position Player,23,378,0.25929022328063633,0.06748845863932611,0.1871844258659231,0.7222648026011658,0.3198902213925688,,,25.77819020146971,43.25576263342238
INT-0224,Marco Sanchez 2,2000-06-22,Mexico,2024,Mexican League,Position Player,24,141,0.2602151222355843,0.05776267377813346,0.17735610307745361,0.6965978629813655,0.3239952669372775,,,24.54020080638734,40.77199167770701
INT-0224,Marco Sanchez 2,2000-06-22,Mexico,2025,Mexican League,Position Player,25,199,0.25866568041801996,0.0924359728189468,0.1880028894453054,0.7242712750295895,0.28433820056861553,,,25.562550517747244,43.21577395068937
INT-0225,Ji-ho Nakamura,2000-04-14,Dominican Republic,2022,Dominican Summer League,Position Player,22,525,0.22375423701543115,0.0517621597800612,0.10549357226755349,0.7093120348675819,0.2943827651139158,,,24.85389055678263,45.546531646884475
INT-0225,Ji-ho Nakamura,2000-04-14,Dominican Republic,2023,Dominican Summer League,Position Player,23,193,0.2528147829386953,0.057639234825042865,0.10946213637836907,0.7369017411197866,0.2939394103573974,,,25.989503593902164,51.50534502404488
INT-0225,Ji-ho Nakamura,2000-04-14,Dominican Republic,2024,Dominican Summer League,Position Player,24,318,0.22884944261940357,0.06765328251685485,0.03558418688101723,0.7309961942568798,0.32776061827239794,,,25.97916562604138,51.81546835585468
INT-0225,Ji-ho Nakamura,2000-04-14,DOM,2025,Complex League,Position Player,25,219,0.22914516674519886,0.07135946044283104,0.11519647656921592,0.775036259246929,0.28100653427146194,,,25.44032205677724,50.474682534604966
INT-0226,Nicolas Benitez,2006-09-19,Venezuela,2024,Complex League,Position Player,18,605,0.2472846029804535,0.07199816328783261,0.09217167831548276,0.6915896116794954,0.3594041416161258,,,24.318624345849514,44.77213718469055
INT-0226,Nicolas Benitez,2006-09-19,Venezuela,2025,Complex League,Position Player,19,616,0.26268266223146236,0.07439635747847234,0.07511389354158823,0.6894460990953603,0.2961997065357492,,,25.117045204421604,52.708783583418196
INT-0227,Nicolas Sato,2001-03-23,PAN,2022,Complex League,Pitcher,21,393,0.24519871047568387,0.1056353784798367,,,,92.05690881313029,0.5164391875350816,,52.58867111561131
INT-0227,Nicolas Sato,2001-03-23,Panama,2023,Complex League,Pitcher,22,515,0.2514830210237473,0.13776257559004246,,,,92.1891676023653,0.4741987907500515,,51.755334097315185
INT-0227,Nicolas Sato,2001-03-23,Panama,2024,Panamanian League,Pitcher,23,208,0.2599118269914456,0.11987790901793252,,,,91.32655621727439,0.4798312307684321,,52.27905576959994
INT-0227,Nicolas Sato,2001-03-23,Panama,2025,Complex League,Pitcher,24,425,0.2851641624903982,0.14640251704485482,,,,92.28074557485579,0.4782116223548105,,52.455026125156884
INT-0228,Daichi Lee,2002-03-07,VZ,2022,Complex League,Position Player,20,347,0.2364191806307694,0.0949119610781731,0.10222026771933287,0.7602326075181333,0.31189466227076157,,,25.641658997614616,43.66398070225848
INT-0228,Daichi Lee,2002-03-07,VEN,2023,Dominican Summer League,Position Player,21,239,0.20990873699897802,0.06247503434605273,0.10068104254988385,0.7587640246682662,0.28703106770477643,,,26.032650560482896,46.337981221031626
INT-0228,Daichi Lee,2002-03-07,Venezuela,2024,Complex League,Position Player,22,495,0.21922548663570357,0.08496813997333132,0.10717179889308869,0.7503600281238599,0.2991445897041586,,,26.36829582941425,54.723352880279464
INT-0228,Daichi Lee,2002-03-07,Venezuela,2025,Dominican Summer League,Position Player,23,478,0.2067999707167933,0.09206407079453248,0.14092138131486326,0.7486649602125074,0.29318788907207505,,,26.242846770291738,48.006742757313106
INT-0229,Alejandro Martinez 2,2006-03-02,Dominican Republic,2024,Complex League,Position Player,18,475,0.2188723638662064,0.07766269704646245,0.14400695235614971,0.7256633318293382,0.30205306065509735,,,25.90100460560427,39.91554167959706
INT-0229,Alejandro Martinez 2,2006-03-02,Dominican Republic,2025,Dominican Summer League,Position Player,19,223,0.2324455715303047,0.07885054611157563,0.1626017311228948,0.7695802875337794,0.31122680893110455,,,24.625085044137172,30.276897785628925
INT-0230,Marco Lee,2005-06-27,Dominican Republic,2022,Complex League,Pitcher,17,473,0.2663677946024598,0.14687995460694217,,,,92.0106032030441,0.39221767004891966,,38.49770400512534
INT-0230,Marco Lee,2005-06-27,Dominican Republic,2023,Complex League,Pitcher,18,190,0.26092593237600803,0.15608707175820516,,,,93.60697734927263,0.4622655457078727,,42.49618647761647
INT-0230,Marco Lee,2005-06-27,Dominican Republic,2024,Dominican Summer League,Pitcher,19,310,0.26650658041008773,0.14665627695678077,,,,94.33873774795279,0.40607196126324613,,39.82739422361172
INT-0230,Marco Lee,2005-06-27,Dominican Republic,2025,Dominican Summer League,Pitcher,20,134,0.2799860327402119,0.18012131274031692,,,,95.14973295971218,0.40276973893882717,,43.86271714068584
INT-0231,Mateo Yamamoto,2002-08-21,Japan,2022,Industrial League,Position Player,20,419,0.24201787250682633,0.06923991972430445,0.1484814508538433,0.6844848257555882,0.3046055700995563,,,26.6099450828355,61.11377071613421
INT-0231,Mateo Yamamoto,2002-08-21,Japan,2023,Industrial League,Position Player,21,601,0.2770001300193078,0.05757165071431165,0.22016128376426286,0.6654335835641199,0.3625119795879086,,,26.72679410004253,59.88513885995241
,Mateo Yamamoto,2002-08-21,Japan,2024,Industrial League,Position Player,22,276,0.23461881355495945,0.10371189661559924,0.1739019493833812,0.7023681993430135,0.29245273898069607,,,26.523164996756407,47.78662429586537
INT-0231,Mateo Yamamoto,2002-08-21,Japan,2025,NPB Farm,Position Player,23,225,0.23540624274361932,0.06969545992166143,0.18053112394053608,0.7205294239026948,0.29242059639371293,,,26.749976353248076,57.74963616338656
INT-0232,Seong-hyun Mendez,2000-11-05,Dominican Republic,2022,Complex League,Position Player,22,144,0.28542449128592834,0.051618185265416776,0.07916851340846812,0.6952134545013791,0.3625237042485039,,,25.992991420589533,47.49194958506812
INT-0232,Seong-hyun Mendez,2000-11-05,Dominican Rep.,2023,Dominican Summer League,Position Player,23,110,0.2377119531849964,0.06646208809740797,0.11136513861593894,0.6868018291749889,0.3852939028002864,,,26.09398513241311,51.63002650175489
INT-0232,Seong-hyun Mendez,2000-11-05,DOM,2024,Complex League,Position Player,24,147,0.22893355959651973,0.06788789013607278,0.17506974344243545,0.7031319042594842,0.32580833977818036,,,25.904901504941957,56.23007069808102
INT-0232,Seong-hyun Mendez,2000-11-05,D.R.,2025,Dominican Summer League,Position Player,25,513,0.2526149981628499,0.07269991705649585,0.1003978462490201,0.6859845032600469,0.2960542667997469,,,25.97133309718645,46.40421751187451
INT-0233,Ji-ho Dominguez,2001-03-21,Mexico,2022,Mexican Pacific League,Pitcher,21,504,0.17061569961526304,0.11605853597077082,,,,86.77679267114362,0.5013432074704574,,53.10035250685415
INT-0233,Ji-ho Dominguez,2001-03-21,Mexico,2023,Mexican League,Pitcher,22,220,0.17587580813358838,0.14932998484216922,,,,87.89531419296947,0.4447408450680718,,38.70924567639744
INT-0233,JI-HO DOMINGUEZ,2001-03-21,Mexico,2024,Mexican Pacific League,Pitcher,23,140,0.25370150172369704,0.11615132884240635,,,,88.77325879652656,0.5184530697169488,,53.433171338342206
,Ji-ho Dominguez,2001-03-21,Mexico,2025,Mexican Pacific League,Pitcher,24,149,0.15119444424477096,0.06878492728020966,,,,90.45790955415994,0.4381971848153583,,53.831351467815395
INT-0234,Luis Nakamura,1999-07-15,Panama,2022,Complex League,Position Player,23,469,0.2986572126509079,0.055076160455157744,0.08929476773037084,0.6837445296258982,0.317764135963425,,,25.881968428545008,46.36187953150737
,Luis Nakamura,1999-07-15,Panama,2023,Panamanian League,Position Player,24,211,0.23484115833430813,0.062156154921198664,0.15791578079165022,0.68339499661987,0.3339578807419988,,,25.842465376295742,49.78284814269152
,Luis Nakamura,1999-07-15,Panamá,2024,Complex League,Position Player,25,478,0.3069282375505753,0.07811977589959847,0.04937410411812229,0.7464649050608897,0.3060005372839632,,,27.119630968617408,56.35341708961106
INT-0234,Luis Nakamura,1999-07-15,Panama,2025,Complex League,Position Player,26,113,0.27493557711124,0.0900150128924565,0.12662723417823057,0.7849750255419532,0.29713179316169075,,,24.76719907210391,42.36529835103789
INT-0235,Santiago Dominguez,2004-09-22,Dominican Republic,2022,Dominican Summer League,Pitcher,18,155,0.1513077086518939,0.11648267785197734,,,,87.89642707559437,0.47670574109503533,,57.6953163558524
INT-0235,Santiago Dominguez,2004-09-22,Dominican Republic,2023,Dominican Summer League,Pitcher,19,306,0.23566245362631175,0.09189904068627164,,,,88.48669465715464,0.450946536840371,,49.87771395343553
,SANTIAGO DOMINGUEZ,2004-09-22,Dominican Republic,2024,Complex League,Pitcher,20,398,0.22487537480289957,0.08980447809866368,,,,89.03278647043817,0.4868767928265706,,58.83277718848564
INT-0235,Santiago Dominguez,2004-09-22,DOM,2025,Complex League,Pitcher,21,414,0.2045398578259612,0.1108146362746052,,,,87.74294410365417,0.48915493775305674,,61.24128049618196
INT-0236,Mateo Lopez,1999-12-21,MEX,2022,Mexican League,Position Player,23,282,0.19950719265131658,0.10083330994801948,0.11710232738210459,0.750473576382676,0.2673779697921081,,,25.446480326239747,41.60787719504212
,Mateo Lopez,1999-12-21,Mexico,2023,Mexican League,Position Player,24,325,0.237523529012073,0.09045938660181065,0.15461687308138855,0.7764134292937048,0.28418259506518145,,,26.201809859459303,43.41780045357012
INT-0236,  Mateo Lopez ,1999-12-21,Mexico,2024,Mexican League,Position Player,25,191,0.22523592184600716,0.08909952379198038,0.13421084267313702,0.7615555338031044,0.25213400297920063,,,24.76050287559759,34.68401571810698
INT-0236,Mateo Lopez,1999-12-21,Mexico,2025,Mexican Pacific League,Position Player,26,203,0.2004566619661222,0.07587462924430959,0.1645186005582934,0.8156039816671808,0.3052374576066003,,,25.622682930713143,40.0209362350721
INT-0237,Seong-hyun Park 2,2006-06-15,Japan,2023,NPB Farm,Pitcher,17,581,0.23293982716176595,0.12249603843211647,,,,89.85793506319895,0.48571329222859416,,50.36019915629442
INT-0237,Seong-hyun Park 2,2006-06-15,Japan,2024,NPB Farm,Pitcher,18,608,0.3030330823646593,0.12511786047924633,,,,91.63197434852077,0.4832122443625153,,45.486163783597284
INT-0237,Seong-hyun Park 2,2006-06-15,Japan,2025,NPB Farm,Pitcher,19,80,0.25671206021358295,0.08336106876091728,,,,91.57514719056553,0.48438151211317976,,52.736352173247795
INT-0238,Emilio Lee,2005-03-21,VEN,2022,Complex League,Position Player,17,558,0.1904915953519406,0.07730769228711021,0.12389060909778571,0.7741295580323541,0.2619544415151304,,,26.702970401479895,41.23854225933395
INT-0238,Emilio Lee,2005-03-21,Venezuela,2023,Complex League,Position Player,18,103,0.13214999517971626,0.08025470200073881,0.1772414381797267,0.7475843715711726,0.2600948830956204,,,24.79213691379033,45.36395938807713
INT-0238,Emilio Lee,2005-03-21,VEN,2024,Dominican Summer League,Position Player,19,150,0.1724473659525027,0.0680095733042136,0.14236562658140609,0.7819646547979093,0.28166492513889985,,,26.87671913596639,46.19036204474082
INT-0238,  Emilio Lee ,2005-03-21,Venezuela,2025,Complex League,Position Player,20,555,0.12140579790103151,0.11813916686547772,0.16718764593341442,0.7360421960551657,0.27385678347046993,,,26.01706671081304,52.30328677155129
INT-0239,Gabriel Park 2,2001-12-13,VEN,2022,Dominican Summer League,Position Player,21,133,0.21942267442108285,0.09849424140212372,0.13014743929478664,0.7351863365129399,0.29277953581345234,,,25.446367900984356,55.58812865969913
INT-0239,Gabriel Park 2,2001-12-13,Venezuela,2023,Complex League,Position Player,22,520,0.21502494929154253,0.07308828119175959,0.1599227372202069,0.6945081739068684,0.24177584736100038,,,27.221135188331925,56.76789930589086
INT-0239,Gabriel Park 2,2001-12-13,Venezuela,2024,Complex League,Position Player,23,393,0.21711372804810117,0.08823279495408856,0.2230456252405075,0.7532710728288532,0.27692466637649477,,,25.545736088349813,53.559137299972356
INT-0239,Gabriel Park 2,2001-12-13,Venezuela,2025,Complex League,Position Player,24,563,0.2102340684285837,0.11319007385007082,0.19836905703756022,0.7904990001958082,0.2553736559867156,,,26.313760470845942,54.788765572034734
INT-0240,  Seong-hyun Dominguez ,2001-12-07,Venezuela,2022,Complex League,Position Player,21,344,0.31002356793420294,0.07225035965916009,0.19912700522079607,0.6854651154753055,0.35997551692844204,,,25.641563449251386,53.218474838365076
INT-0240,Seong-hyun Dominguez,2001-12-07,Venezuela,2023,Dominican Summer League,Position Player,22,137,0.2833831530936323,0.048692172256879974,0.18600402446514397,0.6892747956491806,0.3167978926343468,,,26.59184974989222,48.84588100003287
INT-0240,Seong-hyun Dominguez,2001-12-07,Venezuela,2024,Complex League,Position Player,23,92,0.25228058495638056,0.07950692499684658,0.17649432537328696,0.6590167756925259,0.353805252296512,,,25.95254332460065,56.37376107216079
INT-0240,Seong-hyun Dominguez,2001-12-07,Venezuela,2025,Complex League,Position Player,24,225,0.2649903789966259,0.09885082095549388,0.2614447195670103,0.730828142573123,0.30776933509967014,,,25.782281770805625,49.40386334086176
INT-0241,HECTOR TORRES,2000-02-09,D.R.,2022,Complex League,Pitcher,22,242,0.17565576843051053,0.09077048720243647,,,,89.26478547660514,0.48371898473660874,,34.742020560091284
INT-0241,HECTOR TORRES,2000-02-09,DOM,2023,Dominican Summer League,Pitcher,23,490,0.2676347529380796,0.08215128002075506,,,,90.46263527644717,0.4767103874579922,,36.90713672755393
INT-0241,Hector Torres,2000-02-09,Dominican Republic,2024,Complex League,Pitcher,24,461,0.2636108126740361,0.07100097251191356,,,,93.04195953038446,0.48731036383441756,,45.54341392277503
INT-0241,Hector Torres,2000-02-09,Dominican Republic,2025,Dominican Summer League,Pitcher,25,525,0.254159331798369,0.0825696337728841,,,,94.25321067747123,0.46973127733201003,,30.805373863979657
INT-0242,EMILIO ESTRADA,2004-08-15,PAN,2023,Panamanian League,Position Player,19,407,0.2658429234718633,0.1074503534146147,0.09570885807205581,0.7884951557370097,0.2918977860526683,,,26.477352849183305,52.040954961665534
INT-0242,Emilio Estrada,2004-08-15,Panama,2024,Complex League,Position Player,20,241,0.21069771188055048,0.10262114120512672,0.14760513064735592,0.7646581707443174,0.25084611561860365,,,25.59464678535003,61.63903863747175
INT-0242,Emilio Estrada,2004-08-15,Panama,2025,Panamanian League,Position Player,21,340,0.23679872790029796,0.11233366941113333,0.024993819467767728,0.744175531238343,0.236740674881036,,,27.116655675536567,60.71061696433733
INT-0243,Gabriel Estrada,2005-08-09,Panama,2024,Complex League,Pitcher,19,143,0.2397598720141816,0.08525747254128722,,,,88.94810239691344,0.4878689392607601,,44.943773878106846
INT-0243,Gabriel Estrada,2005-08-09,Panama,2025,Panamanian League,Pitcher,20,113,0.1854769584728465,0.09645432495175173,,,,90.83248699147018,0.5062186227500187,,38.80104988051658
,Daniel Tanaka,2006-03-07,Venezuela,2025,Dominican Summer League,Pitcher,19,340,0.17821209112926167,0.1391828132755552,,,,88.1890139859645,0.5059868263312257,,59.53698849598767
INT-0245,Diego Vargas,2003-05-10,JPN,2022,Industrial League,Position Player,19,216,0.24379846052705953,0.10263309209222955,0.053930089357597286,0.7448736772115813,0.3199866626564561,,,26.765034707056515,65.09721313733037
INT-0245,Diego Vargas,2003-05-10,Japan,2023,NPB Farm,Position Player,20,149,0.22536983841158162,0.08722080460667936,0.13373737161845042,0.773502356810745,0.2911864607188417,,,26.727405764406157,58.55439237224859
INT-0245,Diego Vargas,2003-05-10,Japan,2024,NPB Farm,Position Player,21,327,0.19119143799522997,0.07962821500226398,0.06726393829501104,0.7360161461628916,0.31228995808602755,,,27.217518887416627,60.495502326000306
INT-0245,Diego Vargas,2003-05-10,Japan,2025,NPB Farm,Position Player,22,313,0.2400291229125743,0.09390737949077799,0.09241118106434155,0.7419281097787147,0.24356069499366892,,,26.14011402489383,59.74062448698943
INT-0246,Ren Castillo,2000-12-23,Dominican Republic,2022,Dominican Summer League,Pitcher,22,93,0.16373373647621386,0.11764307269874962,,,,89.11102064783407,0.4804492150535103,,63.19858054460315
INT-0246,Ren Castillo,2000-12-23,Dominican Rep.,2023,Complex League,Pitcher,23,189,0.19297524932341514,0.14442882082778175,,,,89.58515236929105,0.4812432697651976,,51.551909974188064
INT-0246,Ren Castillo,2000-12-23,D.R.,2024,Dominican Summer League,Pitcher,24,162,0.24128701703049527,0.10069652740567057,,,,86.59013167042549,0.4854020979235634,,47.65846685207656
INT-0246,Ren Castillo,2000-12-23,D.R.,2025,Dominican Summer League,Pitcher,25,602,0.22477251769906714,0.09384961297010253,,,,89.61098530129301,0.4280791048499704,,62.30195650992069
,TAKESHI HAN,2000-02-13,Dominican Republic,2022,Dominican Summer League,Position Player,22,466,0.24722000749534906,0.08735299309222475,0.11130604685680592,0.697988296811036,0.31464673651390807,,,27.13009876101422,57.91728905570097
INT-0247,Takeshi Han,2000-02-13,Dominican Republic,2023,Dominican Summer League,Position Player,23,113,0.2736671246909147,0.059466187117244475,0.15669844838308,0.7282972689479914,0.2848481734971162,,,25.993393607976646,51.08063156663552
INT-0247,Takeshi Han,2000-02-13,Dominican Republic,2024,Dominican Summer League,Position Player,24,425,0.2565948815723532,0.0770523625781159,0.12824012636172416,0.7050880613536249,0.31290609370763783,,,27.987322081167637,60.12577024301436
INT-0247,Takeshi Han,2000-02-13,DOM,2025,Dominican Summer League,Position Player,25,602,0.20814626788632093,0.06078028757219454,0.14201843648488785,0.723827521700188,0.32075608520344123,,,26.393481503867182,59.52672879986106
INT-0248,Takeshi Mendez,2000-04-26,Dominican Republic,2022,Dominican Summer League,Position Player,22,610,0.2537398128448237,0.08946814605597116,0.20911771164844153,0.7118828851954687,0.2970403722182717,,,23.60406994462264,43.06581380426796
INT-0248,  Takeshi Mendez ,2000-04-26,Dominican Republic,2023,Complex League,Position Player,23,554,0.22280461026182513,0.07939677111212133,0.17799748966533696,0.7158574749422261,0.3284394415792837,,,25.405171651966842,42.169687486872796
INT-0248,  Takeshi Mendez ,2000-04-26,Dominican Republic,2024,Complex League,Position Player,24,243,0.24724210314464293,0.07710259531031538,0.11331725875859722,0.7186636199878468,0.2948537151446187,,,26.129360945160936,40.728586714788975
INT-0248,Takeshi Mendez,2000-04-26,Dominican Republic,2025,Complex League,Position Player,25,373,0.22912121699516155,0.06540004554573546,0.16894604647331823,0.7591182387957021,0.32112832652734186,,,25.90582267845057,48.707792273672695
INT-0249,Felix Quintero,2000-08-19,Venezuela,2022,Complex League,Position Player,22,602,0.227798484753849,0.07673760185711348,0.19446731308670764,0.6928389807498913,0.26855304731810137,,,24.212814135926287,38.11344569758301
INT-0249,Felix Quintero,2000-08-19,VZ,2023,Complex League,Position Player,23,377,0.20584207015615422,0.0568966849391436,0.13840881061356253,0.7114416514387064,0.2892134154790998,,,23.5,33.488256204548854
INT-0249,Felix Quintero,2000-08-19,Venezuela,2024,Dominican Summer League,Position Player,24,95,0.20326405795186853,0.08669534929773723,0.2234131418277664,0.7433842940139985,0.3249562060044495,,,23.5,28.788548952797072
INT-0249,Felix Quintero,2000-08-19,Venezuela,2025,Complex League,Position Player,25,182,0.24341825961801777,0.10387211577231667,0.18112283318738054,0.8122029348973334,0.29041335798550505,,,23.5,35.34607600647944
INT-0250,Kaito Herrera 2,2007-02-06,D.R.,2025,Dominican Summer League,Position Player,18,532,0.23620816774203784,0.0696043634232239,0.11053613590584774,0.7039872509965941,0.3065174422458182,,,26.74271549248601,51.859449320953985
INT-0251,Daniel Garcia,2004-10-18,Panama,2022,Complex League,Pitcher,18,439,0.08,0.10491683170526668,,,,82.0,0.43648483189973086,,60.261474999357304
INT-0251,Daniel Garcia,2004-10-18,Panama,2023,Complex League,Pitcher,19,419,0.11541460163344294,0.1502169703846074,,,,83.40631661328224,0.3850197203987363,,58.029791329326585
INT-0251,Daniel Garcia,2004-10-18,Panama,2024,Complex League,Pitcher,20,567,0.08,0.128834808821489,,,,82.59653739051491,0.46791097892278644,,66.62673104141479
INT-0251,Daniel Garcia,2004-10-18,Panama,2025,Complex League,Pitcher,21,503,0.128566493100033,0.08497932138214609,,,,85.17876561395651,0.42778350102750873,,67.18387494794096
INT-0252,Min-jun Kim 2,2003-10-13,Dominican Republic,2022,Dominican Summer League,Position Player,19,296,0.23623749547185416,0.11115183779379567,0.1442724744848034,0.7487231873378402,0.3127265501278445,,,28.393197557589485,63.929514643401816
INT-0252,Min-jun Kim 2,2003-10-13,Dominican Republic,2023,Dominican Summer League,Position Player,20,486,0.19762293981611062,0.10867593582011018,0.13308136685378286,0.7166402465725104,0.2744794176834762,,,26.580011795316093,62.68204746464967
,Min-jun Kim 2,2003-10-13,Dominican Republic,2024,Dominican Summer League,Position Player,21,391,0.21677339077572436,0.09345635237225934,0.16981097673995468,0.744713850302956,0.2775988501411348,,,26.82122545269725,52.928989286611774
INT-0252,MIN-JUN KIM 2,2003-10-13,D.R.,2025,Dominican Summer League,Position Player,22,407,0.18413002191032202,0.09158397516952935,0.12610846547570959,0.7438962111310037,0.2546431376818946,,,26.80772340342626,63.60351915694889
INT-0253,Isaac Nakamura 2,2000-04-12,Venezuela,2022,Dominican Summer League,Position Player,22,246,0.2218291852308217,0.10831539798118445,0.11597689914876462,0.7877255881791501,0.25643497349025474,,,25.339029433525063,40.78386069677734
INT-0253,Isaac Nakamura 2,2000-04-12,Venezuela,2023,Dominican Summer League,Position Player,23,515,0.1977682894897257,0.10083635862490016,0.16495742143885497,0.7893946286130816,0.25633031456534494,,,24.89495636171611,48.70506164232049
INT-0253,Isaac Nakamura 2,2000-04-12,Venezuela,2024,Complex League,Position Player,24,102,0.16847552338967467,0.1009372723098826,0.1390481018133318,0.7585045974506887,0.19131811172833624,,,25.28223593241745,30.159494550102956
INT-0253,Isaac Nakamura 2,2000-04-12,Venezuela,2025,Complex League,Position Player,25,482,0.21470744190977947,0.10448805401054215,0.061781971421058984,0.7932757934645048,0.28525832321616124,,,25.332457706973422,38.590666938432285
INT-0254,Javier Herrera,2005-08-25,Panama,2022,Panamanian League,Position Player,17,573,0.2663953397758976,0.09078942411933313,0.1264879149245394,0.7180564215915293,0.3266251293047895,,,26.069517061134334,51.444407975552124
INT-0254,Javier Herrera,2005-08-25,Panama,2023,Panamanian League,Position Player,18,273,0.2256021290466726,0.07312182801385403,0.15021588118160256,0.7225623488172637,0.3508459021438854,,,26.56812090793991,45.35170472205725
INT-0254,Javier Herrera,2005-08-25,Panama,2024,Panamanian League,Position Player,19,338,0.22440692555125463,0.07604035780759863,0.17355967757301616,0.7489186703568572,0.28956117898449657,,,25.895034190375235,55.959706205092985
INT-0254,Javier Herrera,2005-08-25,Panama,2025,Panamanian League,Position Player,20,172,0.21197135910063622,0.05864537924294027,0.12389406669774802,0.7334917808982271,0.2839432420189517,,,25.614250985444922,52.82976922714481
INT-0255,Emilio Mendez,2005-12-22,Venezuela,2022,Complex League,Position Player,17,302,0.2074620928002813,0.06996771594805146,0.06025058847764278,0.7539116580929847,0.29437765347210554,,,25.33734321604529,44.35451897971075
INT-0255,Emilio Mendez,2005-12-22,Venezuela,2023,Complex League,Position Player,18,487,0.198708820768038,0.09515609275470208,0.13495842772838465,0.8050047427850169,0.30275648508653996,,,25.348029446432324,54.37899723504455
INT-0255,Emilio Mendez,2005-12-22,Venezuela,2024,Dominican Summer League,Position Player,19,394,0.2142365088589932,0.127308594278287,0.13420858749386047,0.7769579381015451,0.19482855316282055,,,24.79618278565688,47.34376332762153
INT-0255,  Emilio Mendez ,2005-12-22,Venezuela,2025,Dominican Summer League,Position Player,20,111,0.21498777329257218,0.09733920458506405,0.15079384718477296,0.7900234569804819,0.2740671047988577,,,26.39614191922956,49.58782078919077
INT-0256,Emilio Estrada 2,2001-08-22,Dominican Republic,2022,Complex League,Pitcher,21,202,0.31316459942021235,0.10630790944116086,,,,91.31294599550128,0.45706824859883155,,78.76449495504858
INT-0256,Emilio Estrada 2,2001-08-22,Dominican Republic,2023,Complex League,Pitcher,22,307,0.28958684109151267,0.09897072695195093,,,,92.29214951936741,0.46492220475478724,,65.59160575183908
INT-0256,Emilio Estrada 2,2001-08-22,Dominican Republic,2024,Dominican Summer League,Pitcher,23,220,0.286621511826116,0.08862299138686486,,,,94.45062059601655,0.4549183976456525,,69.88832403552077
INT-0256,Emilio Estrada 2,2001-08-22,Dominican Republic,2025,Dominican Summer League,Pitcher,24,111,0.30252459230939,0.11425329315034372,,,,96.02864930089139,0.4873621766659538,,75.53786084509242
INT-0257,Andres Ramirez 2,1999-10-15,Dominican Republic,2022,Complex League,Position Player,23,228,0.2812032754933006,0.0848677931391627,0.026665403370445533,0.7311659563376174,0.3591606989150468,,,26.62815707040719,43.73626364778515
INT-0257,Andres Ramirez 2,1999-10-15,Dominican Republic,2023,Complex League,Position Player,24,598,0.19882796266964578,0.08633580753158762,0.062257667223745206,0.7297937006928453,0.30722149773943,,,26.40915674627553,51.6287937461875
INT-0257,Andres Ramirez 2,1999-10-15,Dominican Republic,2024,Complex League,Position Player,25,458,0.19358785348519142,0.0804551210862126,0.1407922558186715,0.6915649124483999,0.29555637754141195,,,25.59349309832945,48.618506287279
INT-0257,Andres Ramirez 2,1999-10-15,Dominican Republic,2025,Dominican Summer League,Position Player,26,208,0.21764494791652703,0.11630516767942356,0.05822690286692714,0.7484259872409168,0.31791321429855124,,,26.290201014382248,40.96194714323899
INT-0258,Esteban Dominguez,2006-10-15,Japan,2023,Industrial League,Position Player,17,520,0.2662634004633284,0.0817233342446401,0.11897393426474054,0.6930670634508267,0.3005799517135467,,,26.98582719606437,64.76907072507234
INT-0258,Esteban Dominguez,2006-10-15,Japan,2024,Industrial League,Position Player,18,581,0.25102147012999326,0.07634746681306562,0.05035423293432262,0.6659569133293826,0.3403387854328059,,,26.896489255463667,59.92965477686402
INT-0258,Esteban Dominguez,2006-10-15,Japan,2025,NPB Farm,Position Player,19,98,0.26156112213737964,0.0805588348246385,0.10634653121142437,0.7715249355761546,0.2928711139863381,,,27.65221463025446,61.24463074714118
INT-0259,Javier Rojas,2001-02-09,VZ,2022,Complex League,Pitcher,21,125,0.2443198291580914,0.11339213929572681,,,,84.36243180293991,0.49939774965046435,,40.19447880647954
INT-0259,Javier Rojas,2001-02-09,Venezuela,2023,Complex League,Pitcher,22,285,0.2629319723322524,0.10181779496686792,,,,90.14082892150132,0.5062359648496757,,45.3602993785975
INT-0259,Javier Rojas,2001-02-09,Venezuela,2024,Dominican Summer League,Pitcher,23,253,0.25881612366271894,0.07257583178084658,,,,92.74864984022382,0.4468423381072584,,43.2006665444749
INT-0259,JAVIER ROJAS,2001-02-09,Venezuela,2025,Dominican Summer League,Pitcher,24,114,0.20530804922277948,0.07437281390069563,,,,90.0194198738161,0.48611443728947773,,41.804211899042805
INT-0260,Rafael Martinez,1999-12-08,Japan,2022,NPB Farm,Pitcher,23,587,0.2212428245531745,0.12994845961858134,,,,90.68590456549585,0.474055418353994,,62.82315224255957
INT-0260,Rafael Martinez,1999-12-08,Japan,2023,Industrial League,Pitcher,24,339,0.20292926256933103,0.12873176877892673,,,,88.93635394413342,0.4372799520953593,,47.149556961226466
INT-0260,Rafael Martinez,1999-12-08,Japan,2024,Industrial League,Pitcher,25,532,0.2085273639704497,0.13220811066150404,,,,88.6192369559294,0.43171962726907526,,51.82715643057341
INT-0260,Rafael Martinez,1999-12-08,Japan,2025,Industrial League,Pitcher,26,501,0.27744076143012303,0.06526894165387404,,,,91.47597915467308,0.444184651902502,,55.62437467034239
INT-0261,Ji-ho Jimenez 2,2007-04-22,Dominican Republic,2024,Complex League,Pitcher,17,378,0.26028235337115724,0.12505997219196255,,,,91.52649981844517,0.5321905857044791,,34.39762445425231
INT-0261,Ji-ho Jimenez 2,2007-04-22,Dominican Republic,2025,Complex League,Pitcher,18,376,0.2281056383366018,0.06488662247246829,,,,93.57233524469117,0.5205216552007159,,41.46409032201072
INT-0262,Carlos Perez,2005-01-08,COL,2023,Colombian Winter League,Pitcher,18,161,0.22200384174667392,0.05556482395579978,,,,89.89561344467826,0.5343475857282538,,53.8511629619399
INT-0262,Carlos Perez,2005-01-08,Colombia,2024,Complex League,Pitcher,19,418,0.2150185357468741,0.07259142282373632,,,,89.95869644019923,0.5085966948400215,,55.905146262573496
INT-0262,Carlos Perez,2005-01-08,Colombia,2025,Complex League,Pitcher,20,224,0.203940625177586,0.061807144885302534,,,,90.4105558457698,0.5273628781160817,,58.93496333838879
INT-0263,Luis Mendez,2002-08-01,Dominican Republic,2022,Complex League,Position Player,20,87,0.20074295595465724,0.07376592591658869,0.14920863189010783,0.7890551969155322,0.2809701521471462,,,23.5,47.4928995439129
INT-0263,Luis Mendez,2002-08-01,Dominican Republic,2023,Complex League,Position Player,21,197,0.2345919388853445,0.07883932888305516,0.14767089388695398,0.7632655312007955,0.24663632785759457,,,25.511724890949882,50.134433267645846
INT-0263,Luis Mendez,2002-08-01,Dominican Republic,2024,Complex League,Position Player,22,207,0.19645353495281384,0.09302028531717213,0.22406076928423585,0.7753370928493761,0.27599260019208455,,,25.956389899594544,44.29738101814286
INT-0263,Luis Mendez,2002-08-01,Dominican Republic,2025,Complex League,Position Player,23,327,0.21186155783536853,0.09496920403886798,0.1348387842498994,0.8128128515351627,0.26663447454578554,,,26.231030556578673,44.16184201587278
INT-0264,Javier Fernandez,2006-01-22,Venezuela,2025,Dominican Summer League,Pitcher,19,370,0.2505634099858242,0.13961367789506168,,,,91.74077809404368,0.45762028835591645,,42.11602761603022
INT-0265,Esteban Dominguez 2,2006-08-09,Dominican Republic,2025,Complex League,Pitcher,19,311,0.18282336279689038,0.07574339403777545,,,,88.55085739587764,0.4916026166815044,,49.09569996892588
INT-0266,Ren Alvarez,2005-04-23,Venezuela,2022,Dominican Summer League,Position Player,17,281,0.22240082013762222,0.08506181273330016,0.08319924705251294,0.7654340028307165,0.34515183822897477,,,27.269078654467407,56.240706725150375
INT-0266,Ren Alvarez,2005-04-23,Venezuela,2023,Complex League,Position Player,18,434,0.22417722613936267,0.09752288520030171,0.11213180445186899,0.787017402152004,0.3068458130968252,,,27.24817763416369,58.63270750461868
INT-0266,REN ALVAREZ,2005-04-23,Venezuela,2024,Dominican Summer League,Position Player,19,340,0.2631772454553577,0.09363044251220488,0.08876757420051531,0.7568399941322921,0.236312248107429,,,27.15574944889873,66.99132064771896
INT-0266,Ren Alvarez,2005-04-23,VEN,2025,Complex League,Position Player,20,322,0.27681273090080516,0.071934311574143,0.10114354878113117,0.7264433485624865,0.2544073108778233,,,26.6784877079703,64.22461013121193
INT-0267,Gabriel Garcia,2003-09-06,Dominican Republic,2022,Dominican Summer League,Position Player,19,398,0.22881809627611094,0.09238792700770915,0.11755314010843718,0.7496450834766223,0.2803303671252125,,,27.132547887288087,65.51119215066896
,Gabriel Garcia,2003-09-06,D.R.,2023,Dominican Summer League,Position Player,20,583,0.2283380981143029,0.08458477669346778,0.1607653043969528,0.75316605632136,0.25578022937894235,,,26.66543235423888,55.99385716413621
INT-0267,Gabriel Garcia,2003-09-06,Dominican Republic,2024,Dominican Summer League,Position Player,21,602,0.22089140987899106,0.10078814548058389,0.14744239301523016,0.7559222635259311,0.3001120708413823,,,25.998593233553326,67.6459119079137
INT-0267,Gabriel Garcia,2003-09-06,Dominican Republic,2025,Dominican Summer League,Position Player,22,171,0.16893008669785697,0.08058587069012473,0.16356621878256034,0.719825900298516,0.23411803104465112,,,26.78583205022101,54.57614856290543
INT-0268,Seong-hyun Quintero,2006-06-03,Japan,2022,Industrial League,Position Player,16,368,0.23976886279830611,0.07888369669061429,0.08419194842207484,0.6992209998462388,0.2618471867052563,,,25.338883315732357,41.39552999722477
INT-0268,Seong-hyun Quintero,2006-06-03,Japan,2023,Industrial League,Position Player,17,184,0.28861430542520666,0.08689353718088205,0.09711900402438098,0.7407943014895112,0.30795970428313146,,,25.129431806358,47.92238414573787
,SEONG-HYUN QUINTERO,2006-06-03,JPN,2024,NPB Farm,Position Player,18,618,0.18540399385806014,0.11010463748821785,0.11937182590675083,0.7132355041099406,0.3106395695516005,,,24.4840683260211,40.22455877220143
INT-0268,Seong-hyun Quintero,2006-06-03,JPN,2025,Industrial League,Position Player,19,147,0.23014521533666502,0.09692123610086852,0.08173304352062132,0.7467096353821691,0.32097933206948487,,,25.11083331130312,40.82772909757741
INT-0269,Haruto Estrada,2004-01-23,South Korea,2022,Independent,Pitcher,18,497,0.10679528065561579,0.09043165825943246,,,,88.16965734726296,0.4908845880120712,,48.04834673457972
INT-0269,Haruto Estrada,2004-01-23,South Korea,2023,Independent,Pitcher,19,261,0.20566660638861817,0.07953228156257157,,,,88.91661715134643,0.460339954932845,,48.403918786169854
INT-0269,Haruto Estrada,2004-01-23,South Korea,2024,Independent,Pitcher,20,197,0.222603545466196,0.11102077448835818,,,,88.38823516773851,0.49157480250599705,,59.57591400307262
INT-0269,Haruto Estrada,2004-01-23,South Korea,2025,Independent,Pitcher,21,438,0.23181894454633767,0.09201097755028691,,,,89.30669614651677,0.5070460676428097,,56.180217104425076
INT-0270,  Ji-ho Lee ,2001-08-10,Japan,2022,NPB Farm,Pitcher,21,510,0.15865457970170765,0.04697215741372735,,,,89.19954667474715,0.5447059773487722,,47.96518316630379
INT-0270,Ji-ho Lee,2001-08-10,Japan,2023,NPB Farm,Pitcher,22,611,0.08733798531357911,0.0501083854166221,,,,87.98202728754559,0.5338041805993882,,49.134000327016736
INT-0270,Ji-ho Lee,2001-08-10,Japan,2024,Industrial League,Pitcher,23,209,0.15533453927994087,0.03,,,,88.00225473585081,0.5967415659428134,,47.68630202524721
INT-0270,JI-HO LEE,2001-08-10,Japan,2025,NPB Farm,Pitcher,24,262,0.21127470190123684,0.05022352287257581,,,,88.58886755980747,0.5446424668757406,,53.79803642472603
INT-0271,ESTEBAN LOPEZ,2004-11-26,Venezuela,2022,Complex League,Pitcher,18,555,0.18863746867246411,0.10408513292606855,,,,88.30952409713335,0.43079970317956146,,40.66002943495123
INT-0271,Esteban Lopez,2004-11-26,VZ,2023,Dominican Summer League,Pitcher,19,194,0.14463269030632414,0.12243272252578066,,,,88.57257428794551,0.435696151152816,,48.88946657812403
INT-0271,Esteban Lopez,2004-11-26,Venezuela,2024,Dominican Summer League,Pitcher,20,274,0.23588157804498167,0.1313201750549126,,,,88.66483315187224,0.47500491465972383,,45.487765294936594
,  ESTEBAN LOPEZ ,2004-11-26,Venezuela,2025,Complex League,Pitcher,21,351,0.17809622425725732,0.10444405763065576,,,,88.2367526008143,0.4267297613216022,,45.19264896795905
INT-0272,Santiago Han 3,2003-07-12,Venezuela,2022,Complex League,Position Player,19,97,0.2034513563075932,0.06425036604866718,0.15513919336640766,0.7011515321694998,0.2858229000945639,,,24.998405705627643,41.48713717257098
INT-0272,Santiago Han 3,2003-07-12,Venezuela,2023,Dominican Summer League,Position Player,20,225,0.2598421962442176,0.056557239480526,0.2299226483364385,0.7352563867392865,0.31905906394025635,,,25.915057291587555,40.36111330718287
INT-0272,Santiago Han 3,2003-07-12,Venezuela,2024,Complex League,Position Player,21,499,0.23293131782268847,0.07638263296749712,0.14083445579390072,0.7531782290980201,0.2658987501893988,,,24.890849233772535,50.658474769402204
INT-0272,Santiago Han 3,2003-07-12,Venezuela,2025,Complex League,Position Player,22,554,0.22039492227526566,0.06565044882747159,0.22284778212452747,0.7925209214952954,0.2571054141023096,,,24.48077862686726,44.563816248831124
INT-0273,Adrian Castillo,1999-06-23,Japan,2022,NPB Farm,Pitcher,23,477,0.13208059752885884,0.14260286225372856,,,,85.62580391553912,0.4562564111692046,,56.15332446799011
,Adrian Castillo,1999-06-23,Japan,2023,Industrial League,Pitcher,24,351,0.18306588158153222,0.11090023039364934,,,,84.75880658198507,0.39613530993277174,,65.46984336155855
INT-0273,Adrian Castillo,1999-06-23,Japan,2024,NPB Farm,Pitcher,25,440,0.21682422500338752,0.12372328648067589,,,,86.0213741019522,0.42978373438773015,,48.991560145077216
INT-0273,Adrian Castillo,1999-06-23,Japan,2025,NPB Farm,Pitcher,26,313,0.1749595169169241,0.08486319693876329,,,,87.88228993244886,0.4961770163966004,,52.70338710605386
INT-0274,Diego Sato,2003-10-05,Japan,2022,Industrial League,Position Player,19,613,0.18997180974822386,0.12234944256788123,0.132012709576786,0.7127929421564281,0.23139454548278854,,,25.703556841144277,61.29765016281395
INT-0274,Diego Sato,2003-10-05,Japan,2023,Industrial League,Position Player,20,275,0.2156297224927807,0.09295141779871151,0.10376940056913066,0.8035636466564602,0.26770246937386344,,,27.208310251532755,45.93134982330452
INT-0274,Diego Sato,2003-10-05,Japan,2024,NPB Farm,Position Player,21,251,0.22186337662133715,0.11159898795118539,0.09472286969939395,0.7510798700255918,0.2671537800325961,,,26.268101246906294,61.277373608265265
INT-0274,Diego Sato,2003-10-05,Japan,2025,NPB Farm,Position Player,22,547,0.203083149577833,0.11790442283085358,0.13437485394894863,0.8105683506295805,0.2828796058961091,,,26.025758187255388,54.05156989924875
INT-0275,Diego Garcia,2000-06-02,Mexico,2022,Mexican Pacific League,Position Player,22,157,0.246727951035866,0.08089424042412846,0.13173622004560126,0.7397561868930104,0.3100407298318802,,,24.62155874270054,34.119993476389965
INT-0275,Diego Garcia,2000-06-02,Mexico,2023,Mexican Pacific League,Position Player,23,404,0.2507160815859032,0.0773747518379227,0.17475357554143034,0.7332210012781718,0.27354761291630497,,,24.0283346806937,38.474033501603735
INT-0275,Diego Garcia,2000-06-02,Mexico,2024,Mexican Pacific League,Position Player,24,260,0.22547079952177707,0.07851490772204671,0.18215661777792563,0.8073878712494125,0.29557232600339817,,,23.5,53.606057850871146
INT-0275,Diego Garcia,2000-06-02,Mexico,2025,Mexican Pacific League,Position Player,25,197,0.16006619297577435,0.09216226148370116,0.21385118148427262,0.7370772111895716,0.24046364051369695,,,24.85591162469241,39.09289196067955
INT-0276,Isaac Kim,2000-01-04,Venezuela,2022,Dominican Summer League,Position Player,22,374,0.21838732598412286,0.08129441970246178,0.049215822225474354,0.7328978824682029,0.3380815902627124,,,26.453583487490626,48.85660046569409
INT-0276,  Isaac Kim ,2000-01-04,Venezuela,2023,Complex League,Position Player,23,513,0.23695622123604948,0.08097683504173664,0.1629137824251114,0.7639451828734655,0.3173790799989401,,,26.57775209511116,50.33596612341543
INT-0276,Isaac Kim,2000-01-04,Venezuela,2024,Complex League,Position Player,24,252,0.2570018931738634,0.09477259603920268,0.10474696641203499,0.7383616935601514,0.27468370511606477,,,25.107921011845992,48.740047819589975
INT-0276,Isaac Kim,2000-01-04,Venezuela,2025,Complex League,Position Player,25,520,0.26029159047725275,0.07542357399857645,0.10134603082235298,0.7436566534188431,0.31416508526817133,,,26.561294833642446,56.912526875680946
INT-0277,Carlos Quintero,2006-08-12,COL,2023,Complex League,Position Player,17,103,0.25010180512610497,0.05370014295299522,0.21317902157217644,0.7364953068267867,0.32234903844638757,,,26.978412389537084,55.67837084937903
,Carlos Quintero,2006-08-12,Colombia,2024,Complex League,Position Player,18,397,0.23708929130335826,0.04832529687932992,0.1589697075852425,0.6876877828024813,0.3266601362845384,,,25.838250754859484,62.8005283268098
INT-0277,Carlos Quintero,2006-08-12,Colombia,2025,Colombian Winter League,Position Player,19,276,0.3064266370380638,0.07987201360004081,0.21210979335842245,0.7069902065042281,0.3242926339722331,,,27.68304609825536,64.31407739685064
INT-0278,Ji-ho Yamamoto,2000-11-26,South Korea,2022,Independent,Position Player,22,225,0.22629675512270486,0.06830682017442104,0.12358350684406604,0.7496241920385571,0.27774724900057013,,,25.407310725372568,41.487136830189385
INT-0278,Ji-ho Yamamoto,2000-11-26,South Korea,2023,KBO Futures,Position Player,23,308,0.18378166443822938,0.10598139932706979,0.19695562708122324,0.7236763845599773,0.27202611042109814,,,23.855975127963482,51.27591592363627
INT-0278,Ji-ho Yamamoto,2000-11-26,South Korea,2024,KBO Futures,Position Player,24,247,0.2549925532087084,0.09170636371203629,0.15710524084264527,0.7403393434685878,0.280242361297133,,,24.835569935368557,35.82962820178606
INT-0278,Ji-ho Yamamoto,2000-11-26,South Korea,2025,Independent,Position Player,25,606,0.20130924164492298,0.06946729790160702,0.17282350692395207,0.799263866602542,0.2607714944597194,,,24.771072658150807,40.52228718317263
INT-0279,LUIS NAVARRO 2,2004-11-22,Venezuela,2022,Complex League,Position Player,18,300,0.214436736804971,0.11275215055669968,0.18202238765465806,0.8035738611063956,0.32265806848561307,,,26.398902104359706,42.72906883181278
INT-0279,Luis Navarro 2,2004-11-22,VZ,2023,Complex League,Position Player,19,139,0.20815101509813616,0.09176687055810552,0.15220726214407054,0.7704290953216942,0.2716846896004874,,,24.690910450492105,50.4824351222298
INT-0279,Luis Navarro 2,2004-11-22,Venezuela,2024,Complex League,Position Player,20,427,0.19120900553929412,0.10759351313322087,0.2197313201630631,0.782892939247031,0.24067597450850864,,,26.823717088485726,45.417858887255505
INT-0279,Luis Navarro 2,2004-11-22,Venezuela,2025,Dominican Summer League,Position Player,21,214,0.18144683893147692,0.12497084445654348,0.17169723992273814,0.801393619639904,0.2276877193657722,,,26.182836891721706,54.352466896443985
INT-0280,Seong-hyun Lee,2001-05-25,MEX,2022,Mexican Pacific League,Position Player,21,409,0.2534407290427369,0.06398623987925882,0.03319671946278175,0.6926890976690686,0.34110327827404463,,,26.950526461481896,62.70843091881857
INT-0280,Seong-hyun Lee,2001-05-25,Mexico,2023,Mexican Pacific League,Position Player,22,215,0.30766750328728876,0.09837965659379089,0.08489248650385282,0.7101694339189164,0.28602239619408326,,,26.911880187620728,54.17871140677646
INT-0280,Seong-hyun Lee,2001-05-25,Mexico,2024,Mexican League,Position Player,23,337,0.27395136575970047,0.08702569305080793,0.061187287455616975,0.7317307527526141,0.29866194921639055,,,26.928474738998766,63.579784961151056
INT-0280,Seong-hyun Lee,2001-05-25,Mexico,2025,Mexican Pacific League,Position Player,24,189,0.2281917826517377,0.08335999411625251,0.05564141867925941,0.6818738840893338,0.34415416835774093,,,26.054134601774233,58.011597822363534
INT-0281,RAFAEL TANAKA,2000-05-08,Japan,2022,Industrial League,Pitcher,22,485,0.17327839976584553,0.07471633122004417,,,,88.70598390750072,0.44921522615713033,,38.825256296620644
INT-0281,Rafael Tanaka,2000-05-08,Japan,2023,Industrial League,Pitcher,23,267,0.15924239414865257,0.06433507817854328,,,,87.59018686964902,0.5188484010831846,,54.33308656993127
INT-0281,Rafael Tanaka,2000-05-08,JPN,2024,Industrial League,Pitcher,24,566,0.14966483650873436,0.0700101027244689,,,,87.98751792939949,0.5139429357764281,,50.197138292572774
INT-0281,Rafael Tanaka,2000-05-08,Japan,2025,NPB Farm,Pitcher,25,510,0.23310116999563218,0.06913236576735783,,,,84.98163979412489,0.5482087342277485,,50.31722770636223
INT-0282,Isaac Ramirez 2,2006-11-01,Colombia,2022,Colombian Winter League,Pitcher,16,288,0.1364371725162913,0.11884420222172144,,,,90.31946762755516,0.46287630889968867,,46.70435900514556
INT-0282,Isaac Ramirez 2,2006-11-01,Colombia,2023,Colombian Winter League,Pitcher,17,549,0.22060314994269917,0.11152354376291104,,,,88.79538702485334,0.43895527328863093,,46.332851867257745
INT-0282,Isaac Ramirez 2,2006-11-01,COL,2024,Colombian Winter League,Pitcher,18,454,0.20985443513131574,0.12599329412023785,,,,91.49356978649627,0.4394131424968575,,51.051032200583215
INT-0282,Isaac Ramirez 2,2006-11-01,Colombia,2025,Colombian Winter League,Pitcher,19,275,0.22901073311188852,0.11986438112235037,,,,91.20399600209888,0.4438663411267322,,55.282196149258006
INT-0283,Daniel Choi,2003-03-16,Colombia,2022,Complex League,Position Player,19,535,0.2578729408626561,0.060093210079040706,0.08805904283466953,0.7212083495608859,0.29716982914091455,,,26.51983131465708,46.431248581739254
INT-0283,Daniel Choi,2003-03-16,Colombia,2023,Complex League,Position Player,20,375,0.2611065204853994,0.07972625450172777,0.1373911227696047,0.7443682282401094,0.3111566756185697,,,26.352851940558068,53.5352038246802
INT-0283,Daniel Choi,2003-03-16,Colombia,2024,Complex League,Position Player,21,509,0.25117150588022485,0.11528261080955159,0.17270718029298868,0.770310999442397,0.2815153824080599,,,27.943009808177237,55.649827847156715
INT-0283,DANIEL CHOI,2003-03-16,Colombia,2025,Colombian Winter League,Position Player,22,290,0.20711510333636604,0.10881146636661405,0.14186853142602907,0.7908425577264311,0.27104012307991854,,,27.525057690835833,47.487349732592364
,Takeshi Alvarez,2006-01-20,South Korea,2022,Independent,Position Player,16,572,0.20436990578331363,0.0753497834402291,0.10810060604325065,0.7632302454660694,0.30374241975115757,,,27.381314904538176,48.839753377182745
INT-0284,Takeshi Alvarez,2006-01-20,South Korea,2023,Independent,Position Player,17,385,0.21708028390076892,0.07296573212329534,0.12878278375559846,0.739792120683775,0.27844585145991596,,,26.261099232286206,51.32165373793475
INT-0284,Takeshi Alvarez,2006-01-20,South Korea,2024,Independent,Position Player,18,214,0.24882696546901456,0.09500721360932167,0.0980109948941965,0.703909354680813,0.26350730071803635,,,26.186760496483437,53.367723385509954
,Takeshi Alvarez,2006-01-20,South Korea,2025,KBO Futures,Position Player,19,381,0.21355551949860932,0.09700951649830468,0.17056527585815257,0.7491647709838626,0.2784288654052652,,,26.21529444997048,45.750445143653096
INT-0285,Seong-hyun Park 3,2006-07-20,Mexico,2022,Mexican Pacific League,Pitcher,16,334,0.2103260461229972,0.11269308591908464,,,,87.6850531426115,0.4698223850061173,,41.79793459398318
,Seong-hyun Park 3,2006-07-20,México,2023,Mexican League,Pitcher,17,383,0.1388462103059429,0.11726002899282262,,,,89.4537470929831,0.46352117124545544,,50.23459106040459
INT-0285,SEONG-HYUN PARK 3,2006-07-20,Mexico,2024,Mexican League,Pitcher,18,608,0.19100283947474672,0.12239000664356411,,,,88.21515050207854,0.4674969450019949,,45.5444845741628
INT-0285,Seong-hyun Park 3,2006-07-20,MEX,2025,Mexican Pacific League,Pitcher,19,346,0.17073826497892508,0.12072588933724361,,,,91.22089947423197,0.47761304110608754,,47.09373699719505
INT-0286,Andres Lee,2001-11-14,Dominican Republic,2022,Complex League,Position Player,21,206,0.2909217735561083,0.07918685971553242,0.1091635763244146,0.7207599236917022,0.2876788051389105,,,25.90945212123014,51.40607680626243
INT-0286,Andres Lee,2001-11-14,Dominican Republic,2023,Dominican Summer League,Position Player,22,618,0.23386545435060901,0.08210002733272928,0.1496760573236307,0.7499814202649363,0.2855621722533839,,,26.019931306080515,51.31453222915375
INT-0286,  Andres Lee ,2001-11-14,Dominican Republic,2024,Complex League,Position Player,23,411,0.2671805614204804,0.07930516691330693,0.14559250200213672,0.6996874266199712,0.30540012024175356,,,25.195294518784202,47.379073417527316
INT-0286,Andres Lee,2001-11-14,Dominican Republic,2025,Complex League,Position Player,24,242,0.19376188056251817,0.09018728960964031,0.11671417666293625,0.7734131288102636,0.3010320874682774,,,24.949139725205402,57.96627602921031
INT-0287,Jorge Park,2007-12-13,Mexico,2023,Mexican Pacific League,Position Player,16,193,0.2562895113564019,0.06680930551965214,0.15096910263374408,0.6801638787447735,0.3477612097994744,,,25.387706413403844,36.59883440317122
INT-0287,Jorge Park,2007-12-13,Mexico,2024,Mexican League,Position Player,17,608,0.2453195335253535,0.06239337050924104,0.15042558091733377,0.7661034746039667,0.27199179423172953,,,24.70860197210105,47.04624185783506
INT-0287,Jorge Park,2007-12-13,MEX,2025,Mexican Pacific League,Position Player,18,585,0.2268004576346882,0.07211245198683211,0.18445840813283196,0.6950914011453895,0.3350517496736907,,,26.28946830110534,41.543549685459105
INT-0288,Min-jun Garcia 2,1999-11-05,DOM,2022,Dominican Summer League,Pitcher,23,165,0.23116367362467755,0.09385953765804098,,,,91.77583405244414,0.5138518112613495,,43.87903589353471
INT-0288,Min-jun Garcia 2,1999-11-05,Dominican Republic,2023,Complex League,Pitcher,24,244,0.19244332159208066,0.051693956113072016,,,,88.17306225971392,0.4529098916236154,,45.120228654843004
INT-0288,MIN-JUN GARCIA 2,1999-11-05,DOM,2024,Complex League,Pitcher,25,471,0.19439169478217255,0.08485456160495414,,,,89.8437690833216,0.501343852365629,,43.891039674480254
INT-0288,Min-jun Garcia 2,1999-11-05,Dominican Republic,2025,Complex League,Pitcher,26,228,0.20300662866259656,0.089986850050449,,,,90.33144473795977,0.45896627949414354,,48.941131394903074
INT-0289,Takeshi Alvarez 2,2004-10-08,Dominican Rep.,2023,Dominican Summer League,Position Player,19,119,0.22310392880135668,0.07662657242183138,0.09735575421765026,0.6944381798903295,0.2793824283133616,,,26.586050782772055,45.80785238612399
INT-0289,Takeshi Alvarez 2,2004-10-08,Dominican Republic,2024,Complex League,Position Player,20,167,0.2510647434153913,0.09083732903220407,0.11491491886825453,0.7692669465655598,0.2819573571201205,,,25.858301301959422,59.90179917108291
INT-0289,Takeshi Alvarez 2,2004-10-08,Dominican Republic,2025,Complex League,Position Player,21,214,0.23821821681053576,0.09969637199812437,0.10098596960094414,0.7571283624929203,0.2851962662382874,,,25.46894318935372,48.530814518454676
INT-0290,Kaito Kim,2002-04-14,South Korea,2022,Independent,Position Player,20,445,0.27021262872067564,0.07461526064327542,0.06883466310042495,0.7219920935498404,0.28239438037356834,,,24.64866597852308,36.47865811145815
INT-0290,Kaito Kim,2002-04-14,South Korea,2023,KBO Futures,Position Player,21,223,0.2797099665207322,0.0806888612187264,0.11268259303666499,0.7208515897921727,0.27857857304642997,,,25.093637948934248,44.64154646440239
INT-0290,Kaito Kim,2002-04-14,KOR,2024,KBO Futures,Position Player,22,450,0.23909658647843104,0.07880042864545787,0.02,0.7016061186903597,0.257907633397393,,,24.76122796830111,48.489839905304486
INT-0290,Kaito Kim,2002-04-14,South Korea,2025,Independent,Position Player,23,528,0.20914990098084485,0.05477063409879465,0.07867319997844653,0.7365732930449456,0.3303450416229839,,,24.79263123147598,43.910243655676595
INT-0291,Ji-ho Park,2001-07-08,Colombia,2022,Colombian Winter League,Position Player,21,103,0.28276854754271374,0.05521152045249782,0.17511701942928806,0.7178034916729706,0.35027962967268295,,,24.324309602645496,40.517206441159615
INT-0291,Ji-ho Park,2001-07-08,Colombia,2023,Colombian Winter League,Position Player,22,539,0.3012170306713965,0.08022752829477078,0.1500439302133849,0.6869674583739775,0.3720483179908002,,,24.894569988072895,33.686074394489665
INT-0291,Ji-ho Park,2001-07-08,Colombia,2024,Colombian Winter League,Position Player,23,152,0.24421439114202714,0.08998350907345869,0.11336859804216864,0.688473644347088,0.30148114797691616,,,23.57509590461233,45.26485974693268
INT-0291,Ji-ho Park,2001-07-08,COL,2025,Complex League,Position Player,24,522,0.2422860944382106,0.07107811007013415,0.20708580653424913,0.7073481518250696,0.30127681420748903,,,24.222536001276033,42.3597926834688
INT-0292,Ji-ho Garcia 2,2007-01-26,Venezuela,2025,Complex League,Position Player,18,433,0.2506273636812059,0.11103209861251218,0.07074322305243613,0.7730772966592502,0.2766879809032475,,,24.672935763370496,47.06334736482981
INT-0293,Kenji Perez 2,2004-08-27,Mexico,2022,Mexican League,Pitcher,18,134,0.16771135232317289,0.03,,,,87.81350876798756,0.544598250752478,,54.90820631822414
INT-0293,Kenji Perez 2,2004-08-27,Mexico,2023,Mexican League,Pitcher,19,241,0.1885873262176967,0.0755434101897218,,,,85.9175317968502,0.5290745923183438,,49.030213219723045
INT-0293,Kenji Perez 2,2004-08-27,México,2024,Mexican Pacific League,Pitcher,20,364,0.1366338220601978,0.07136666684171811,,,,89.62856089376447,0.5901781846125832,,53.09298572674541
INT-0293,Kenji Perez 2,2004-08-27,Mexico,2025,Mexican League,Pitcher,21,409,0.23139970583269254,0.03371991774668676,,,,88.28484823141665,0.5542564974966179,,51.145658576008195
INT-0294,Carlos Mendez,2007-10-25,Panama,2025,Panamanian League,Position Player,18,170,0.2714202827299485,0.05960615917736152,0.16478856984033946,0.7200997956903252,0.3034648295069795,,,26.23238500983479,52.523744487573055
INT-0295,Ji-ho Torres,2007-02-11,Venezuela,2025,Complex League,Pitcher,18,414,0.22525014536992372,0.09666476406553326,,,,88.96594715318834,0.4734775196260638,,59.602391726521574
INT-0296,Santiago Herrera,2001-04-10,Mexico,2022,Mexican League,Pitcher,21,311,0.23118929817065345,0.09271593397734582,,,,90.3506335696325,0.41299327977118333,,32.9814500909479
,Santiago Herrera,2001-04-10,Mexico,2023,Mexican Pacific League,Pitcher,22,107,0.22242428795931277,0.12305103114201599,,,,93.03130918886052,0.5121117089027635,,37.95760949534123
INT-0296,SANTIAGO HERRERA,2001-04-10,Mexico,2024,Mexican Pacific League,Pitcher,23,552,0.2551333577416897,0.09657014163072287,,,,92.02547469815549,0.49920651747912165,,35.95618464910025
INT-0296,Santiago Herrera,2001-04-10,MEX,2025,Mexican League,Pitcher,24,454,0.243990576831777,0.10878060043464267,,,,92.00805436933419,0.4561335952335364,,42.15101258982021
INT-0297,  Diego Dominguez ,2004-07-08,Cuba,2022,Independent,Position Player,18,154,0.27347525643383375,0.08954601166069813,0.09130645003146372,0.7438471566502005,0.320322278018047,,,25.37495333811571,56.20063019697537
INT-0297,  Diego Dominguez ,2004-07-08,Cuba,2023,Cuban National Series,Position Player,19,230,0.2136010379181058,0.12172356736824498,0.11805896711773933,0.7265502483242828,0.24988860040091992,,,26.254833078563408,53.08229249250498
,Diego Dominguez,2004-07-08,Cuba,2024,Cuban National Series,Position Player,20,355,0.23045709296881892,0.11737163758966507,0.12792345170534153,0.7622282004071712,0.28178216701081876,,,26.303144929856135,45.00492344359086
INT-0297,Diego Dominguez,2004-07-08,Cuba,2025,Cuban National Series,Position Player,21,100,0.17784297863879064,0.10445874867586882,0.136160927939987,0.7760226242799906,0.26424990790424757,,,26.46448521874286,56.78221509539237
INT-0298,Mateo Yamamoto 2,2006-03-08,Venezuela,2025,Dominican Summer League,Position Player,19,337,0.17774065390618965,0.09085544597915109,0.17762760218442833,0.7479810669136878,0.2805405191642523,,,27.137083838290653,65.70659682731534
INT-0299,Esteban Lopez 2,2004-05-04,Venezuela,2023,Dominican Summer League,Pitcher,19,522,0.2208738740909119,0.10777986489133409,,,,86.0735847581883,0.5053424703621537,,61.65157843682244
INT-0299,Esteban Lopez 2,2004-05-04,Venezuela,2024,Dominican Summer League,Pitcher,20,212,0.19084192824911508,0.07677687221591802,,,,90.80317601007738,0.47022618779906317,,50.32923313509901
INT-0299,Esteban Lopez 2,2004-05-04,Venezuela,2025,Complex League,Pitcher,21,230,0.19957733179645915,0.0881241870618535,,,,88.68151073289076,0.49854125282571193,,48.4410439750332
INT-0300,Rafael Nakamura,2007-05-04,COL,2024,Complex League,Position Player,17,512,0.22861273603326462,0.09119599125222844,0.0750119593494474,0.7119134118466334,0.28762262100027713,,,25.99484842293407,61.4943515681603
INT-0300,Rafael Nakamura,2007-05-04,Colombia,2025,Complex League,Position Player,18,166,0.2301007750709799,0.08904239852807544,0.06768392759441266,0.6929202615647789,0.2759700432156087,,,26.80102332850525,52.99518552909527
INT-0301,Marco Mendez,2001-12-07,Cuba,2022,Cuban National Series,Position Player,21,526,0.21141451533870326,0.07953600304653645,0.17342320780546255,0.7353063119250727,0.3151810270755871,,,25.107936053556312,59.694577671855
INT-0301,Marco Mendez,2001-12-07,Cuba,2023,Independent,Position Player,22,243,0.2999651020214894,0.07621828136439013,0.08835358486428889,0.7346301409702746,0.2740369358248135,,,26.57200028166952,46.092904121884466
INT-0301,Marco Mendez,2001-12-07,Cuba,2024,Independent,Position Player,23,437,0.22317834992809613,0.07625489327819795,0.11939416395031843,0.719787775651592,0.3336002507121617,,,25.650863729362662,40.33353348562257
INT-0301,Marco Mendez,2001-12-07,Cuba,2025,Cuban National Series,Position Player,24,346,0.2055731414645707,0.09668515885890198,0.13035022550101583,0.75939460972493,0.27702364818137143,,,25.85305583822527,55.521296306371056
INT-0302,Esteban Herrera 2,2002-08-11,Dominican Republic,2022,Dominican Summer League,Pitcher,20,348,0.18665421854367942,0.11762690480895395,,,,85.29588564032888,0.4508687934149915,,67.61397980012255
INT-0302,Esteban Herrera 2,2002-08-11,Dominican Rep.,2023,Complex League,Pitcher,21,345,0.18466089975424108,0.11263293634762289,,,,87.87691859931309,0.4729083217006909,,66.38114729043492
INT-0302,Esteban Herrera 2,2002-08-11,D.R.,2024,Complex League,Pitcher,22,614,0.13159470060252934,0.09630497602590672,,,,86.43184323873818,0.46899422387814016,,53.42563204833718
INT-0302,ESTEBAN HERRERA 2,2002-08-11,Dominican Republic,2025,Complex League,Pitcher,23,196,0.18210910366201236,0.08100182155506694,,,,85.78810150178747,0.488554489109278,,60.30581936299871
INT-0303,  Gabriel Rojas ,2005-06-04,Mexico,2024,Mexican League,Pitcher,19,182,0.20878914897182568,0.10837049327376812,,,,91.12710986000356,0.4520168338910982,,47.17789796104116
INT-0303,Gabriel Rojas,2005-06-04,Mexico,2025,Mexican Pacific League,Pitcher,20,319,0.1912941092300977,0.09910441774376295,,,,91.69310757425855,0.4515630164709561,,56.69940400629063
INT-0304,Emilio Dominguez,2005-05-13,Panama,2023,Panamanian League,Position Player,18,455,0.23210915453239406,0.08980822026180112,0.09178332420763016,0.7507282110755289,0.29878501471394847,,,23.730469699324434,31.29959487435238
INT-0304,Emilio Dominguez,2005-05-13,Panamá,2024,Panamanian League,Position Player,19,511,0.2456466697034962,0.08018550801415013,0.03620693786950167,0.7675536993791187,0.314586721153264,,,24.56127669797238,36.613606462435435
INT-0304,Emilio Dominguez,2005-05-13,Panama,2025,Complex League,Position Player,20,592,0.1691351615812084,0.08833058005589875,0.1390372302552524,0.7993950531535023,0.2785133097726069,,,23.5,31.20609535490501
INT-0305,Carlos Park 2,2005-10-08,Dominican Republic,2022,Complex League,Pitcher,17,268,0.2063849039289653,0.08407585704123799,,,,87.42219708166037,0.4635573557211604,,57.271776258250384
INT-0305,Carlos Park 2,2005-10-08,Dominican Republic,2023,Dominican Summer League,Pitcher,18,281,0.2536704318070417,0.1114155298821896,,,,90.0297560053816,0.5056609627900146,,67.54327960534685
INT-0305,CARLOS PARK 2,2005-10-08,Dominican Republic,2024,Dominican Summer League,Pitcher,19,205,0.19973316919840461,0.07797849221790293,,,,88.23375848004403,0.5084116245216993,,66.91914441845502
INT-0305,Carlos Park 2,2005-10-08,Dominican Republic,2025,Dominican Summer League,Pitcher,20,97,0.25693102416460667,0.07595396191111577,,,,91.15593471495096,0.5428084899918414,,78.11529791938631
INT-0306,Min-jun Martinez,2007-06-19,Dominican Republic,2025,Complex League,Pitcher,18,267,0.19052325255472458,0.12655822691961954,,,,89.15304086442605,0.38781253689008016,,44.55450845212472
INT-0307,Hector Garcia 3,1999-07-24,Dominican Republic,2022,Dominican Summer League,Pitcher,23,154,0.15429055231670258,0.090173801009253,,,,86.20337847053014,0.4749585303793153,,48.67394847529597
INT-0307,Hector Garcia 3,1999-07-24,Dominican Republic,2023,Complex League,Pitcher,24,589,0.1774935283439498,0.12124753349450113,,,,85.04589414544371,0.4747177297420424,,45.738689967257066
INT-0307,HECTOR GARCIA 3,1999-07-24,Dominican Republic,2024,Dominican Summer League,Pitcher,25,80,0.11231433352080884,0.10884058667908787,,,,88.32511918096552,0.4831833208983917,,39.90998265781371
INT-0307,HECTOR GARCIA 3,1999-07-24,Dominican Republic,2025,Dominican Summer League,Pitcher,26,423,0.18270332168574274,0.08052902103700166,,,,89.00771959063066,0.5188010219460563,,46.31658449465619
INT-0308,Daichi Vargas 2,1999-09-01,Dominican Republic,2022,Complex League,Pitcher,23,298,0.1270167371597944,0.13427588849311756,,,,88.07934821734979,0.3893948642659974,,61.53170778946799
INT-0308,Daichi Vargas 2,1999-09-01,Dominican Republic,2023,Dominican Summer League,Pitcher,24,387,0.17831872922209938,0.14766282782819368,,,,87.73041895731703,0.42098427233843966,,70.97564575802522
INT-0308,Daichi Vargas 2,1999-09-01,Dominican Republic,2024,Complex League,Pitcher,25,416,0.24404045636470278,0.12323727032439709,,,,87.87767187699168,0.4269197152807402,,59.19776385836526
INT-0308,Daichi Vargas 2,1999-09-01,Dominican Republic,2025,Dominican Summer League,Pitcher,26,458,0.20507725771503352,0.10426230600640778,,,,87.77003159233428,0.43939422613312973,,67.77359387986263
INT-0309,Isaac Ortega 2,2004-02-22,Dominican Republic,2022,Dominican Summer League,Position Player,18,462,0.2097927537504519,0.1002578645686489,0.1568962916451745,0.7250931476171335,0.26844638348062516,,,25.03290167999671,36.54122446289494
INT-0309,Isaac Ortega 2,2004-02-22,Dominican Republic,2023,Complex League,Position Player,19,340,0.20091983718603829,0.0838796853826373,0.19532939608107874,0.7345824905586423,0.2773679721259013,,,24.79598476679114,40.877533723732874
INT-0309,Isaac Ortega 2,2004-02-22,Dominican Republic,2024,Dominican Summer League,Position Player,20,212,0.18858609989046016,0.07296157455644067,0.13739496364235687,0.7628412755268134,0.2774611655289341,,,25.854016727374184,49.12386917983039
INT-0309,Isaac Ortega 2,2004-02-22,Dominican Republic,2025,Dominican Summer League,Position Player,21,617,0.16565989073164253,0.07490886855589668,0.12057335044980247,0.8129813569492136,0.27171452087653475,,,24.986434083277523,41.76902629987552
INT-0310,Andres Herrera,2003-01-03,Mexico,2022,Mexican Pacific League,Position Player,19,139,0.252541558849406,0.0803077150838322,0.06752002155190465,0.7163673245437963,0.25854679923699025,,,26.089694774912935,43.054806134082334
INT-0310,Andres Herrera,2003-01-03,Mexico,2023,Mexican League,Position Player,20,510,0.22082732553680434,0.10011204646430369,0.08836670973233078,0.7591095433894517,0.32895918323978074,,,25.675099551559992,49.34583933402117
INT-0310,Andres Herrera,2003-01-03,Mexico,2024,Mexican League,Position Player,21,563,0.20143343755590523,0.07109665225975484,0.16544842568526036,0.7239978647684622,0.30174458532880316,,,25.768349016780622,50.44830879479043
,ANDRES HERRERA,2003-01-03,Mexico,2025,Mexican League,Position Player,22,231,0.2637562895064829,0.07998816505553419,0.09402893846850124,0.7486534548475413,0.30957943706316515,,,24.089560429000827,52.14880014318901
INT-0311,Rafael Kim,2002-09-12,Cuba,2022,Independent,Position Player,20,192,0.23861761858761393,0.06765007464628511,0.15980832138193624,0.7181220078479101,0.32533058055264047,,,25.897284357818265,42.09616144507412
,Rafael Kim,2002-09-12,Cuba,2023,Cuban National Series,Position Player,21,174,0.2617380230203831,0.07154034212235312,0.2061660599992629,0.675726806544248,0.29263849600799124,,,26.699276014102974,58.572219343885365
INT-0311,Rafael Kim,2002-09-12,Cuba,2024,Cuban National Series,Position Player,22,410,0.2531472057130139,0.09133867832554146,0.18816310677593545,0.7377356912015646,0.28172228754210543,,,25.684208435217226,47.24812753772861
INT-0311,Rafael Kim,2002-09-12,Cuba,2025,Cuban National Series,Position Player,23,190,0.2537133533671484,0.0829082781279378,0.17077913254680702,0.7073019347594333,0.32176824590213793,,,25.83201291157366,48.13302455308315
INT-0312,MIN-JUN LEE,2004-09-03,Panama,2023,Complex League,Pitcher,19,291,0.19381796423206038,0.117259869001877,,,,89.49652345676355,0.4934434331803751,,47.96364683163422
INT-0312,Min-jun Lee,2004-09-03,PAN,2024,Panamanian League,Pitcher,20,489,0.23418785947209866,0.08348658306475797,,,,88.62906071554131,0.4466419215567408,,44.25487607942051
INT-0312,Min-jun Lee,2004-09-03,Panama,2025,Complex League,Pitcher,21,406,0.216782323915679,0.08580192369491957,,,,88.64796661851958,0.47033765522219817,,37.809417673273046
INT-0313,Marco Nakamura,2004-03-13,South Korea,2022,KBO Futures,Position Player,18,563,0.22692392656808366,0.0642827362170797,0.02,0.7029076601982842,0.3007816691252253,,,27.12014769219583,67.26019591384954
,Marco Nakamura,2004-03-13,South Korea,2023,KBO Futures,Position Player,19,570,0.2512991352200445,0.09477315170709497,0.1196190899696981,0.709913065846353,0.31354287723495394,,,26.5692889865963,60.323454617251414
,MARCO NAKAMURA,2004-03-13,South Korea,2024,Independent,Position Player,20,426,0.21043444362120192,0.09034447093785794,0.11462436505764864,0.7200911342097499,0.24902359477324912,,,27.72139765417712,73.90992989166372
INT-0313,Marco Nakamura,2004-03-13,KOR,2025,Independent,Position Player,21,240,0.20540958458279532,0.08037787462950359,0.1649607067970295,0.7869018030281462,0.2548240708815807,,,27.217242445260297,62.163573268029324
INT-0314,RAFAEL GARCIA,2005-06-05,Dominican Republic,2024,Dominican Summer League,Position Player,19,254,0.253224744238444,0.05936478663763783,0.12091259060615786,0.698217054965676,0.34259441413405306,,,25.765800914239307,51.42932481973895
INT-0314,Rafael Garcia,2005-06-05,Dominican Republic,2025,Complex League,Position Player,20,388,0.2595012246917791,0.07244076713880299,0.11365136664204196,0.6944803207097615,0.3702906301330046,,,26.439711277251398,50.36934897619975
INT-0315,Marco Martinez,2006-01-12,DOM,2025,Complex League,Pitcher,19,264,0.1586335922225889,0.06486097721468148,,,,90.2693473168976,0.4705807121303501,,54.981224237586396
INT-0316,HARUTO PARK,2003-09-17,South Korea,2022,Independent,Position Player,19,299,0.3050638480498673,0.054873005427246976,0.15335561086644364,0.6973244362609979,0.31297923102655695,,,25.84516412225641,45.549566446374214
INT-0316,Haruto Park,2003-09-17,KOR,2023,Independent,Position Player,20,524,0.27106364821072937,0.07580263017211347,0.12391689922997634,0.6559580337397058,0.32539956254318525,,,25.606294780837732,38.81066942619916
INT-0316,Haruto Park,2003-09-17,South Korea,2024,KBO Futures,Position Player,21,438,0.3474859268586703,0.06507116191059967,0.1477115893145188,0.6816246406462267,0.33288467967265684,,,25.067304341165073,35.056228871113355
,Haruto Park,2003-09-17,South Korea,2025,Independent,Position Player,22,449,0.24795113693819873,0.0942339462554987,0.10169615493490952,0.66977863433155,0.3234582402060642,,,24.442607771113487,40.77361211777127
INT-0317,Ren Quintero 2,2007-05-17,Panama,2025,Complex League,Pitcher,18,263,0.1873655103171613,0.09358704635390497,,,,86.7647580706253,0.5200588478232998,,47.536434674079885
INT-0318,Marco Kim,2000-01-08,Venezuela,2022,Complex League,Pitcher,22,182,0.15902780388481047,0.08676118283189826,,,,84.59229080533875,0.5071988576928667,,54.781864332282375
INT-0318,Marco Kim,2000-01-08,Venezuela,2023,Complex League,Pitcher,23,345,0.16646704120348946,0.07328988438458267,,,,86.57050735914999,0.5030949969983028,,51.87200052936883
INT-0318,Marco Kim,2000-01-08,Venezuela,2024,Complex League,Pitcher,24,134,0.17500925914227422,0.08008091764396785,,,,89.67916273700955,0.498242938608365,,63.715577359698244
INT-0318,Marco Kim,2000-01-08,Venezuela,2025,Complex League,Pitcher,25,542,0.18144885212679165,0.0791765382796489,,,,85.60325852947808,0.5008284365841562,,60.335807390006885
INT-0319,SANTIAGO QUINTERO 2,2006-02-24,Korea,2024,KBO Futures,Position Player,18,313,0.2124865518051958,0.07075153893824784,0.14477994997025503,0.7530214501043602,0.3013372099228787,,,25.956329063912616,51.96633822998277
INT-0319,Santiago Quintero 2,2006-02-24,South Korea,2025,Independent,Position Player,19,464,0.21224436263410087,0.11669319333590197,0.0935566799761581,0.7595950592858125,0.2539785149465934,,,25.86305257402223,54.080797895140186
INT-0320,Takeshi Kim,2004-01-15,Mexico,2022,Mexican Pacific League,Position Player,18,306,0.2442150182532189,0.07284770239631509,0.10409190899011368,0.7238229931949618,0.32653546852763127,,,24.936032601980017,39.64521071793047
INT-0320,Takeshi Kim,2004-01-15,Mexico,2023,Mexican League,Position Player,19,107,0.1910326765618059,0.0948568868042602,0.07041559898412718,0.7533090124688361,0.2505262697161737,,,24.577194704790827,45.01017942527593
INT-0320,Takeshi Kim,2004-01-15,Mexico,2024,Mexican Pacific League,Position Player,20,210,0.23905640924882304,0.08384406089014312,0.061246652421474264,0.7393302426618454,0.29025938339733476,,,24.920912551639063,35.289802807464426
INT-0320,Takeshi Kim,2004-01-15,Mexico,2025,Mexican League,Position Player,21,372,0.2578053081594176,0.07917712413144028,0.11651568537007134,0.7226538161734979,0.3198252198328963,,,24.919499297034108,35.83526685928273
INT-0007,Seong-hyun Benitez,2002-08-04,DOM,2022,Complex League,Pitcher,20,152,0.1803468430692415,0.07240999915947209,,,,89.99527922682782,0.44152435853957667,,50.276953189262535
